stress_test_id,claim_id,run_group,protocol_variant_id,candidate_id,openml_dataset_id,dataset_name,target_name,target_class_0,target_class_1,positive_class_assumption,outer_random_state,outer_split_number,outer_repeat_number,outer_fold_number,outer_cv_n_splits,outer_cv_n_repeats,inner_cv_n_splits,inner_random_state,model_id,model_role,selected_parameter_set_id,selected_params_json,inner_best_average_precision,inner_candidate_count,feature_policy_id,feature_count,feature_names,n_train,n_test,train_positive_share,test_positive_share,roc_auc,average_precision,pr_auc,f1,balanced_accuracy,log_loss,brier_score,fit_seconds,predict_seconds,row_status,interpretation_allowed_ru
ST05_02_seed_stability_grid,miniboone_hgb_vs_logreg_average_precision_v01,nested_seed_stability_v01,nested_5x2_seed_grid_v01,openml_miniboone_41150,41150,MiniBooNE,signal,False,True,True,20260507,1,1,1,5,2,3,20260507,hist_gradient_boosting,tuned_candidate,hgb_b5168b128e78,"{""l2_regularization"": 0.0, ""learning_rate"": 0.1, ""max_iter"": 150, ""max_leaf_nodes"": 63}",0.9590593369250454,16,numeric_particleid_0_49_locked,50,ParticleID_0; ParticleID_1; ParticleID_2; ParticleID_3; ParticleID_4; ParticleID_5; ParticleID_6; ParticleID_7; ParticleID_8; ParticleID_9; ParticleID_10; ParticleID_11; ParticleID_12; ParticleID_13; ParticleID_14; ParticleID_15; ParticleID_16; ParticleID_17; ParticleID_18; ParticleID_19; ParticleID_20; ParticleID_21; ParticleID_22; ParticleID_23; ParticleID_24; ParticleID_25; ParticleID_26; ParticleID_27; ParticleID_28; ParticleID_29; ParticleID_30; ParticleID_31; ParticleID_32; ParticleID_33; ParticleID_34; ParticleID_35; ParticleID_36; ParticleID_37; ParticleID_38; ParticleID_39; ParticleID_40; ParticleID_41; ParticleID_42; ParticleID_43; ParticleID_44; ParticleID_45; ParticleID_46; ParticleID_47; ParticleID_48; ParticleID_49,104051,26013,0.28062200267176673,0.2806289163110752,0.9839710361780579,0.9563547384495451,0.9563547384495451,0.8973698481561823,0.9310989100683797,0.144375040164541,0.04255211916900973,342.415664,1.17394,stage05_seed_stability_draft,Разрешен только аудит устойчивости к зернам случайности; строка не является самостоятельным итоговым выводом.
ST05_02_seed_stability_grid,miniboone_hgb_vs_logreg_average_precision_v01,nested_seed_stability_v01,nested_5x2_seed_grid_v01,openml_miniboone_41150,41150,MiniBooNE,signal,False,True,True,20260507,1,1,1,5,2,,,dummy_prior,control,not_applicable_control_model,,,,numeric_particleid_0_49_locked,50,ParticleID_0; ParticleID_1; ParticleID_2; ParticleID_3; ParticleID_4; ParticleID_5; ParticleID_6; ParticleID_7; ParticleID_8; ParticleID_9; ParticleID_10; ParticleID_11; ParticleID_12; ParticleID_13; ParticleID_14; ParticleID_15; ParticleID_16; ParticleID_17; ParticleID_18; ParticleID_19; ParticleID_20; ParticleID_21; ParticleID_22; ParticleID_23; ParticleID_24; ParticleID_25; ParticleID_26; ParticleID_27; ParticleID_28; ParticleID_29; ParticleID_30; ParticleID_31; ParticleID_32; ParticleID_33; ParticleID_34; ParticleID_35; ParticleID_36; ParticleID_37; ParticleID_38; ParticleID_39; ParticleID_40; ParticleID_41; ParticleID_42; ParticleID_43; ParticleID_44; ParticleID_45; ParticleID_46; ParticleID_47; ParticleID_48; ParticleID_49,104051,26013,0.28062200267176673,0.2806289163110752,0.5,0.2806289163110752,0.2806289163110752,0.0,0.5,0.5935463243336803,0.20187632768894515,0.004432,0.028258,stage05_seed_stability_draft,Разрешен только аудит устойчивости к зернам случайности; строка не является самостоятельным итоговым выводом.
ST05_02_seed_stability_grid,miniboone_hgb_vs_logreg_average_precision_v01,nested_seed_stability_v01,nested_5x2_seed_grid_v01,openml_miniboone_41150,41150,MiniBooNE,signal,False,True,True,20260507,1,1,1,5,2,,,logistic_regression,control,not_applicable_control_model,,,,numeric_particleid_0_49_locked,50,ParticleID_0; ParticleID_1; ParticleID_2; ParticleID_3; ParticleID_4; ParticleID_5; ParticleID_6; ParticleID_7; ParticleID_8; ParticleID_9; ParticleID_10; ParticleID_11; ParticleID_12; ParticleID_13; ParticleID_14; ParticleID_15; ParticleID_16; ParticleID_17; ParticleID_18; ParticleID_19; ParticleID_20; ParticleID_21; ParticleID_22; ParticleID_23; ParticleID_24; ParticleID_25; ParticleID_26; ParticleID_27; ParticleID_28; ParticleID_29; ParticleID_30; ParticleID_31; ParticleID_32; ParticleID_33; ParticleID_34; ParticleID_35; ParticleID_36; ParticleID_37; ParticleID_38; ParticleID_39; ParticleID_40; ParticleID_41; ParticleID_42; ParticleID_43; ParticleID_44; ParticleID_45; ParticleID_46; ParticleID_47; ParticleID_48; ParticleID_49,104051,26013,0.28062200267176673,0.2806289163110752,0.9367205458954988,0.8620857752893892,0.8620857752893892,0.7747297197911304,0.83323244993408,0.2901352130712198,0.08738047217054912,3.646686,0.072315,stage05_seed_stability_draft,Разрешен только аудит устойчивости к зернам случайности; строка не является самостоятельным итоговым выводом.
ST05_02_seed_stability_grid,miniboone_hgb_vs_logreg_average_precision_v01,nested_seed_stability_v01,nested_5x2_seed_grid_v01,openml_miniboone_41150,41150,MiniBooNE,signal,False,True,True,20260507,2,1,2,5,2,3,20260508,hist_gradient_boosting,tuned_candidate,hgb_b5168b128e78,"{""l2_regularization"": 0.0, ""learning_rate"": 0.1, ""max_iter"": 150, ""max_leaf_nodes"": 63}",0.9577070041517844,16,numeric_particleid_0_49_locked,50,ParticleID_0; ParticleID_1; ParticleID_2; ParticleID_3; ParticleID_4; ParticleID_5; ParticleID_6; ParticleID_7; ParticleID_8; ParticleID_9; ParticleID_10; ParticleID_11; ParticleID_12; ParticleID_13; ParticleID_14; ParticleID_15; ParticleID_16; ParticleID_17; ParticleID_18; ParticleID_19; ParticleID_20; ParticleID_21; ParticleID_22; ParticleID_23; ParticleID_24; ParticleID_25; ParticleID_26; ParticleID_27; ParticleID_28; ParticleID_29; ParticleID_30; ParticleID_31; ParticleID_32; ParticleID_33; ParticleID_34; ParticleID_35; ParticleID_36; ParticleID_37; ParticleID_38; ParticleID_39; ParticleID_40; ParticleID_41; ParticleID_42; ParticleID_43; ParticleID_44; ParticleID_45; ParticleID_46; ParticleID_47; ParticleID_48; ParticleID_49,104051,26013,0.28062200267176673,0.2806289163110752,0.9850871198617326,0.9597174820751314,0.9597174820751314,0.9022352061960731,0.9339801134512744,0.13920291125388748,0.04096069144866867,271.613599,0.792404,stage05_seed_stability_draft,Разрешен только аудит устойчивости к зернам случайности; строка не является самостоятельным итоговым выводом.
ST05_02_seed_stability_grid,miniboone_hgb_vs_logreg_average_precision_v01,nested_seed_stability_v01,nested_5x2_seed_grid_v01,openml_miniboone_41150,41150,MiniBooNE,signal,False,True,True,20260507,2,1,2,5,2,,,dummy_prior,control,not_applicable_control_model,,,,numeric_particleid_0_49_locked,50,ParticleID_0; ParticleID_1; ParticleID_2; ParticleID_3; ParticleID_4; ParticleID_5; ParticleID_6; ParticleID_7; ParticleID_8; ParticleID_9; ParticleID_10; ParticleID_11; ParticleID_12; ParticleID_13; ParticleID_14; ParticleID_15; ParticleID_16; ParticleID_17; ParticleID_18; ParticleID_19; ParticleID_20; ParticleID_21; ParticleID_22; ParticleID_23; ParticleID_24; ParticleID_25; ParticleID_26; ParticleID_27; ParticleID_28; ParticleID_29; ParticleID_30; ParticleID_31; ParticleID_32; ParticleID_33; ParticleID_34; ParticleID_35; ParticleID_36; ParticleID_37; ParticleID_38; ParticleID_39; ParticleID_40; ParticleID_41; ParticleID_42; ParticleID_43; ParticleID_44; ParticleID_45; ParticleID_46; ParticleID_47; ParticleID_48; ParticleID_49,104051,26013,0.28062200267176673,0.2806289163110752,0.5,0.2806289163110752,0.2806289163110752,0.0,0.5,0.5935463243336803,0.20187632768894515,0.004911,0.029291,stage05_seed_stability_draft,Разрешен только аудит устойчивости к зернам случайности; строка не является самостоятельным итоговым выводом.
ST05_02_seed_stability_grid,miniboone_hgb_vs_logreg_average_precision_v01,nested_seed_stability_v01,nested_5x2_seed_grid_v01,openml_miniboone_41150,41150,MiniBooNE,signal,False,True,True,20260507,2,1,2,5,2,,,logistic_regression,control,not_applicable_control_model,,,,numeric_particleid_0_49_locked,50,ParticleID_0; ParticleID_1; ParticleID_2; ParticleID_3; ParticleID_4; ParticleID_5; ParticleID_6; ParticleID_7; ParticleID_8; ParticleID_9; ParticleID_10; ParticleID_11; ParticleID_12; ParticleID_13; ParticleID_14; ParticleID_15; ParticleID_16; ParticleID_17; ParticleID_18; ParticleID_19; ParticleID_20; ParticleID_21; ParticleID_22; ParticleID_23; ParticleID_24; ParticleID_25; ParticleID_26; ParticleID_27; ParticleID_28; ParticleID_29; ParticleID_30; ParticleID_31; ParticleID_32; ParticleID_33; ParticleID_34; ParticleID_35; ParticleID_36; ParticleID_37; ParticleID_38; ParticleID_39; ParticleID_40; ParticleID_41; ParticleID_42; ParticleID_43; ParticleID_44; ParticleID_45; ParticleID_46; ParticleID_47; ParticleID_48; ParticleID_49,104051,26013,0.28062200267176673,0.2806289163110752,0.9404138541150426,0.8685211206996868,0.8685211206996868,0.7730533165717666,0.831401183266486,0.2844798572199091,0.08509890260428134,2.968687,0.069371,stage05_seed_stability_draft,Разрешен только аудит устойчивости к зернам случайности; строка не является самостоятельным итоговым выводом.
ST05_02_seed_stability_grid,miniboone_hgb_vs_logreg_average_precision_v01,nested_seed_stability_v01,nested_5x2_seed_grid_v01,openml_miniboone_41150,41150,MiniBooNE,signal,False,True,True,20260507,3,1,3,5,2,3,20260509,hist_gradient_boosting,tuned_candidate,hgb_b5168b128e78,"{""l2_regularization"": 0.0, ""learning_rate"": 0.1, ""max_iter"": 150, ""max_leaf_nodes"": 63}",0.9567867755088201,16,numeric_particleid_0_49_locked,50,ParticleID_0; ParticleID_1; ParticleID_2; ParticleID_3; ParticleID_4; ParticleID_5; ParticleID_6; ParticleID_7; ParticleID_8; ParticleID_9; ParticleID_10; ParticleID_11; ParticleID_12; ParticleID_13; ParticleID_14; ParticleID_15; ParticleID_16; ParticleID_17; ParticleID_18; ParticleID_19; ParticleID_20; ParticleID_21; ParticleID_22; ParticleID_23; ParticleID_24; ParticleID_25; ParticleID_26; ParticleID_27; ParticleID_28; ParticleID_29; ParticleID_30; ParticleID_31; ParticleID_32; ParticleID_33; ParticleID_34; ParticleID_35; ParticleID_36; ParticleID_37; ParticleID_38; ParticleID_39; ParticleID_40; ParticleID_41; ParticleID_42; ParticleID_43; ParticleID_44; ParticleID_45; ParticleID_46; ParticleID_47; ParticleID_48; ParticleID_49,104051,26013,0.28062200267176673,0.2806289163110752,0.9859230964628648,0.9624413381406594,0.9624413381406594,0.9044507962433647,0.9351241609927609,0.1362336065700937,0.04023392273752418,238.757185,0.858192,stage05_seed_stability_draft,Разрешен только аудит устойчивости к зернам случайности; строка не является самостоятельным итоговым выводом.
ST05_02_seed_stability_grid,miniboone_hgb_vs_logreg_average_precision_v01,nested_seed_stability_v01,nested_5x2_seed_grid_v01,openml_miniboone_41150,41150,MiniBooNE,signal,False,True,True,20260507,3,1,3,5,2,,,dummy_prior,control,not_applicable_control_model,,,,numeric_particleid_0_49_locked,50,ParticleID_0; ParticleID_1; ParticleID_2; ParticleID_3; ParticleID_4; ParticleID_5; ParticleID_6; ParticleID_7; ParticleID_8; ParticleID_9; ParticleID_10; ParticleID_11; ParticleID_12; ParticleID_13; ParticleID_14; ParticleID_15; ParticleID_16; ParticleID_17; ParticleID_18; ParticleID_19; ParticleID_20; ParticleID_21; ParticleID_22; ParticleID_23; ParticleID_24; ParticleID_25; ParticleID_26; ParticleID_27; ParticleID_28; ParticleID_29; ParticleID_30; ParticleID_31; ParticleID_32; ParticleID_33; ParticleID_34; ParticleID_35; ParticleID_36; ParticleID_37; ParticleID_38; ParticleID_39; ParticleID_40; ParticleID_41; ParticleID_42; ParticleID_43; ParticleID_44; ParticleID_45; ParticleID_46; ParticleID_47; ParticleID_48; ParticleID_49,104051,26013,0.28062200267176673,0.2806289163110752,0.5,0.2806289163110752,0.2806289163110752,0.0,0.5,0.5935463243336803,0.20187632768894515,0.005122,0.028881,stage05_seed_stability_draft,Разрешен только аудит устойчивости к зернам случайности; строка не является самостоятельным итоговым выводом.
ST05_02_seed_stability_grid,miniboone_hgb_vs_logreg_average_precision_v01,nested_seed_stability_v01,nested_5x2_seed_grid_v01,openml_miniboone_41150,41150,MiniBooNE,signal,False,True,True,20260507,3,1,3,5,2,,,logistic_regression,control,not_applicable_control_model,,,,numeric_particleid_0_49_locked,50,ParticleID_0; ParticleID_1; ParticleID_2; ParticleID_3; ParticleID_4; ParticleID_5; ParticleID_6; ParticleID_7; ParticleID_8; ParticleID_9; ParticleID_10; ParticleID_11; ParticleID_12; ParticleID_13; ParticleID_14; ParticleID_15; ParticleID_16; ParticleID_17; ParticleID_18; ParticleID_19; ParticleID_20; ParticleID_21; ParticleID_22; ParticleID_23; ParticleID_24; ParticleID_25; ParticleID_26; ParticleID_27; ParticleID_28; ParticleID_29; ParticleID_30; ParticleID_31; ParticleID_32; ParticleID_33; ParticleID_34; ParticleID_35; ParticleID_36; ParticleID_37; ParticleID_38; ParticleID_39; ParticleID_40; ParticleID_41; ParticleID_42; ParticleID_43; ParticleID_44; ParticleID_45; ParticleID_46; ParticleID_47; ParticleID_48; ParticleID_49,104051,26013,0.28062200267176673,0.2806289163110752,0.940193433764089,0.8721832351578441,0.8721832351578441,0.782049386366997,0.8372242027921399,0.2819206600907325,0.08469135714634504,3.76654,0.076229,stage05_seed_stability_draft,Разрешен только аудит устойчивости к зернам случайности; строка не является самостоятельным итоговым выводом.
ST05_02_seed_stability_grid,miniboone_hgb_vs_logreg_average_precision_v01,nested_seed_stability_v01,nested_5x2_seed_grid_v01,openml_miniboone_41150,41150,MiniBooNE,signal,False,True,True,20260507,4,1,4,5,2,3,20260510,hist_gradient_boosting,tuned_candidate,hgb_8316cb7622a5,"{""l2_regularization"": 0.01, ""learning_rate"": 0.1, ""max_iter"": 150, ""max_leaf_nodes"": 63}",0.9582029903633534,16,numeric_particleid_0_49_locked,50,ParticleID_0; ParticleID_1; ParticleID_2; ParticleID_3; ParticleID_4; ParticleID_5; ParticleID_6; ParticleID_7; ParticleID_8; ParticleID_9; ParticleID_10; ParticleID_11; ParticleID_12; ParticleID_13; ParticleID_14; ParticleID_15; ParticleID_16; ParticleID_17; ParticleID_18; ParticleID_19; ParticleID_20; ParticleID_21; ParticleID_22; ParticleID_23; ParticleID_24; ParticleID_25; ParticleID_26; ParticleID_27; ParticleID_28; ParticleID_29; ParticleID_30; ParticleID_31; ParticleID_32; ParticleID_33; ParticleID_34; ParticleID_35; ParticleID_36; ParticleID_37; ParticleID_38; ParticleID_39; ParticleID_40; ParticleID_41; ParticleID_42; ParticleID_43; ParticleID_44; ParticleID_45; ParticleID_46; ParticleID_47; ParticleID_48; ParticleID_49,104051,26013,0.28062200267176673,0.2806289163110752,0.9847674351359285,0.956542612463578,0.956542612463578,0.9026946107784432,0.9339281716834462,0.140061122345669,0.04105673809025265,234.962067,0.772627,stage05_seed_stability_draft,Разрешен только аудит устойчивости к зернам случайности; строка не является самостоятельным итоговым выводом.
ST05_02_seed_stability_grid,miniboone_hgb_vs_logreg_average_precision_v01,nested_seed_stability_v01,nested_5x2_seed_grid_v01,openml_miniboone_41150,41150,MiniBooNE,signal,False,True,True,20260507,4,1,4,5,2,,,dummy_prior,control,not_applicable_control_model,,,,numeric_particleid_0_49_locked,50,ParticleID_0; ParticleID_1; ParticleID_2; ParticleID_3; ParticleID_4; ParticleID_5; ParticleID_6; ParticleID_7; ParticleID_8; ParticleID_9; ParticleID_10; ParticleID_11; ParticleID_12; ParticleID_13; ParticleID_14; ParticleID_15; ParticleID_16; ParticleID_17; ParticleID_18; ParticleID_19; ParticleID_20; ParticleID_21; ParticleID_22; ParticleID_23; ParticleID_24; ParticleID_25; ParticleID_26; ParticleID_27; ParticleID_28; ParticleID_29; ParticleID_30; ParticleID_31; ParticleID_32; ParticleID_33; ParticleID_34; ParticleID_35; ParticleID_36; ParticleID_37; ParticleID_38; ParticleID_39; ParticleID_40; ParticleID_41; ParticleID_42; ParticleID_43; ParticleID_44; ParticleID_45; ParticleID_46; ParticleID_47; ParticleID_48; ParticleID_49,104051,26013,0.28062200267176673,0.2806289163110752,0.5,0.2806289163110752,0.2806289163110752,0.0,0.5,0.5935463243336803,0.20187632768894515,0.00482,0.028473,stage05_seed_stability_draft,Разрешен только аудит устойчивости к зернам случайности; строка не является самостоятельным итоговым выводом.
ST05_02_seed_stability_grid,miniboone_hgb_vs_logreg_average_precision_v01,nested_seed_stability_v01,nested_5x2_seed_grid_v01,openml_miniboone_41150,41150,MiniBooNE,signal,False,True,True,20260507,4,1,4,5,2,,,logistic_regression,control,not_applicable_control_model,,,,numeric_particleid_0_49_locked,50,ParticleID_0; ParticleID_1; ParticleID_2; ParticleID_3; ParticleID_4; ParticleID_5; ParticleID_6; ParticleID_7; ParticleID_8; ParticleID_9; ParticleID_10; ParticleID_11; ParticleID_12; ParticleID_13; ParticleID_14; ParticleID_15; ParticleID_16; ParticleID_17; ParticleID_18; ParticleID_19; ParticleID_20; ParticleID_21; ParticleID_22; ParticleID_23; ParticleID_24; ParticleID_25; ParticleID_26; ParticleID_27; ParticleID_28; ParticleID_29; ParticleID_30; ParticleID_31; ParticleID_32; ParticleID_33; ParticleID_34; ParticleID_35; ParticleID_36; ParticleID_37; ParticleID_38; ParticleID_39; ParticleID_40; ParticleID_41; ParticleID_42; ParticleID_43; ParticleID_44; ParticleID_45; ParticleID_46; ParticleID_47; ParticleID_48; ParticleID_49,104051,26013,0.28062200267176673,0.2806289163110752,0.9385118396192229,0.8644995041355736,0.8644995041355736,0.7775891341256367,0.8345684195808496,0.28748366251445584,0.0856346430662752,3.515643,0.070781,stage05_seed_stability_draft,Разрешен только аудит устойчивости к зернам случайности; строка не является самостоятельным итоговым выводом.
ST05_02_seed_stability_grid,miniboone_hgb_vs_logreg_average_precision_v01,nested_seed_stability_v01,nested_5x2_seed_grid_v01,openml_miniboone_41150,41150,MiniBooNE,signal,False,True,True,20260507,5,1,5,5,2,3,20260511,hist_gradient_boosting,tuned_candidate,hgb_b5168b128e78,"{""l2_regularization"": 0.0, ""learning_rate"": 0.1, ""max_iter"": 150, ""max_leaf_nodes"": 63}",0.9578368215014046,16,numeric_particleid_0_49_locked,50,ParticleID_0; ParticleID_1; ParticleID_2; ParticleID_3; ParticleID_4; ParticleID_5; ParticleID_6; ParticleID_7; ParticleID_8; ParticleID_9; ParticleID_10; ParticleID_11; ParticleID_12; ParticleID_13; ParticleID_14; ParticleID_15; ParticleID_16; ParticleID_17; ParticleID_18; ParticleID_19; ParticleID_20; ParticleID_21; ParticleID_22; ParticleID_23; ParticleID_24; ParticleID_25; ParticleID_26; ParticleID_27; ParticleID_28; ParticleID_29; ParticleID_30; ParticleID_31; ParticleID_32; ParticleID_33; ParticleID_34; ParticleID_35; ParticleID_36; ParticleID_37; ParticleID_38; ParticleID_39; ParticleID_40; ParticleID_41; ParticleID_42; ParticleID_43; ParticleID_44; ParticleID_45; ParticleID_46; ParticleID_47; ParticleID_48; ParticleID_49,104052,26012,0.2806289163110752,0.28060126095648164,0.9855476088515451,0.9613344844208966,0.9613344844208966,0.9033750680457268,0.9344398053955485,0.13701541144631177,0.0403792838154631,239.233932,0.783821,stage05_seed_stability_draft,Разрешен только аудит устойчивости к зернам случайности; строка не является самостоятельным итоговым выводом.
ST05_02_seed_stability_grid,miniboone_hgb_vs_logreg_average_precision_v01,nested_seed_stability_v01,nested_5x2_seed_grid_v01,openml_miniboone_41150,41150,MiniBooNE,signal,False,True,True,20260507,5,1,5,5,2,,,dummy_prior,control,not_applicable_control_model,,,,numeric_particleid_0_49_locked,50,ParticleID_0; ParticleID_1; ParticleID_2; ParticleID_3; ParticleID_4; ParticleID_5; ParticleID_6; ParticleID_7; ParticleID_8; ParticleID_9; ParticleID_10; ParticleID_11; ParticleID_12; ParticleID_13; ParticleID_14; ParticleID_15; ParticleID_16; ParticleID_17; ParticleID_18; ParticleID_19; ParticleID_20; ParticleID_21; ParticleID_22; ParticleID_23; ParticleID_24; ParticleID_25; ParticleID_26; ParticleID_27; ParticleID_28; ParticleID_29; ParticleID_30; ParticleID_31; ParticleID_32; ParticleID_33; ParticleID_34; ParticleID_35; ParticleID_36; ParticleID_37; ParticleID_38; ParticleID_39; ParticleID_40; ParticleID_41; ParticleID_42; ParticleID_43; ParticleID_44; ParticleID_45; ParticleID_46; ParticleID_47; ParticleID_48; ParticleID_49,104052,26012,0.2806289163110752,0.28060126095648164,0.5,0.28060126095648164,0.28060126095648164,0.0,0.5,0.5935202910098233,0.2018641940709328,0.004354,0.02725,stage05_seed_stability_draft,Разрешен только аудит устойчивости к зернам случайности; строка не является самостоятельным итоговым выводом.
ST05_02_seed_stability_grid,miniboone_hgb_vs_logreg_average_precision_v01,nested_seed_stability_v01,nested_5x2_seed_grid_v01,openml_miniboone_41150,41150,MiniBooNE,signal,False,True,True,20260507,5,1,5,5,2,,,logistic_regression,control,not_applicable_control_model,,,,numeric_particleid_0_49_locked,50,ParticleID_0; ParticleID_1; ParticleID_2; ParticleID_3; ParticleID_4; ParticleID_5; ParticleID_6; ParticleID_7; ParticleID_8; ParticleID_9; ParticleID_10; ParticleID_11; ParticleID_12; ParticleID_13; ParticleID_14; ParticleID_15; ParticleID_16; ParticleID_17; ParticleID_18; ParticleID_19; ParticleID_20; ParticleID_21; ParticleID_22; ParticleID_23; ParticleID_24; ParticleID_25; ParticleID_26; ParticleID_27; ParticleID_28; ParticleID_29; ParticleID_30; ParticleID_31; ParticleID_32; ParticleID_33; ParticleID_34; ParticleID_35; ParticleID_36; ParticleID_37; ParticleID_38; ParticleID_39; ParticleID_40; ParticleID_41; ParticleID_42; ParticleID_43; ParticleID_44; ParticleID_45; ParticleID_46; ParticleID_47; ParticleID_48; ParticleID_49,104052,26012,0.2806289163110752,0.28060126095648164,0.9413248647171036,0.8705854825266734,0.8705854825266734,0.7788383277839438,0.8350652580996349,0.2813661095851,0.0843246752412563,3.080534,0.066123,stage05_seed_stability_draft,Разрешен только аудит устойчивости к зернам случайности; строка не является самостоятельным итоговым выводом.
ST05_02_seed_stability_grid,miniboone_hgb_vs_logreg_average_precision_v01,nested_seed_stability_v01,nested_5x2_seed_grid_v01,openml_miniboone_41150,41150,MiniBooNE,signal,False,True,True,20260507,6,2,1,5,2,3,20260512,hist_gradient_boosting,tuned_candidate,hgb_b5168b128e78,"{""l2_regularization"": 0.0, ""learning_rate"": 0.1, ""max_iter"": 150, ""max_leaf_nodes"": 63}",0.9585991325869728,16,numeric_particleid_0_49_locked,50,ParticleID_0; ParticleID_1; ParticleID_2; ParticleID_3; ParticleID_4; ParticleID_5; ParticleID_6; ParticleID_7; ParticleID_8; ParticleID_9; ParticleID_10; ParticleID_11; ParticleID_12; ParticleID_13; ParticleID_14; ParticleID_15; ParticleID_16; ParticleID_17; ParticleID_18; ParticleID_19; ParticleID_20; ParticleID_21; ParticleID_22; ParticleID_23; ParticleID_24; ParticleID_25; ParticleID_26; ParticleID_27; ParticleID_28; ParticleID_29; ParticleID_30; ParticleID_31; ParticleID_32; ParticleID_33; ParticleID_34; ParticleID_35; ParticleID_36; ParticleID_37; ParticleID_38; ParticleID_39; ParticleID_40; ParticleID_41; ParticleID_42; ParticleID_43; ParticleID_44; ParticleID_45; ParticleID_46; ParticleID_47; ParticleID_48; ParticleID_49,104051,26013,0.28062200267176673,0.2806289163110752,0.9844830566107072,0.9562867440776319,0.9562867440776319,0.9002571389903912,0.9335462197915302,0.1423424500422028,0.04212588104993698,234.775601,0.757908,stage05_seed_stability_draft,Разрешен только аудит устойчивости к зернам случайности; строка не является самостоятельным итоговым выводом.
ST05_02_seed_stability_grid,miniboone_hgb_vs_logreg_average_precision_v01,nested_seed_stability_v01,nested_5x2_seed_grid_v01,openml_miniboone_41150,41150,MiniBooNE,signal,False,True,True,20260507,6,2,1,5,2,,,dummy_prior,control,not_applicable_control_model,,,,numeric_particleid_0_49_locked,50,ParticleID_0; ParticleID_1; ParticleID_2; ParticleID_3; ParticleID_4; ParticleID_5; ParticleID_6; ParticleID_7; ParticleID_8; ParticleID_9; ParticleID_10; ParticleID_11; ParticleID_12; ParticleID_13; ParticleID_14; ParticleID_15; ParticleID_16; ParticleID_17; ParticleID_18; ParticleID_19; ParticleID_20; ParticleID_21; ParticleID_22; ParticleID_23; ParticleID_24; ParticleID_25; ParticleID_26; ParticleID_27; ParticleID_28; ParticleID_29; ParticleID_30; ParticleID_31; ParticleID_32; ParticleID_33; ParticleID_34; ParticleID_35; ParticleID_36; ParticleID_37; ParticleID_38; ParticleID_39; ParticleID_40; ParticleID_41; ParticleID_42; ParticleID_43; ParticleID_44; ParticleID_45; ParticleID_46; ParticleID_47; ParticleID_48; ParticleID_49,104051,26013,0.28062200267176673,0.2806289163110752,0.5,0.2806289163110752,0.2806289163110752,0.0,0.5,0.5935463243336803,0.20187632768894515,0.005651,0.029007,stage05_seed_stability_draft,Разрешен только аудит устойчивости к зернам случайности; строка не является самостоятельным итоговым выводом.
ST05_02_seed_stability_grid,miniboone_hgb_vs_logreg_average_precision_v01,nested_seed_stability_v01,nested_5x2_seed_grid_v01,openml_miniboone_41150,41150,MiniBooNE,signal,False,True,True,20260507,6,2,1,5,2,,,logistic_regression,control,not_applicable_control_model,,,,numeric_particleid_0_49_locked,50,ParticleID_0; ParticleID_1; ParticleID_2; ParticleID_3; ParticleID_4; ParticleID_5; ParticleID_6; ParticleID_7; ParticleID_8; ParticleID_9; ParticleID_10; ParticleID_11; ParticleID_12; ParticleID_13; ParticleID_14; ParticleID_15; ParticleID_16; ParticleID_17; ParticleID_18; ParticleID_19; ParticleID_20; ParticleID_21; ParticleID_22; ParticleID_23; ParticleID_24; ParticleID_25; ParticleID_26; ParticleID_27; ParticleID_28; ParticleID_29; ParticleID_30; ParticleID_31; ParticleID_32; ParticleID_33; ParticleID_34; ParticleID_35; ParticleID_36; ParticleID_37; ParticleID_38; ParticleID_39; ParticleID_40; ParticleID_41; ParticleID_42; ParticleID_43; ParticleID_44; ParticleID_45; ParticleID_46; ParticleID_47; ParticleID_48; ParticleID_49,104051,26013,0.28062200267176673,0.2806289163110752,0.9395634307407712,0.8659562904749585,0.8659562904749585,0.7767105068715827,0.8338684337091862,0.2861423117671665,0.08548220378930768,2.594385,0.070672,stage05_seed_stability_draft,Разрешен только аудит устойчивости к зернам случайности; строка не является самостоятельным итоговым выводом.
ST05_02_seed_stability_grid,miniboone_hgb_vs_logreg_average_precision_v01,nested_seed_stability_v01,nested_5x2_seed_grid_v01,openml_miniboone_41150,41150,MiniBooNE,signal,False,True,True,20260507,7,2,2,5,2,3,20260513,hist_gradient_boosting,tuned_candidate,hgb_b5168b128e78,"{""l2_regularization"": 0.0, ""learning_rate"": 0.1, ""max_iter"": 150, ""max_leaf_nodes"": 63}",0.9571744178919541,16,numeric_particleid_0_49_locked,50,ParticleID_0; ParticleID_1; ParticleID_2; ParticleID_3; ParticleID_4; ParticleID_5; ParticleID_6; ParticleID_7; ParticleID_8; ParticleID_9; ParticleID_10; ParticleID_11; ParticleID_12; ParticleID_13; ParticleID_14; ParticleID_15; ParticleID_16; ParticleID_17; ParticleID_18; ParticleID_19; ParticleID_20; ParticleID_21; ParticleID_22; ParticleID_23; ParticleID_24; ParticleID_25; ParticleID_26; ParticleID_27; ParticleID_28; ParticleID_29; ParticleID_30; ParticleID_31; ParticleID_32; ParticleID_33; ParticleID_34; ParticleID_35; ParticleID_36; ParticleID_37; ParticleID_38; ParticleID_39; ParticleID_40; ParticleID_41; ParticleID_42; ParticleID_43; ParticleID_44; ParticleID_45; ParticleID_46; ParticleID_47; ParticleID_48; ParticleID_49,104051,26013,0.28062200267176673,0.2806289163110752,0.986156528792159,0.9622275549317987,0.9622275549317987,0.9059128772361055,0.9353593538738362,0.13448348968818796,0.03941867526881666,240.668113,0.776044,stage05_seed_stability_draft,Разрешен только аудит устойчивости к зернам случайности; строка не является самостоятельным итоговым выводом.
ST05_02_seed_stability_grid,miniboone_hgb_vs_logreg_average_precision_v01,nested_seed_stability_v01,nested_5x2_seed_grid_v01,openml_miniboone_41150,41150,MiniBooNE,signal,False,True,True,20260507,7,2,2,5,2,,,dummy_prior,control,not_applicable_control_model,,,,numeric_particleid_0_49_locked,50,ParticleID_0; ParticleID_1; ParticleID_2; ParticleID_3; ParticleID_4; ParticleID_5; ParticleID_6; ParticleID_7; ParticleID_8; ParticleID_9; ParticleID_10; ParticleID_11; ParticleID_12; ParticleID_13; ParticleID_14; ParticleID_15; ParticleID_16; ParticleID_17; ParticleID_18; ParticleID_19; ParticleID_20; ParticleID_21; ParticleID_22; ParticleID_23; ParticleID_24; ParticleID_25; ParticleID_26; ParticleID_27; ParticleID_28; ParticleID_29; ParticleID_30; ParticleID_31; ParticleID_32; ParticleID_33; ParticleID_34; ParticleID_35; ParticleID_36; ParticleID_37; ParticleID_38; ParticleID_39; ParticleID_40; ParticleID_41; ParticleID_42; ParticleID_43; ParticleID_44; ParticleID_45; ParticleID_46; ParticleID_47; ParticleID_48; ParticleID_49,104051,26013,0.28062200267176673,0.2806289163110752,0.5,0.2806289163110752,0.2806289163110752,0.0,0.5,0.5935463243336803,0.20187632768894515,0.005596,0.02717,stage05_seed_stability_draft,Разрешен только аудит устойчивости к зернам случайности; строка не является самостоятельным итоговым выводом.
ST05_02_seed_stability_grid,miniboone_hgb_vs_logreg_average_precision_v01,nested_seed_stability_v01,nested_5x2_seed_grid_v01,openml_miniboone_41150,41150,MiniBooNE,signal,False,True,True,20260507,7,2,2,5,2,,,logistic_regression,control,not_applicable_control_model,,,,numeric_particleid_0_49_locked,50,ParticleID_0; ParticleID_1; ParticleID_2; ParticleID_3; ParticleID_4; ParticleID_5; ParticleID_6; ParticleID_7; ParticleID_8; ParticleID_9; ParticleID_10; ParticleID_11; ParticleID_12; ParticleID_13; ParticleID_14; ParticleID_15; ParticleID_16; ParticleID_17; ParticleID_18; ParticleID_19; ParticleID_20; ParticleID_21; ParticleID_22; ParticleID_23; ParticleID_24; ParticleID_25; ParticleID_26; ParticleID_27; ParticleID_28; ParticleID_29; ParticleID_30; ParticleID_31; ParticleID_32; ParticleID_33; ParticleID_34; ParticleID_35; ParticleID_36; ParticleID_37; ParticleID_38; ParticleID_39; ParticleID_40; ParticleID_41; ParticleID_42; ParticleID_43; ParticleID_44; ParticleID_45; ParticleID_46; ParticleID_47; ParticleID_48; ParticleID_49,104051,26013,0.28062200267176673,0.2806289163110752,0.9391845607295198,0.8699969875463552,0.8699969875463552,0.7728048689972538,0.8307376894972288,0.28443423394591166,0.08574501218504729,3.010904,0.071286,stage05_seed_stability_draft,Разрешен только аудит устойчивости к зернам случайности; строка не является самостоятельным итоговым выводом.
ST05_02_seed_stability_grid,miniboone_hgb_vs_logreg_average_precision_v01,nested_seed_stability_v01,nested_5x2_seed_grid_v01,openml_miniboone_41150,41150,MiniBooNE,signal,False,True,True,20260507,8,2,3,5,2,3,20260514,hist_gradient_boosting,tuned_candidate,hgb_8316cb7622a5,"{""l2_regularization"": 0.01, ""learning_rate"": 0.1, ""max_iter"": 150, ""max_leaf_nodes"": 63}",0.9579796726203931,16,numeric_particleid_0_49_locked,50,ParticleID_0; ParticleID_1; ParticleID_2; ParticleID_3; ParticleID_4; ParticleID_5; ParticleID_6; ParticleID_7; ParticleID_8; ParticleID_9; ParticleID_10; ParticleID_11; ParticleID_12; ParticleID_13; ParticleID_14; ParticleID_15; ParticleID_16; ParticleID_17; ParticleID_18; ParticleID_19; ParticleID_20; ParticleID_21; ParticleID_22; ParticleID_23; ParticleID_24; ParticleID_25; ParticleID_26; ParticleID_27; ParticleID_28; ParticleID_29; ParticleID_30; ParticleID_31; ParticleID_32; ParticleID_33; ParticleID_34; ParticleID_35; ParticleID_36; ParticleID_37; ParticleID_38; ParticleID_39; ParticleID_40; ParticleID_41; ParticleID_42; ParticleID_43; ParticleID_44; ParticleID_45; ParticleID_46; ParticleID_47; ParticleID_48; ParticleID_49,104051,26013,0.28062200267176673,0.2806289163110752,0.9843252914060915,0.9582885569073729,0.9582885569073729,0.9009988448732758,0.933081426800942,0.14228213347278792,0.041852541629018414,236.370975,0.800267,stage05_seed_stability_draft,Разрешен только аудит устойчивости к зернам случайности; строка не является самостоятельным итоговым выводом.
ST05_02_seed_stability_grid,miniboone_hgb_vs_logreg_average_precision_v01,nested_seed_stability_v01,nested_5x2_seed_grid_v01,openml_miniboone_41150,41150,MiniBooNE,signal,False,True,True,20260507,8,2,3,5,2,,,dummy_prior,control,not_applicable_control_model,,,,numeric_particleid_0_49_locked,50,ParticleID_0; ParticleID_1; ParticleID_2; ParticleID_3; ParticleID_4; ParticleID_5; ParticleID_6; ParticleID_7; ParticleID_8; ParticleID_9; ParticleID_10; ParticleID_11; ParticleID_12; ParticleID_13; ParticleID_14; ParticleID_15; ParticleID_16; ParticleID_17; ParticleID_18; ParticleID_19; ParticleID_20; ParticleID_21; ParticleID_22; ParticleID_23; ParticleID_24; ParticleID_25; ParticleID_26; ParticleID_27; ParticleID_28; ParticleID_29; ParticleID_30; ParticleID_31; ParticleID_32; ParticleID_33; ParticleID_34; ParticleID_35; ParticleID_36; ParticleID_37; ParticleID_38; ParticleID_39; ParticleID_40; ParticleID_41; ParticleID_42; ParticleID_43; ParticleID_44; ParticleID_45; ParticleID_46; ParticleID_47; ParticleID_48; ParticleID_49,104051,26013,0.28062200267176673,0.2806289163110752,0.5,0.2806289163110752,0.2806289163110752,0.0,0.5,0.5935463243336803,0.20187632768894515,0.004037,0.027265,stage05_seed_stability_draft,Разрешен только аудит устойчивости к зернам случайности; строка не является самостоятельным итоговым выводом.
ST05_02_seed_stability_grid,miniboone_hgb_vs_logreg_average_precision_v01,nested_seed_stability_v01,nested_5x2_seed_grid_v01,openml_miniboone_41150,41150,MiniBooNE,signal,False,True,True,20260507,8,2,3,5,2,,,logistic_regression,control,not_applicable_control_model,,,,numeric_particleid_0_49_locked,50,ParticleID_0; ParticleID_1; ParticleID_2; ParticleID_3; ParticleID_4; ParticleID_5; ParticleID_6; ParticleID_7; ParticleID_8; ParticleID_9; ParticleID_10; ParticleID_11; ParticleID_12; ParticleID_13; ParticleID_14; ParticleID_15; ParticleID_16; ParticleID_17; ParticleID_18; ParticleID_19; ParticleID_20; ParticleID_21; ParticleID_22; ParticleID_23; ParticleID_24; ParticleID_25; ParticleID_26; ParticleID_27; ParticleID_28; ParticleID_29; ParticleID_30; ParticleID_31; ParticleID_32; ParticleID_33; ParticleID_34; ParticleID_35; ParticleID_36; ParticleID_37; ParticleID_38; ParticleID_39; ParticleID_40; ParticleID_41; ParticleID_42; ParticleID_43; ParticleID_44; ParticleID_45; ParticleID_46; ParticleID_47; ParticleID_48; ParticleID_49,104051,26013,0.28062200267176673,0.2806289163110752,0.9401417006271371,0.8666065451558531,0.8666065451558531,0.7785116688683399,0.8359804516529056,0.2843081460825992,0.08540419333219232,4.321512,0.068654,stage05_seed_stability_draft,Разрешен только аудит устойчивости к зернам случайности; строка не является самостоятельным итоговым выводом.
ST05_02_seed_stability_grid,miniboone_hgb_vs_logreg_average_precision_v01,nested_seed_stability_v01,nested_5x2_seed_grid_v01,openml_miniboone_41150,41150,MiniBooNE,signal,False,True,True,20260507,9,2,4,5,2,3,20260515,hist_gradient_boosting,tuned_candidate,hgb_b5168b128e78,"{""l2_regularization"": 0.0, ""learning_rate"": 0.1, ""max_iter"": 150, ""max_leaf_nodes"": 63}",0.9581022083180626,16,numeric_particleid_0_49_locked,50,ParticleID_0; ParticleID_1; ParticleID_2; ParticleID_3; ParticleID_4; ParticleID_5; ParticleID_6; ParticleID_7; ParticleID_8; ParticleID_9; ParticleID_10; ParticleID_11; ParticleID_12; ParticleID_13; ParticleID_14; ParticleID_15; ParticleID_16; ParticleID_17; ParticleID_18; ParticleID_19; ParticleID_20; ParticleID_21; ParticleID_22; ParticleID_23; ParticleID_24; ParticleID_25; ParticleID_26; ParticleID_27; ParticleID_28; ParticleID_29; ParticleID_30; ParticleID_31; ParticleID_32; ParticleID_33; ParticleID_34; ParticleID_35; ParticleID_36; ParticleID_37; ParticleID_38; ParticleID_39; ParticleID_40; ParticleID_41; ParticleID_42; ParticleID_43; ParticleID_44; ParticleID_45; ParticleID_46; ParticleID_47; ParticleID_48; ParticleID_49,104051,26013,0.28062200267176673,0.2806289163110752,0.9849066687944577,0.9592208295698623,0.9592208295698623,0.89936167323102,0.9320792519155608,0.1407860288683658,0.041695429918924956,233.678391,0.756769,stage05_seed_stability_draft,Разрешен только аудит устойчивости к зернам случайности; строка не является самостоятельным итоговым выводом.
ST05_02_seed_stability_grid,miniboone_hgb_vs_logreg_average_precision_v01,nested_seed_stability_v01,nested_5x2_seed_grid_v01,openml_miniboone_41150,41150,MiniBooNE,signal,False,True,True,20260507,9,2,4,5,2,,,dummy_prior,control,not_applicable_control_model,,,,numeric_particleid_0_49_locked,50,ParticleID_0; ParticleID_1; ParticleID_2; ParticleID_3; ParticleID_4; ParticleID_5; ParticleID_6; ParticleID_7; ParticleID_8; ParticleID_9; ParticleID_10; ParticleID_11; ParticleID_12; ParticleID_13; ParticleID_14; ParticleID_15; ParticleID_16; ParticleID_17; ParticleID_18; ParticleID_19; ParticleID_20; ParticleID_21; ParticleID_22; ParticleID_23; ParticleID_24; ParticleID_25; ParticleID_26; ParticleID_27; ParticleID_28; ParticleID_29; ParticleID_30; ParticleID_31; ParticleID_32; ParticleID_33; ParticleID_34; ParticleID_35; ParticleID_36; ParticleID_37; ParticleID_38; ParticleID_39; ParticleID_40; ParticleID_41; ParticleID_42; ParticleID_43; ParticleID_44; ParticleID_45; ParticleID_46; ParticleID_47; ParticleID_48; ParticleID_49,104051,26013,0.28062200267176673,0.2806289163110752,0.5,0.2806289163110752,0.2806289163110752,0.0,0.5,0.5935463243336803,0.20187632768894515,0.004055,0.026428,stage05_seed_stability_draft,Разрешен только аудит устойчивости к зернам случайности; строка не является самостоятельным итоговым выводом.
ST05_02_seed_stability_grid,miniboone_hgb_vs_logreg_average_precision_v01,nested_seed_stability_v01,nested_5x2_seed_grid_v01,openml_miniboone_41150,41150,MiniBooNE,signal,False,True,True,20260507,9,2,4,5,2,,,logistic_regression,control,not_applicable_control_model,,,,numeric_particleid_0_49_locked,50,ParticleID_0; ParticleID_1; ParticleID_2; ParticleID_3; ParticleID_4; ParticleID_5; ParticleID_6; ParticleID_7; ParticleID_8; ParticleID_9; ParticleID_10; ParticleID_11; ParticleID_12; ParticleID_13; ParticleID_14; ParticleID_15; ParticleID_16; ParticleID_17; ParticleID_18; ParticleID_19; ParticleID_20; ParticleID_21; ParticleID_22; ParticleID_23; ParticleID_24; ParticleID_25; ParticleID_26; ParticleID_27; ParticleID_28; ParticleID_29; ParticleID_30; ParticleID_31; ParticleID_32; ParticleID_33; ParticleID_34; ParticleID_35; ParticleID_36; ParticleID_37; ParticleID_38; ParticleID_39; ParticleID_40; ParticleID_41; ParticleID_42; ParticleID_43; ParticleID_44; ParticleID_45; ParticleID_46; ParticleID_47; ParticleID_48; ParticleID_49,104051,26013,0.28062200267176673,0.2806289163110752,0.9378505675857892,0.8670399213481755,0.8670399213481755,0.7762711864406779,0.8339538735433356,0.2872122041450293,0.08573196423790935,3.897402,0.074046,stage05_seed_stability_draft,Разрешен только аудит устойчивости к зернам случайности; строка не является самостоятельным итоговым выводом.
ST05_02_seed_stability_grid,miniboone_hgb_vs_logreg_average_precision_v01,nested_seed_stability_v01,nested_5x2_seed_grid_v01,openml_miniboone_41150,41150,MiniBooNE,signal,False,True,True,20260507,10,2,5,5,2,3,20260516,hist_gradient_boosting,tuned_candidate,hgb_8316cb7622a5,"{""l2_regularization"": 0.01, ""learning_rate"": 0.1, ""max_iter"": 150, ""max_leaf_nodes"": 63}",0.9573738645324076,16,numeric_particleid_0_49_locked,50,ParticleID_0; ParticleID_1; ParticleID_2; ParticleID_3; ParticleID_4; ParticleID_5; ParticleID_6; ParticleID_7; ParticleID_8; ParticleID_9; ParticleID_10; ParticleID_11; ParticleID_12; ParticleID_13; ParticleID_14; ParticleID_15; ParticleID_16; ParticleID_17; ParticleID_18; ParticleID_19; ParticleID_20; ParticleID_21; ParticleID_22; ParticleID_23; ParticleID_24; ParticleID_25; ParticleID_26; ParticleID_27; ParticleID_28; ParticleID_29; ParticleID_30; ParticleID_31; ParticleID_32; ParticleID_33; ParticleID_34; ParticleID_35; ParticleID_36; ParticleID_37; ParticleID_38; ParticleID_39; ParticleID_40; ParticleID_41; ParticleID_42; ParticleID_43; ParticleID_44; ParticleID_45; ParticleID_46; ParticleID_47; ParticleID_48; ParticleID_49,104052,26012,0.2806289163110752,0.28060126095648164,0.9852772081557559,0.9606830455778904,0.9606830455778904,0.9038618438944792,0.9349761700280863,0.1386268666012782,0.040743879563388256,233.784763,0.733079,stage05_seed_stability_draft,Разрешен только аудит устойчивости к зернам случайности; строка не является самостоятельным итоговым выводом.
ST05_02_seed_stability_grid,miniboone_hgb_vs_logreg_average_precision_v01,nested_seed_stability_v01,nested_5x2_seed_grid_v01,openml_miniboone_41150,41150,MiniBooNE,signal,False,True,True,20260507,10,2,5,5,2,,,dummy_prior,control,not_applicable_control_model,,,,numeric_particleid_0_49_locked,50,ParticleID_0; ParticleID_1; ParticleID_2; ParticleID_3; ParticleID_4; ParticleID_5; ParticleID_6; ParticleID_7; ParticleID_8; ParticleID_9; ParticleID_10; ParticleID_11; ParticleID_12; ParticleID_13; ParticleID_14; ParticleID_15; ParticleID_16; ParticleID_17; ParticleID_18; ParticleID_19; ParticleID_20; ParticleID_21; ParticleID_22; ParticleID_23; ParticleID_24; ParticleID_25; ParticleID_26; ParticleID_27; ParticleID_28; ParticleID_29; ParticleID_30; ParticleID_31; ParticleID_32; ParticleID_33; ParticleID_34; ParticleID_35; ParticleID_36; ParticleID_37; ParticleID_38; ParticleID_39; ParticleID_40; ParticleID_41; ParticleID_42; ParticleID_43; ParticleID_44; ParticleID_45; ParticleID_46; ParticleID_47; ParticleID_48; ParticleID_49,104052,26012,0.2806289163110752,0.28060126095648164,0.5,0.28060126095648164,0.28060126095648164,0.0,0.5,0.5935202910098233,0.2018641940709328,0.004874,0.029195,stage05_seed_stability_draft,Разрешен только аудит устойчивости к зернам случайности; строка не является самостоятельным итоговым выводом.
ST05_02_seed_stability_grid,miniboone_hgb_vs_logreg_average_precision_v01,nested_seed_stability_v01,nested_5x2_seed_grid_v01,openml_miniboone_41150,41150,MiniBooNE,signal,False,True,True,20260507,10,2,5,5,2,,,logistic_regression,control,not_applicable_control_model,,,,numeric_particleid_0_49_locked,50,ParticleID_0; ParticleID_1; ParticleID_2; ParticleID_3; ParticleID_4; ParticleID_5; ParticleID_6; ParticleID_7; ParticleID_8; ParticleID_9; ParticleID_10; ParticleID_11; ParticleID_12; ParticleID_13; ParticleID_14; ParticleID_15; ParticleID_16; ParticleID_17; ParticleID_18; ParticleID_19; ParticleID_20; ParticleID_21; ParticleID_22; ParticleID_23; ParticleID_24; ParticleID_25; ParticleID_26; ParticleID_27; ParticleID_28; ParticleID_29; ParticleID_30; ParticleID_31; ParticleID_32; ParticleID_33; ParticleID_34; ParticleID_35; ParticleID_36; ParticleID_37; ParticleID_38; ParticleID_39; ParticleID_40; ParticleID_41; ParticleID_42; ParticleID_43; ParticleID_44; ParticleID_45; ParticleID_46; ParticleID_47; ParticleID_48; ParticleID_49,104052,26012,0.2806289163110752,0.28060126095648164,0.9388749903385178,0.8666083976406225,0.8666083976406225,0.7793420272673385,0.8351920388552907,0.285511077663836,0.0853987183659406,2.724008,0.068233,stage05_seed_stability_draft,Разрешен только аудит устойчивости к зернам случайности; строка не является самостоятельным итоговым выводом.
ST05_02_seed_stability_grid,miniboone_hgb_vs_logreg_average_precision_v01,nested_seed_stability_v01,nested_5x2_seed_grid_v01,openml_miniboone_41150,41150,MiniBooNE,signal,False,True,True,20260517,1,1,1,5,2,3,20260517,hist_gradient_boosting,tuned_candidate,hgb_8316cb7622a5,"{""l2_regularization"": 0.01, ""learning_rate"": 0.1, ""max_iter"": 150, ""max_leaf_nodes"": 63}",0.9576978673949701,16,numeric_particleid_0_49_locked,50,ParticleID_0; ParticleID_1; ParticleID_2; ParticleID_3; ParticleID_4; ParticleID_5; ParticleID_6; ParticleID_7; ParticleID_8; ParticleID_9; ParticleID_10; ParticleID_11; ParticleID_12; ParticleID_13; ParticleID_14; ParticleID_15; ParticleID_16; ParticleID_17; ParticleID_18; ParticleID_19; ParticleID_20; ParticleID_21; ParticleID_22; ParticleID_23; ParticleID_24; ParticleID_25; ParticleID_26; ParticleID_27; ParticleID_28; ParticleID_29; ParticleID_30; ParticleID_31; ParticleID_32; ParticleID_33; ParticleID_34; ParticleID_35; ParticleID_36; ParticleID_37; ParticleID_38; ParticleID_39; ParticleID_40; ParticleID_41; ParticleID_42; ParticleID_43; ParticleID_44; ParticleID_45; ParticleID_46; ParticleID_47; ParticleID_48; ParticleID_49,104051,26013,0.28062200267176673,0.2806289163110752,0.9854357054541968,0.9600514665383513,0.9600514665383513,0.9036504274664133,0.9352814833142882,0.13771975075579249,0.04071312587584187,239.097008,0.895986,stage05_seed_stability_draft,Разрешен только аудит устойчивости к зернам случайности; строка не является самостоятельным итоговым выводом.
ST05_02_seed_stability_grid,miniboone_hgb_vs_logreg_average_precision_v01,nested_seed_stability_v01,nested_5x2_seed_grid_v01,openml_miniboone_41150,41150,MiniBooNE,signal,False,True,True,20260517,1,1,1,5,2,,,dummy_prior,control,not_applicable_control_model,,,,numeric_particleid_0_49_locked,50,ParticleID_0; ParticleID_1; ParticleID_2; ParticleID_3; ParticleID_4; ParticleID_5; ParticleID_6; ParticleID_7; ParticleID_8; ParticleID_9; ParticleID_10; ParticleID_11; ParticleID_12; ParticleID_13; ParticleID_14; ParticleID_15; ParticleID_16; ParticleID_17; ParticleID_18; ParticleID_19; ParticleID_20; ParticleID_21; ParticleID_22; ParticleID_23; ParticleID_24; ParticleID_25; ParticleID_26; ParticleID_27; ParticleID_28; ParticleID_29; ParticleID_30; ParticleID_31; ParticleID_32; ParticleID_33; ParticleID_34; ParticleID_35; ParticleID_36; ParticleID_37; ParticleID_38; ParticleID_39; ParticleID_40; ParticleID_41; ParticleID_42; ParticleID_43; ParticleID_44; ParticleID_45; ParticleID_46; ParticleID_47; ParticleID_48; ParticleID_49,104051,26013,0.28062200267176673,0.2806289163110752,0.5,0.2806289163110752,0.2806289163110752,0.0,0.5,0.5935463243336803,0.20187632768894515,0.004737,0.028243,stage05_seed_stability_draft,Разрешен только аудит устойчивости к зернам случайности; строка не является самостоятельным итоговым выводом.
ST05_02_seed_stability_grid,miniboone_hgb_vs_logreg_average_precision_v01,nested_seed_stability_v01,nested_5x2_seed_grid_v01,openml_miniboone_41150,41150,MiniBooNE,signal,False,True,True,20260517,1,1,1,5,2,,,logistic_regression,control,not_applicable_control_model,,,,numeric_particleid_0_49_locked,50,ParticleID_0; ParticleID_1; ParticleID_2; ParticleID_3; ParticleID_4; ParticleID_5; ParticleID_6; ParticleID_7; ParticleID_8; ParticleID_9; ParticleID_10; ParticleID_11; ParticleID_12; ParticleID_13; ParticleID_14; ParticleID_15; ParticleID_16; ParticleID_17; ParticleID_18; ParticleID_19; ParticleID_20; ParticleID_21; ParticleID_22; ParticleID_23; ParticleID_24; ParticleID_25; ParticleID_26; ParticleID_27; ParticleID_28; ParticleID_29; ParticleID_30; ParticleID_31; ParticleID_32; ParticleID_33; ParticleID_34; ParticleID_35; ParticleID_36; ParticleID_37; ParticleID_38; ParticleID_39; ParticleID_40; ParticleID_41; ParticleID_42; ParticleID_43; ParticleID_44; ParticleID_45; ParticleID_46; ParticleID_47; ParticleID_48; ParticleID_49,104051,26013,0.28062200267176673,0.2806289163110752,0.9420193345919511,0.8698653128771201,0.8698653128771201,0.7813466922056873,0.8372746475419257,0.2806613743543313,0.08392883009897123,3.516918,0.067193,stage05_seed_stability_draft,Разрешен только аудит устойчивости к зернам случайности; строка не является самостоятельным итоговым выводом.
ST05_02_seed_stability_grid,miniboone_hgb_vs_logreg_average_precision_v01,nested_seed_stability_v01,nested_5x2_seed_grid_v01,openml_miniboone_41150,41150,MiniBooNE,signal,False,True,True,20260517,2,1,2,5,2,3,20260518,hist_gradient_boosting,tuned_candidate,hgb_8316cb7622a5,"{""l2_regularization"": 0.01, ""learning_rate"": 0.1, ""max_iter"": 150, ""max_leaf_nodes"": 63}",0.9583875095331881,16,numeric_particleid_0_49_locked,50,ParticleID_0; ParticleID_1; ParticleID_2; ParticleID_3; ParticleID_4; ParticleID_5; ParticleID_6; ParticleID_7; ParticleID_8; ParticleID_9; ParticleID_10; ParticleID_11; ParticleID_12; ParticleID_13; ParticleID_14; ParticleID_15; ParticleID_16; ParticleID_17; ParticleID_18; ParticleID_19; ParticleID_20; ParticleID_21; ParticleID_22; ParticleID_23; ParticleID_24; ParticleID_25; ParticleID_26; ParticleID_27; ParticleID_28; ParticleID_29; ParticleID_30; ParticleID_31; ParticleID_32; ParticleID_33; ParticleID_34; ParticleID_35; ParticleID_36; ParticleID_37; ParticleID_38; ParticleID_39; ParticleID_40; ParticleID_41; ParticleID_42; ParticleID_43; ParticleID_44; ParticleID_45; ParticleID_46; ParticleID_47; ParticleID_48; ParticleID_49,104051,26013,0.28062200267176673,0.2806289163110752,0.9850649574063597,0.95929127329811,0.95929127329811,0.9005633611620173,0.9330347666884571,0.13980048703085224,0.0412594369299833,236.831677,0.802325,stage05_seed_stability_draft,Разрешен только аудит устойчивости к зернам случайности; строка не является самостоятельным итоговым выводом.
ST05_02_seed_stability_grid,miniboone_hgb_vs_logreg_average_precision_v01,nested_seed_stability_v01,nested_5x2_seed_grid_v01,openml_miniboone_41150,41150,MiniBooNE,signal,False,True,True,20260517,2,1,2,5,2,,,dummy_prior,control,not_applicable_control_model,,,,numeric_particleid_0_49_locked,50,ParticleID_0; ParticleID_1; ParticleID_2; ParticleID_3; ParticleID_4; ParticleID_5; ParticleID_6; ParticleID_7; ParticleID_8; ParticleID_9; ParticleID_10; ParticleID_11; ParticleID_12; ParticleID_13; ParticleID_14; ParticleID_15; ParticleID_16; ParticleID_17; ParticleID_18; ParticleID_19; ParticleID_20; ParticleID_21; ParticleID_22; ParticleID_23; ParticleID_24; ParticleID_25; ParticleID_26; ParticleID_27; ParticleID_28; ParticleID_29; ParticleID_30; ParticleID_31; ParticleID_32; ParticleID_33; ParticleID_34; ParticleID_35; ParticleID_36; ParticleID_37; ParticleID_38; ParticleID_39; ParticleID_40; ParticleID_41; ParticleID_42; ParticleID_43; ParticleID_44; ParticleID_45; ParticleID_46; ParticleID_47; ParticleID_48; ParticleID_49,104051,26013,0.28062200267176673,0.2806289163110752,0.5,0.2806289163110752,0.2806289163110752,0.0,0.5,0.5935463243336803,0.20187632768894515,0.004473,0.029737,stage05_seed_stability_draft,Разрешен только аудит устойчивости к зернам случайности; строка не является самостоятельным итоговым выводом.
ST05_02_seed_stability_grid,miniboone_hgb_vs_logreg_average_precision_v01,nested_seed_stability_v01,nested_5x2_seed_grid_v01,openml_miniboone_41150,41150,MiniBooNE,signal,False,True,True,20260517,2,1,2,5,2,,,logistic_regression,control,not_applicable_control_model,,,,numeric_particleid_0_49_locked,50,ParticleID_0; ParticleID_1; ParticleID_2; ParticleID_3; ParticleID_4; ParticleID_5; ParticleID_6; ParticleID_7; ParticleID_8; ParticleID_9; ParticleID_10; ParticleID_11; ParticleID_12; ParticleID_13; ParticleID_14; ParticleID_15; ParticleID_16; ParticleID_17; ParticleID_18; ParticleID_19; ParticleID_20; ParticleID_21; ParticleID_22; ParticleID_23; ParticleID_24; ParticleID_25; ParticleID_26; ParticleID_27; ParticleID_28; ParticleID_29; ParticleID_30; ParticleID_31; ParticleID_32; ParticleID_33; ParticleID_34; ParticleID_35; ParticleID_36; ParticleID_37; ParticleID_38; ParticleID_39; ParticleID_40; ParticleID_41; ParticleID_42; ParticleID_43; ParticleID_44; ParticleID_45; ParticleID_46; ParticleID_47; ParticleID_48; ParticleID_49,104051,26013,0.28062200267176673,0.2806289163110752,0.939308209295567,0.8682063249873664,0.8682063249873664,0.7817124346609733,0.837605448267229,0.2846490658332404,0.08529436495356518,3.662104,0.069043,stage05_seed_stability_draft,Разрешен только аудит устойчивости к зернам случайности; строка не является самостоятельным итоговым выводом.
ST05_02_seed_stability_grid,miniboone_hgb_vs_logreg_average_precision_v01,nested_seed_stability_v01,nested_5x2_seed_grid_v01,openml_miniboone_41150,41150,MiniBooNE,signal,False,True,True,20260517,3,1,3,5,2,3,20260519,hist_gradient_boosting,tuned_candidate,hgb_b5168b128e78,"{""l2_regularization"": 0.0, ""learning_rate"": 0.1, ""max_iter"": 150, ""max_leaf_nodes"": 63}",0.9574447748755807,16,numeric_particleid_0_49_locked,50,ParticleID_0; ParticleID_1; ParticleID_2; ParticleID_3; ParticleID_4; ParticleID_5; ParticleID_6; ParticleID_7; ParticleID_8; ParticleID_9; ParticleID_10; ParticleID_11; ParticleID_12; ParticleID_13; ParticleID_14; ParticleID_15; ParticleID_16; ParticleID_17; ParticleID_18; ParticleID_19; ParticleID_20; ParticleID_21; ParticleID_22; ParticleID_23; ParticleID_24; ParticleID_25; ParticleID_26; ParticleID_27; ParticleID_28; ParticleID_29; ParticleID_30; ParticleID_31; ParticleID_32; ParticleID_33; ParticleID_34; ParticleID_35; ParticleID_36; ParticleID_37; ParticleID_38; ParticleID_39; ParticleID_40; ParticleID_41; ParticleID_42; ParticleID_43; ParticleID_44; ParticleID_45; ParticleID_46; ParticleID_47; ParticleID_48; ParticleID_49,104051,26013,0.28062200267176673,0.2806289163110752,0.9844660696651437,0.9561526754272965,0.9561526754272965,0.9007300266084465,0.9319234266120762,0.14183340145041026,0.04159724689986879,233.091525,0.911002,stage05_seed_stability_draft,Разрешен только аудит устойчивости к зернам случайности; строка не является самостоятельным итоговым выводом.
ST05_02_seed_stability_grid,miniboone_hgb_vs_logreg_average_precision_v01,nested_seed_stability_v01,nested_5x2_seed_grid_v01,openml_miniboone_41150,41150,MiniBooNE,signal,False,True,True,20260517,3,1,3,5,2,,,dummy_prior,control,not_applicable_control_model,,,,numeric_particleid_0_49_locked,50,ParticleID_0; ParticleID_1; ParticleID_2; ParticleID_3; ParticleID_4; ParticleID_5; ParticleID_6; ParticleID_7; ParticleID_8; ParticleID_9; ParticleID_10; ParticleID_11; ParticleID_12; ParticleID_13; ParticleID_14; ParticleID_15; ParticleID_16; ParticleID_17; ParticleID_18; ParticleID_19; ParticleID_20; ParticleID_21; ParticleID_22; ParticleID_23; ParticleID_24; ParticleID_25; ParticleID_26; ParticleID_27; ParticleID_28; ParticleID_29; ParticleID_30; ParticleID_31; ParticleID_32; ParticleID_33; ParticleID_34; ParticleID_35; ParticleID_36; ParticleID_37; ParticleID_38; ParticleID_39; ParticleID_40; ParticleID_41; ParticleID_42; ParticleID_43; ParticleID_44; ParticleID_45; ParticleID_46; ParticleID_47; ParticleID_48; ParticleID_49,104051,26013,0.28062200267176673,0.2806289163110752,0.5,0.2806289163110752,0.2806289163110752,0.0,0.5,0.5935463243336803,0.20187632768894515,0.004139,0.029881,stage05_seed_stability_draft,Разрешен только аудит устойчивости к зернам случайности; строка не является самостоятельным итоговым выводом.
ST05_02_seed_stability_grid,miniboone_hgb_vs_logreg_average_precision_v01,nested_seed_stability_v01,nested_5x2_seed_grid_v01,openml_miniboone_41150,41150,MiniBooNE,signal,False,True,True,20260517,3,1,3,5,2,,,logistic_regression,control,not_applicable_control_model,,,,numeric_particleid_0_49_locked,50,ParticleID_0; ParticleID_1; ParticleID_2; ParticleID_3; ParticleID_4; ParticleID_5; ParticleID_6; ParticleID_7; ParticleID_8; ParticleID_9; ParticleID_10; ParticleID_11; ParticleID_12; ParticleID_13; ParticleID_14; ParticleID_15; ParticleID_16; ParticleID_17; ParticleID_18; ParticleID_19; ParticleID_20; ParticleID_21; ParticleID_22; ParticleID_23; ParticleID_24; ParticleID_25; ParticleID_26; ParticleID_27; ParticleID_28; ParticleID_29; ParticleID_30; ParticleID_31; ParticleID_32; ParticleID_33; ParticleID_34; ParticleID_35; ParticleID_36; ParticleID_37; ParticleID_38; ParticleID_39; ParticleID_40; ParticleID_41; ParticleID_42; ParticleID_43; ParticleID_44; ParticleID_45; ParticleID_46; ParticleID_47; ParticleID_48; ParticleID_49,104051,26013,0.28062200267176673,0.2806289163110752,0.9348377034791577,0.8598789400479379,0.8598789400479379,0.7708163416623415,0.8296019176471707,0.29407308086953177,0.08760201881892239,4.07044,0.078199,stage05_seed_stability_draft,Разрешен только аудит устойчивости к зернам случайности; строка не является самостоятельным итоговым выводом.
ST05_02_seed_stability_grid,miniboone_hgb_vs_logreg_average_precision_v01,nested_seed_stability_v01,nested_5x2_seed_grid_v01,openml_miniboone_41150,41150,MiniBooNE,signal,False,True,True,20260517,4,1,4,5,2,3,20260520,hist_gradient_boosting,tuned_candidate,hgb_8316cb7622a5,"{""l2_regularization"": 0.01, ""learning_rate"": 0.1, ""max_iter"": 150, ""max_leaf_nodes"": 63}",0.9575954497430276,16,numeric_particleid_0_49_locked,50,ParticleID_0; ParticleID_1; ParticleID_2; ParticleID_3; ParticleID_4; ParticleID_5; ParticleID_6; ParticleID_7; ParticleID_8; ParticleID_9; ParticleID_10; ParticleID_11; ParticleID_12; ParticleID_13; ParticleID_14; ParticleID_15; ParticleID_16; ParticleID_17; ParticleID_18; ParticleID_19; ParticleID_20; ParticleID_21; ParticleID_22; ParticleID_23; ParticleID_24; ParticleID_25; ParticleID_26; ParticleID_27; ParticleID_28; ParticleID_29; ParticleID_30; ParticleID_31; ParticleID_32; ParticleID_33; ParticleID_34; ParticleID_35; ParticleID_36; ParticleID_37; ParticleID_38; ParticleID_39; ParticleID_40; ParticleID_41; ParticleID_42; ParticleID_43; ParticleID_44; ParticleID_45; ParticleID_46; ParticleID_47; ParticleID_48; ParticleID_49,104051,26013,0.28062200267176673,0.2806289163110752,0.9848499138757102,0.9586140391562998,0.9586140391562998,0.903164471003667,0.9347452031369299,0.14008385473628585,0.04119810877417197,232.76393,0.79121,stage05_seed_stability_draft,Разрешен только аудит устойчивости к зернам случайности; строка не является самостоятельным итоговым выводом.
ST05_02_seed_stability_grid,miniboone_hgb_vs_logreg_average_precision_v01,nested_seed_stability_v01,nested_5x2_seed_grid_v01,openml_miniboone_41150,41150,MiniBooNE,signal,False,True,True,20260517,4,1,4,5,2,,,dummy_prior,control,not_applicable_control_model,,,,numeric_particleid_0_49_locked,50,ParticleID_0; ParticleID_1; ParticleID_2; ParticleID_3; ParticleID_4; ParticleID_5; ParticleID_6; ParticleID_7; ParticleID_8; ParticleID_9; ParticleID_10; ParticleID_11; ParticleID_12; ParticleID_13; ParticleID_14; ParticleID_15; ParticleID_16; ParticleID_17; ParticleID_18; ParticleID_19; ParticleID_20; ParticleID_21; ParticleID_22; ParticleID_23; ParticleID_24; ParticleID_25; ParticleID_26; ParticleID_27; ParticleID_28; ParticleID_29; ParticleID_30; ParticleID_31; ParticleID_32; ParticleID_33; ParticleID_34; ParticleID_35; ParticleID_36; ParticleID_37; ParticleID_38; ParticleID_39; ParticleID_40; ParticleID_41; ParticleID_42; ParticleID_43; ParticleID_44; ParticleID_45; ParticleID_46; ParticleID_47; ParticleID_48; ParticleID_49,104051,26013,0.28062200267176673,0.2806289163110752,0.5,0.2806289163110752,0.2806289163110752,0.0,0.5,0.5935463243336803,0.20187632768894515,0.003989,0.027136,stage05_seed_stability_draft,Разрешен только аудит устойчивости к зернам случайности; строка не является самостоятельным итоговым выводом.
ST05_02_seed_stability_grid,miniboone_hgb_vs_logreg_average_precision_v01,nested_seed_stability_v01,nested_5x2_seed_grid_v01,openml_miniboone_41150,41150,MiniBooNE,signal,False,True,True,20260517,4,1,4,5,2,,,logistic_regression,control,not_applicable_control_model,,,,numeric_particleid_0_49_locked,50,ParticleID_0; ParticleID_1; ParticleID_2; ParticleID_3; ParticleID_4; ParticleID_5; ParticleID_6; ParticleID_7; ParticleID_8; ParticleID_9; ParticleID_10; ParticleID_11; ParticleID_12; ParticleID_13; ParticleID_14; ParticleID_15; ParticleID_16; ParticleID_17; ParticleID_18; ParticleID_19; ParticleID_20; ParticleID_21; ParticleID_22; ParticleID_23; ParticleID_24; ParticleID_25; ParticleID_26; ParticleID_27; ParticleID_28; ParticleID_29; ParticleID_30; ParticleID_31; ParticleID_32; ParticleID_33; ParticleID_34; ParticleID_35; ParticleID_36; ParticleID_37; ParticleID_38; ParticleID_39; ParticleID_40; ParticleID_41; ParticleID_42; ParticleID_43; ParticleID_44; ParticleID_45; ParticleID_46; ParticleID_47; ParticleID_48; ParticleID_49,104051,26013,0.28062200267176673,0.2806289163110752,0.9415494685768959,0.8723019125277703,0.8723019125277703,0.7765556949878202,0.8339019317755074,0.2808098159745943,0.08454044735645481,2.997391,0.076758,stage05_seed_stability_draft,Разрешен только аудит устойчивости к зернам случайности; строка не является самостоятельным итоговым выводом.
ST05_02_seed_stability_grid,miniboone_hgb_vs_logreg_average_precision_v01,nested_seed_stability_v01,nested_5x2_seed_grid_v01,openml_miniboone_41150,41150,MiniBooNE,signal,False,True,True,20260517,5,1,5,5,2,3,20260521,hist_gradient_boosting,tuned_candidate,hgb_b5168b128e78,"{""l2_regularization"": 0.0, ""learning_rate"": 0.1, ""max_iter"": 150, ""max_leaf_nodes"": 63}",0.9578561316926629,16,numeric_particleid_0_49_locked,50,ParticleID_0; ParticleID_1; ParticleID_2; ParticleID_3; ParticleID_4; ParticleID_5; ParticleID_6; ParticleID_7; ParticleID_8; ParticleID_9; ParticleID_10; ParticleID_11; ParticleID_12; ParticleID_13; ParticleID_14; ParticleID_15; ParticleID_16; ParticleID_17; ParticleID_18; ParticleID_19; ParticleID_20; ParticleID_21; ParticleID_22; ParticleID_23; ParticleID_24; ParticleID_25; ParticleID_26; ParticleID_27; ParticleID_28; ParticleID_29; ParticleID_30; ParticleID_31; ParticleID_32; ParticleID_33; ParticleID_34; ParticleID_35; ParticleID_36; ParticleID_37; ParticleID_38; ParticleID_39; ParticleID_40; ParticleID_41; ParticleID_42; ParticleID_43; ParticleID_44; ParticleID_45; ParticleID_46; ParticleID_47; ParticleID_48; ParticleID_49,104052,26012,0.2806289163110752,0.28060126095648164,0.9853691501030042,0.9621183910453814,0.9621183910453814,0.9017687074829932,0.9333807085485153,0.13846659446413118,0.04085238790783522,248.000429,0.78714,stage05_seed_stability_draft,Разрешен только аудит устойчивости к зернам случайности; строка не является самостоятельным итоговым выводом.
ST05_02_seed_stability_grid,miniboone_hgb_vs_logreg_average_precision_v01,nested_seed_stability_v01,nested_5x2_seed_grid_v01,openml_miniboone_41150,41150,MiniBooNE,signal,False,True,True,20260517,5,1,5,5,2,,,dummy_prior,control,not_applicable_control_model,,,,numeric_particleid_0_49_locked,50,ParticleID_0; ParticleID_1; ParticleID_2; ParticleID_3; ParticleID_4; ParticleID_5; ParticleID_6; ParticleID_7; ParticleID_8; ParticleID_9; ParticleID_10; ParticleID_11; ParticleID_12; ParticleID_13; ParticleID_14; ParticleID_15; ParticleID_16; ParticleID_17; ParticleID_18; ParticleID_19; ParticleID_20; ParticleID_21; ParticleID_22; ParticleID_23; ParticleID_24; ParticleID_25; ParticleID_26; ParticleID_27; ParticleID_28; ParticleID_29; ParticleID_30; ParticleID_31; ParticleID_32; ParticleID_33; ParticleID_34; ParticleID_35; ParticleID_36; ParticleID_37; ParticleID_38; ParticleID_39; ParticleID_40; ParticleID_41; ParticleID_42; ParticleID_43; ParticleID_44; ParticleID_45; ParticleID_46; ParticleID_47; ParticleID_48; ParticleID_49,104052,26012,0.2806289163110752,0.28060126095648164,0.5,0.28060126095648164,0.28060126095648164,0.0,0.5,0.5935202910098233,0.2018641940709328,0.005083,0.030418,stage05_seed_stability_draft,Разрешен только аудит устойчивости к зернам случайности; строка не является самостоятельным итоговым выводом.
ST05_02_seed_stability_grid,miniboone_hgb_vs_logreg_average_precision_v01,nested_seed_stability_v01,nested_5x2_seed_grid_v01,openml_miniboone_41150,41150,MiniBooNE,signal,False,True,True,20260517,5,1,5,5,2,,,logistic_regression,control,not_applicable_control_model,,,,numeric_particleid_0_49_locked,50,ParticleID_0; ParticleID_1; ParticleID_2; ParticleID_3; ParticleID_4; ParticleID_5; ParticleID_6; ParticleID_7; ParticleID_8; ParticleID_9; ParticleID_10; ParticleID_11; ParticleID_12; ParticleID_13; ParticleID_14; ParticleID_15; ParticleID_16; ParticleID_17; ParticleID_18; ParticleID_19; ParticleID_20; ParticleID_21; ParticleID_22; ParticleID_23; ParticleID_24; ParticleID_25; ParticleID_26; ParticleID_27; ParticleID_28; ParticleID_29; ParticleID_30; ParticleID_31; ParticleID_32; ParticleID_33; ParticleID_34; ParticleID_35; ParticleID_36; ParticleID_37; ParticleID_38; ParticleID_39; ParticleID_40; ParticleID_41; ParticleID_42; ParticleID_43; ParticleID_44; ParticleID_45; ParticleID_46; ParticleID_47; ParticleID_48; ParticleID_49,104052,26012,0.2806289163110752,0.28060126095648164,0.9408938548083197,0.8702936583635738,0.8702936583635738,0.7791958686831427,0.8357104770777444,0.2818995648588542,0.08459800977495618,3.173467,0.073056,stage05_seed_stability_draft,Разрешен только аудит устойчивости к зернам случайности; строка не является самостоятельным итоговым выводом.
ST05_02_seed_stability_grid,miniboone_hgb_vs_logreg_average_precision_v01,nested_seed_stability_v01,nested_5x2_seed_grid_v01,openml_miniboone_41150,41150,MiniBooNE,signal,False,True,True,20260517,6,2,1,5,2,3,20260522,hist_gradient_boosting,tuned_candidate,hgb_8316cb7622a5,"{""l2_regularization"": 0.01, ""learning_rate"": 0.1, ""max_iter"": 150, ""max_leaf_nodes"": 63}",0.9571938294115442,16,numeric_particleid_0_49_locked,50,ParticleID_0; ParticleID_1; ParticleID_2; ParticleID_3; ParticleID_4; ParticleID_5; ParticleID_6; ParticleID_7; ParticleID_8; ParticleID_9; ParticleID_10; ParticleID_11; ParticleID_12; ParticleID_13; ParticleID_14; ParticleID_15; ParticleID_16; ParticleID_17; ParticleID_18; ParticleID_19; ParticleID_20; ParticleID_21; ParticleID_22; ParticleID_23; ParticleID_24; ParticleID_25; ParticleID_26; ParticleID_27; ParticleID_28; ParticleID_29; ParticleID_30; ParticleID_31; ParticleID_32; ParticleID_33; ParticleID_34; ParticleID_35; ParticleID_36; ParticleID_37; ParticleID_38; ParticleID_39; ParticleID_40; ParticleID_41; ParticleID_42; ParticleID_43; ParticleID_44; ParticleID_45; ParticleID_46; ParticleID_47; ParticleID_48; ParticleID_49,104051,26013,0.28062200267176673,0.2806289163110752,0.9859447501517149,0.9613953696081929,0.9613953696081929,0.9017009358562743,0.9323091631412929,0.13605767636547883,0.040323520574721314,239.61988,0.831347,stage05_seed_stability_draft,Разрешен только аудит устойчивости к зернам случайности; строка не является самостоятельным итоговым выводом.
ST05_02_seed_stability_grid,miniboone_hgb_vs_logreg_average_precision_v01,nested_seed_stability_v01,nested_5x2_seed_grid_v01,openml_miniboone_41150,41150,MiniBooNE,signal,False,True,True,20260517,6,2,1,5,2,,,dummy_prior,control,not_applicable_control_model,,,,numeric_particleid_0_49_locked,50,ParticleID_0; ParticleID_1; ParticleID_2; ParticleID_3; ParticleID_4; ParticleID_5; ParticleID_6; ParticleID_7; ParticleID_8; ParticleID_9; ParticleID_10; ParticleID_11; ParticleID_12; ParticleID_13; ParticleID_14; ParticleID_15; ParticleID_16; ParticleID_17; ParticleID_18; ParticleID_19; ParticleID_20; ParticleID_21; ParticleID_22; ParticleID_23; ParticleID_24; ParticleID_25; ParticleID_26; ParticleID_27; ParticleID_28; ParticleID_29; ParticleID_30; ParticleID_31; ParticleID_32; ParticleID_33; ParticleID_34; ParticleID_35; ParticleID_36; ParticleID_37; ParticleID_38; ParticleID_39; ParticleID_40; ParticleID_41; ParticleID_42; ParticleID_43; ParticleID_44; ParticleID_45; ParticleID_46; ParticleID_47; ParticleID_48; ParticleID_49,104051,26013,0.28062200267176673,0.2806289163110752,0.5,0.2806289163110752,0.2806289163110752,0.0,0.5,0.5935463243336803,0.20187632768894515,0.004798,0.031702,stage05_seed_stability_draft,Разрешен только аудит устойчивости к зернам случайности; строка не является самостоятельным итоговым выводом.
ST05_02_seed_stability_grid,miniboone_hgb_vs_logreg_average_precision_v01,nested_seed_stability_v01,nested_5x2_seed_grid_v01,openml_miniboone_41150,41150,MiniBooNE,signal,False,True,True,20260517,6,2,1,5,2,,,logistic_regression,control,not_applicable_control_model,,,,numeric_particleid_0_49_locked,50,ParticleID_0; ParticleID_1; ParticleID_2; ParticleID_3; ParticleID_4; ParticleID_5; ParticleID_6; ParticleID_7; ParticleID_8; ParticleID_9; ParticleID_10; ParticleID_11; ParticleID_12; ParticleID_13; ParticleID_14; ParticleID_15; ParticleID_16; ParticleID_17; ParticleID_18; ParticleID_19; ParticleID_20; ParticleID_21; ParticleID_22; ParticleID_23; ParticleID_24; ParticleID_25; ParticleID_26; ParticleID_27; ParticleID_28; ParticleID_29; ParticleID_30; ParticleID_31; ParticleID_32; ParticleID_33; ParticleID_34; ParticleID_35; ParticleID_36; ParticleID_37; ParticleID_38; ParticleID_39; ParticleID_40; ParticleID_41; ParticleID_42; ParticleID_43; ParticleID_44; ParticleID_45; ParticleID_46; ParticleID_47; ParticleID_48; ParticleID_49,104051,26013,0.28062200267176673,0.2806289163110752,0.9423063521147484,0.873282110955339,0.873282110955339,0.7776123846382852,0.8334401328210042,0.2796425742865817,0.08408515904543341,3.229986,0.076232,stage05_seed_stability_draft,Разрешен только аудит устойчивости к зернам случайности; строка не является самостоятельным итоговым выводом.
ST05_02_seed_stability_grid,miniboone_hgb_vs_logreg_average_precision_v01,nested_seed_stability_v01,nested_5x2_seed_grid_v01,openml_miniboone_41150,41150,MiniBooNE,signal,False,True,True,20260517,7,2,2,5,2,3,20260523,hist_gradient_boosting,tuned_candidate,hgb_b5168b128e78,"{""l2_regularization"": 0.0, ""learning_rate"": 0.1, ""max_iter"": 150, ""max_leaf_nodes"": 63}",0.9578278240127295,16,numeric_particleid_0_49_locked,50,ParticleID_0; ParticleID_1; ParticleID_2; ParticleID_3; ParticleID_4; ParticleID_5; ParticleID_6; ParticleID_7; ParticleID_8; ParticleID_9; ParticleID_10; ParticleID_11; ParticleID_12; ParticleID_13; ParticleID_14; ParticleID_15; ParticleID_16; ParticleID_17; ParticleID_18; ParticleID_19; ParticleID_20; ParticleID_21; ParticleID_22; ParticleID_23; ParticleID_24; ParticleID_25; ParticleID_26; ParticleID_27; ParticleID_28; ParticleID_29; ParticleID_30; ParticleID_31; ParticleID_32; ParticleID_33; ParticleID_34; ParticleID_35; ParticleID_36; ParticleID_37; ParticleID_38; ParticleID_39; ParticleID_40; ParticleID_41; ParticleID_42; ParticleID_43; ParticleID_44; ParticleID_45; ParticleID_46; ParticleID_47; ParticleID_48; ParticleID_49,104051,26013,0.28062200267176673,0.2806289163110752,0.9849588301737344,0.9597281072914962,0.9597281072914962,0.9011857707509882,0.932516534911998,0.14051411665922947,0.041553202167272145,233.208412,0.884208,stage05_seed_stability_draft,Разрешен только аудит устойчивости к зернам случайности; строка не является самостоятельным итоговым выводом.
ST05_02_seed_stability_grid,miniboone_hgb_vs_logreg_average_precision_v01,nested_seed_stability_v01,nested_5x2_seed_grid_v01,openml_miniboone_41150,41150,MiniBooNE,signal,False,True,True,20260517,7,2,2,5,2,,,dummy_prior,control,not_applicable_control_model,,,,numeric_particleid_0_49_locked,50,ParticleID_0; ParticleID_1; ParticleID_2; ParticleID_3; ParticleID_4; ParticleID_5; ParticleID_6; ParticleID_7; ParticleID_8; ParticleID_9; ParticleID_10; ParticleID_11; ParticleID_12; ParticleID_13; ParticleID_14; ParticleID_15; ParticleID_16; ParticleID_17; ParticleID_18; ParticleID_19; ParticleID_20; ParticleID_21; ParticleID_22; ParticleID_23; ParticleID_24; ParticleID_25; ParticleID_26; ParticleID_27; ParticleID_28; ParticleID_29; ParticleID_30; ParticleID_31; ParticleID_32; ParticleID_33; ParticleID_34; ParticleID_35; ParticleID_36; ParticleID_37; ParticleID_38; ParticleID_39; ParticleID_40; ParticleID_41; ParticleID_42; ParticleID_43; ParticleID_44; ParticleID_45; ParticleID_46; ParticleID_47; ParticleID_48; ParticleID_49,104051,26013,0.28062200267176673,0.2806289163110752,0.5,0.2806289163110752,0.2806289163110752,0.0,0.5,0.5935463243336803,0.20187632768894515,0.005604,0.034674,stage05_seed_stability_draft,Разрешен только аудит устойчивости к зернам случайности; строка не является самостоятельным итоговым выводом.
ST05_02_seed_stability_grid,miniboone_hgb_vs_logreg_average_precision_v01,nested_seed_stability_v01,nested_5x2_seed_grid_v01,openml_miniboone_41150,41150,MiniBooNE,signal,False,True,True,20260517,7,2,2,5,2,,,logistic_regression,control,not_applicable_control_model,,,,numeric_particleid_0_49_locked,50,ParticleID_0; ParticleID_1; ParticleID_2; ParticleID_3; ParticleID_4; ParticleID_5; ParticleID_6; ParticleID_7; ParticleID_8; ParticleID_9; ParticleID_10; ParticleID_11; ParticleID_12; ParticleID_13; ParticleID_14; ParticleID_15; ParticleID_16; ParticleID_17; ParticleID_18; ParticleID_19; ParticleID_20; ParticleID_21; ParticleID_22; ParticleID_23; ParticleID_24; ParticleID_25; ParticleID_26; ParticleID_27; ParticleID_28; ParticleID_29; ParticleID_30; ParticleID_31; ParticleID_32; ParticleID_33; ParticleID_34; ParticleID_35; ParticleID_36; ParticleID_37; ParticleID_38; ParticleID_39; ParticleID_40; ParticleID_41; ParticleID_42; ParticleID_43; ParticleID_44; ParticleID_45; ParticleID_46; ParticleID_47; ParticleID_48; ParticleID_49,104051,26013,0.28062200267176673,0.2806289163110752,0.9397815341909405,0.871147044754327,0.871147044754327,0.7750073768073178,0.8329949694337465,0.28215464473294577,0.08503499681366225,3.548817,0.07341,stage05_seed_stability_draft,Разрешен только аудит устойчивости к зернам случайности; строка не является самостоятельным итоговым выводом.
ST05_02_seed_stability_grid,miniboone_hgb_vs_logreg_average_precision_v01,nested_seed_stability_v01,nested_5x2_seed_grid_v01,openml_miniboone_41150,41150,MiniBooNE,signal,False,True,True,20260517,8,2,3,5,2,3,20260524,hist_gradient_boosting,tuned_candidate,hgb_8316cb7622a5,"{""l2_regularization"": 0.01, ""learning_rate"": 0.1, ""max_iter"": 150, ""max_leaf_nodes"": 63}",0.9587454524177533,16,numeric_particleid_0_49_locked,50,ParticleID_0; ParticleID_1; ParticleID_2; ParticleID_3; ParticleID_4; ParticleID_5; ParticleID_6; ParticleID_7; ParticleID_8; ParticleID_9; ParticleID_10; ParticleID_11; ParticleID_12; ParticleID_13; ParticleID_14; ParticleID_15; ParticleID_16; ParticleID_17; ParticleID_18; ParticleID_19; ParticleID_20; ParticleID_21; ParticleID_22; ParticleID_23; ParticleID_24; ParticleID_25; ParticleID_26; ParticleID_27; ParticleID_28; ParticleID_29; ParticleID_30; ParticleID_31; ParticleID_32; ParticleID_33; ParticleID_34; ParticleID_35; ParticleID_36; ParticleID_37; ParticleID_38; ParticleID_39; ParticleID_40; ParticleID_41; ParticleID_42; ParticleID_43; ParticleID_44; ParticleID_45; ParticleID_46; ParticleID_47; ParticleID_48; ParticleID_49,104051,26013,0.28062200267176673,0.2806289163110752,0.9845278024433969,0.9579376676514308,0.9579376676514308,0.9016415683082349,0.9339368426754824,0.14149624167131922,0.041547807643973075,236.860835,0.863374,stage05_seed_stability_draft,Разрешен только аудит устойчивости к зернам случайности; строка не является самостоятельным итоговым выводом.
ST05_02_seed_stability_grid,miniboone_hgb_vs_logreg_average_precision_v01,nested_seed_stability_v01,nested_5x2_seed_grid_v01,openml_miniboone_41150,41150,MiniBooNE,signal,False,True,True,20260517,8,2,3,5,2,,,dummy_prior,control,not_applicable_control_model,,,,numeric_particleid_0_49_locked,50,ParticleID_0; ParticleID_1; ParticleID_2; ParticleID_3; ParticleID_4; ParticleID_5; ParticleID_6; ParticleID_7; ParticleID_8; ParticleID_9; ParticleID_10; ParticleID_11; ParticleID_12; ParticleID_13; ParticleID_14; ParticleID_15; ParticleID_16; ParticleID_17; ParticleID_18; ParticleID_19; ParticleID_20; ParticleID_21; ParticleID_22; ParticleID_23; ParticleID_24; ParticleID_25; ParticleID_26; ParticleID_27; ParticleID_28; ParticleID_29; ParticleID_30; ParticleID_31; ParticleID_32; ParticleID_33; ParticleID_34; ParticleID_35; ParticleID_36; ParticleID_37; ParticleID_38; ParticleID_39; ParticleID_40; ParticleID_41; ParticleID_42; ParticleID_43; ParticleID_44; ParticleID_45; ParticleID_46; ParticleID_47; ParticleID_48; ParticleID_49,104051,26013,0.28062200267176673,0.2806289163110752,0.5,0.2806289163110752,0.2806289163110752,0.0,0.5,0.5935463243336803,0.20187632768894515,0.005194,0.032493,stage05_seed_stability_draft,Разрешен только аудит устойчивости к зернам случайности; строка не является самостоятельным итоговым выводом.
ST05_02_seed_stability_grid,miniboone_hgb_vs_logreg_average_precision_v01,nested_seed_stability_v01,nested_5x2_seed_grid_v01,openml_miniboone_41150,41150,MiniBooNE,signal,False,True,True,20260517,8,2,3,5,2,,,logistic_regression,control,not_applicable_control_model,,,,numeric_particleid_0_49_locked,50,ParticleID_0; ParticleID_1; ParticleID_2; ParticleID_3; ParticleID_4; ParticleID_5; ParticleID_6; ParticleID_7; ParticleID_8; ParticleID_9; ParticleID_10; ParticleID_11; ParticleID_12; ParticleID_13; ParticleID_14; ParticleID_15; ParticleID_16; ParticleID_17; ParticleID_18; ParticleID_19; ParticleID_20; ParticleID_21; ParticleID_22; ParticleID_23; ParticleID_24; ParticleID_25; ParticleID_26; ParticleID_27; ParticleID_28; ParticleID_29; ParticleID_30; ParticleID_31; ParticleID_32; ParticleID_33; ParticleID_34; ParticleID_35; ParticleID_36; ParticleID_37; ParticleID_38; ParticleID_39; ParticleID_40; ParticleID_41; ParticleID_42; ParticleID_43; ParticleID_44; ParticleID_45; ParticleID_46; ParticleID_47; ParticleID_48; ParticleID_49,104051,26013,0.28062200267176673,0.2806289163110752,0.9377991053029576,0.8640556893305184,0.8640556893305184,0.7741270075143657,0.8326092329045298,0.2880188809065399,0.086304508528356,2.943278,0.069762,stage05_seed_stability_draft,Разрешен только аудит устойчивости к зернам случайности; строка не является самостоятельным итоговым выводом.
ST05_02_seed_stability_grid,miniboone_hgb_vs_logreg_average_precision_v01,nested_seed_stability_v01,nested_5x2_seed_grid_v01,openml_miniboone_41150,41150,MiniBooNE,signal,False,True,True,20260517,9,2,4,5,2,3,20260525,hist_gradient_boosting,tuned_candidate,hgb_8316cb7622a5,"{""l2_regularization"": 0.01, ""learning_rate"": 0.1, ""max_iter"": 150, ""max_leaf_nodes"": 63}",0.9576057793579403,16,numeric_particleid_0_49_locked,50,ParticleID_0; ParticleID_1; ParticleID_2; ParticleID_3; ParticleID_4; ParticleID_5; ParticleID_6; ParticleID_7; ParticleID_8; ParticleID_9; ParticleID_10; ParticleID_11; ParticleID_12; ParticleID_13; ParticleID_14; ParticleID_15; ParticleID_16; ParticleID_17; ParticleID_18; ParticleID_19; ParticleID_20; ParticleID_21; ParticleID_22; ParticleID_23; ParticleID_24; ParticleID_25; ParticleID_26; ParticleID_27; ParticleID_28; ParticleID_29; ParticleID_30; ParticleID_31; ParticleID_32; ParticleID_33; ParticleID_34; ParticleID_35; ParticleID_36; ParticleID_37; ParticleID_38; ParticleID_39; ParticleID_40; ParticleID_41; ParticleID_42; ParticleID_43; ParticleID_44; ParticleID_45; ParticleID_46; ParticleID_47; ParticleID_48; ParticleID_49,104051,26013,0.28062200267176673,0.2806289163110752,0.9853844847439588,0.9600571847141381,0.9600571847141381,0.9013090958420945,0.9337196981953063,0.1378156106030455,0.04063585383529722,234.930868,1.064768,stage05_seed_stability_draft,Разрешен только аудит устойчивости к зернам случайности; строка не является самостоятельным итоговым выводом.
ST05_02_seed_stability_grid,miniboone_hgb_vs_logreg_average_precision_v01,nested_seed_stability_v01,nested_5x2_seed_grid_v01,openml_miniboone_41150,41150,MiniBooNE,signal,False,True,True,20260517,9,2,4,5,2,,,dummy_prior,control,not_applicable_control_model,,,,numeric_particleid_0_49_locked,50,ParticleID_0; ParticleID_1; ParticleID_2; ParticleID_3; ParticleID_4; ParticleID_5; ParticleID_6; ParticleID_7; ParticleID_8; ParticleID_9; ParticleID_10; ParticleID_11; ParticleID_12; ParticleID_13; ParticleID_14; ParticleID_15; ParticleID_16; ParticleID_17; ParticleID_18; ParticleID_19; ParticleID_20; ParticleID_21; ParticleID_22; ParticleID_23; ParticleID_24; ParticleID_25; ParticleID_26; ParticleID_27; ParticleID_28; ParticleID_29; ParticleID_30; ParticleID_31; ParticleID_32; ParticleID_33; ParticleID_34; ParticleID_35; ParticleID_36; ParticleID_37; ParticleID_38; ParticleID_39; ParticleID_40; ParticleID_41; ParticleID_42; ParticleID_43; ParticleID_44; ParticleID_45; ParticleID_46; ParticleID_47; ParticleID_48; ParticleID_49,104051,26013,0.28062200267176673,0.2806289163110752,0.5,0.2806289163110752,0.2806289163110752,0.0,0.5,0.5935463243336803,0.20187632768894515,0.00404,0.028062,stage05_seed_stability_draft,Разрешен только аудит устойчивости к зернам случайности; строка не является самостоятельным итоговым выводом.
ST05_02_seed_stability_grid,miniboone_hgb_vs_logreg_average_precision_v01,nested_seed_stability_v01,nested_5x2_seed_grid_v01,openml_miniboone_41150,41150,MiniBooNE,signal,False,True,True,20260517,9,2,4,5,2,,,logistic_regression,control,not_applicable_control_model,,,,numeric_particleid_0_49_locked,50,ParticleID_0; ParticleID_1; ParticleID_2; ParticleID_3; ParticleID_4; ParticleID_5; ParticleID_6; ParticleID_7; ParticleID_8; ParticleID_9; ParticleID_10; ParticleID_11; ParticleID_12; ParticleID_13; ParticleID_14; ParticleID_15; ParticleID_16; ParticleID_17; ParticleID_18; ParticleID_19; ParticleID_20; ParticleID_21; ParticleID_22; ParticleID_23; ParticleID_24; ParticleID_25; ParticleID_26; ParticleID_27; ParticleID_28; ParticleID_29; ParticleID_30; ParticleID_31; ParticleID_32; ParticleID_33; ParticleID_34; ParticleID_35; ParticleID_36; ParticleID_37; ParticleID_38; ParticleID_39; ParticleID_40; ParticleID_41; ParticleID_42; ParticleID_43; ParticleID_44; ParticleID_45; ParticleID_46; ParticleID_47; ParticleID_48; ParticleID_49,104051,26013,0.28062200267176673,0.2806289163110752,0.9384497554626516,0.8660220191181426,0.8660220191181426,0.7803979366249079,0.8366198247647046,0.2874172801340778,0.0857130690668798,3.119947,0.067552,stage05_seed_stability_draft,Разрешен только аудит устойчивости к зернам случайности; строка не является самостоятельным итоговым выводом.
ST05_02_seed_stability_grid,miniboone_hgb_vs_logreg_average_precision_v01,nested_seed_stability_v01,nested_5x2_seed_grid_v01,openml_miniboone_41150,41150,MiniBooNE,signal,False,True,True,20260517,10,2,5,5,2,3,20260526,hist_gradient_boosting,tuned_candidate,hgb_8316cb7622a5,"{""l2_regularization"": 0.01, ""learning_rate"": 0.1, ""max_iter"": 150, ""max_leaf_nodes"": 63}",0.9575890636576888,16,numeric_particleid_0_49_locked,50,ParticleID_0; ParticleID_1; ParticleID_2; ParticleID_3; ParticleID_4; ParticleID_5; ParticleID_6; ParticleID_7; ParticleID_8; ParticleID_9; ParticleID_10; ParticleID_11; ParticleID_12; ParticleID_13; ParticleID_14; ParticleID_15; ParticleID_16; ParticleID_17; ParticleID_18; ParticleID_19; ParticleID_20; ParticleID_21; ParticleID_22; ParticleID_23; ParticleID_24; ParticleID_25; ParticleID_26; ParticleID_27; ParticleID_28; ParticleID_29; ParticleID_30; ParticleID_31; ParticleID_32; ParticleID_33; ParticleID_34; ParticleID_35; ParticleID_36; ParticleID_37; ParticleID_38; ParticleID_39; ParticleID_40; ParticleID_41; ParticleID_42; ParticleID_43; ParticleID_44; ParticleID_45; ParticleID_46; ParticleID_47; ParticleID_48; ParticleID_49,104052,26012,0.2806289163110752,0.28060126095648164,0.9845587094396303,0.9572807216141108,0.9572807216141108,0.9020221965003064,0.9333471729465587,0.1412075986357964,0.041251773250658666,232.78912,0.867852,stage05_seed_stability_draft,Разрешен только аудит устойчивости к зернам случайности; строка не является самостоятельным итоговым выводом.
ST05_02_seed_stability_grid,miniboone_hgb_vs_logreg_average_precision_v01,nested_seed_stability_v01,nested_5x2_seed_grid_v01,openml_miniboone_41150,41150,MiniBooNE,signal,False,True,True,20260517,10,2,5,5,2,,,dummy_prior,control,not_applicable_control_model,,,,numeric_particleid_0_49_locked,50,ParticleID_0; ParticleID_1; ParticleID_2; ParticleID_3; ParticleID_4; ParticleID_5; ParticleID_6; ParticleID_7; ParticleID_8; ParticleID_9; ParticleID_10; ParticleID_11; ParticleID_12; ParticleID_13; ParticleID_14; ParticleID_15; ParticleID_16; ParticleID_17; ParticleID_18; ParticleID_19; ParticleID_20; ParticleID_21; ParticleID_22; ParticleID_23; ParticleID_24; ParticleID_25; ParticleID_26; ParticleID_27; ParticleID_28; ParticleID_29; ParticleID_30; ParticleID_31; ParticleID_32; ParticleID_33; ParticleID_34; ParticleID_35; ParticleID_36; ParticleID_37; ParticleID_38; ParticleID_39; ParticleID_40; ParticleID_41; ParticleID_42; ParticleID_43; ParticleID_44; ParticleID_45; ParticleID_46; ParticleID_47; ParticleID_48; ParticleID_49,104052,26012,0.2806289163110752,0.28060126095648164,0.5,0.28060126095648164,0.28060126095648164,0.0,0.5,0.5935202910098233,0.2018641940709328,0.00433,0.028403,stage05_seed_stability_draft,Разрешен только аудит устойчивости к зернам случайности; строка не является самостоятельным итоговым выводом.
ST05_02_seed_stability_grid,miniboone_hgb_vs_logreg_average_precision_v01,nested_seed_stability_v01,nested_5x2_seed_grid_v01,openml_miniboone_41150,41150,MiniBooNE,signal,False,True,True,20260517,10,2,5,5,2,,,logistic_regression,control,not_applicable_control_model,,,,numeric_particleid_0_49_locked,50,ParticleID_0; ParticleID_1; ParticleID_2; ParticleID_3; ParticleID_4; ParticleID_5; ParticleID_6; ParticleID_7; ParticleID_8; ParticleID_9; ParticleID_10; ParticleID_11; ParticleID_12; ParticleID_13; ParticleID_14; ParticleID_15; ParticleID_16; ParticleID_17; ParticleID_18; ParticleID_19; ParticleID_20; ParticleID_21; ParticleID_22; ParticleID_23; ParticleID_24; ParticleID_25; ParticleID_26; ParticleID_27; ParticleID_28; ParticleID_29; ParticleID_30; ParticleID_31; ParticleID_32; ParticleID_33; ParticleID_34; ParticleID_35; ParticleID_36; ParticleID_37; ParticleID_38; ParticleID_39; ParticleID_40; ParticleID_41; ParticleID_42; ParticleID_43; ParticleID_44; ParticleID_45; ParticleID_46; ParticleID_47; ParticleID_48; ParticleID_49,104052,26012,0.2806289163110752,0.28060126095648164,0.9387079090215763,0.8631287414306091,0.8631287414306091,0.7790063393778565,0.8357022295380425,0.2882484044605162,0.08592901170238562,3.311533,0.068853,stage05_seed_stability_draft,Разрешен только аудит устойчивости к зернам случайности; строка не является самостоятельным итоговым выводом.
ST05_02_seed_stability_grid,miniboone_hgb_vs_logreg_average_precision_v01,nested_seed_stability_v01,nested_5x2_seed_grid_v01,openml_miniboone_41150,41150,MiniBooNE,signal,False,True,True,20260527,1,1,1,5,2,3,20260527,hist_gradient_boosting,tuned_candidate,hgb_b5168b128e78,"{""l2_regularization"": 0.0, ""learning_rate"": 0.1, ""max_iter"": 150, ""max_leaf_nodes"": 63}",0.95745749126288,16,numeric_particleid_0_49_locked,50,ParticleID_0; ParticleID_1; ParticleID_2; ParticleID_3; ParticleID_4; ParticleID_5; ParticleID_6; ParticleID_7; ParticleID_8; ParticleID_9; ParticleID_10; ParticleID_11; ParticleID_12; ParticleID_13; ParticleID_14; ParticleID_15; ParticleID_16; ParticleID_17; ParticleID_18; ParticleID_19; ParticleID_20; ParticleID_21; ParticleID_22; ParticleID_23; ParticleID_24; ParticleID_25; ParticleID_26; ParticleID_27; ParticleID_28; ParticleID_29; ParticleID_30; ParticleID_31; ParticleID_32; ParticleID_33; ParticleID_34; ParticleID_35; ParticleID_36; ParticleID_37; ParticleID_38; ParticleID_39; ParticleID_40; ParticleID_41; ParticleID_42; ParticleID_43; ParticleID_44; ParticleID_45; ParticleID_46; ParticleID_47; ParticleID_48; ParticleID_49,104051,26013,0.28062200267176673,0.2806289163110752,0.9849098604808467,0.9586685201257042,0.9586685201257042,0.9006991108396117,0.9331299792320773,0.14032668178509086,0.04139021474450351,238.043647,0.958214,stage05_seed_stability_draft,Разрешен только аудит устойчивости к зернам случайности; строка не является самостоятельным итоговым выводом.
ST05_02_seed_stability_grid,miniboone_hgb_vs_logreg_average_precision_v01,nested_seed_stability_v01,nested_5x2_seed_grid_v01,openml_miniboone_41150,41150,MiniBooNE,signal,False,True,True,20260527,1,1,1,5,2,,,dummy_prior,control,not_applicable_control_model,,,,numeric_particleid_0_49_locked,50,ParticleID_0; ParticleID_1; ParticleID_2; ParticleID_3; ParticleID_4; ParticleID_5; ParticleID_6; ParticleID_7; ParticleID_8; ParticleID_9; ParticleID_10; ParticleID_11; ParticleID_12; ParticleID_13; ParticleID_14; ParticleID_15; ParticleID_16; ParticleID_17; ParticleID_18; ParticleID_19; ParticleID_20; ParticleID_21; ParticleID_22; ParticleID_23; ParticleID_24; ParticleID_25; ParticleID_26; ParticleID_27; ParticleID_28; ParticleID_29; ParticleID_30; ParticleID_31; ParticleID_32; ParticleID_33; ParticleID_34; ParticleID_35; ParticleID_36; ParticleID_37; ParticleID_38; ParticleID_39; ParticleID_40; ParticleID_41; ParticleID_42; ParticleID_43; ParticleID_44; ParticleID_45; ParticleID_46; ParticleID_47; ParticleID_48; ParticleID_49,104051,26013,0.28062200267176673,0.2806289163110752,0.5,0.2806289163110752,0.2806289163110752,0.0,0.5,0.5935463243336803,0.20187632768894515,0.005236,0.035269,stage05_seed_stability_draft,Разрешен только аудит устойчивости к зернам случайности; строка не является самостоятельным итоговым выводом.
ST05_02_seed_stability_grid,miniboone_hgb_vs_logreg_average_precision_v01,nested_seed_stability_v01,nested_5x2_seed_grid_v01,openml_miniboone_41150,41150,MiniBooNE,signal,False,True,True,20260527,1,1,1,5,2,,,logistic_regression,control,not_applicable_control_model,,,,numeric_particleid_0_49_locked,50,ParticleID_0; ParticleID_1; ParticleID_2; ParticleID_3; ParticleID_4; ParticleID_5; ParticleID_6; ParticleID_7; ParticleID_8; ParticleID_9; ParticleID_10; ParticleID_11; ParticleID_12; ParticleID_13; ParticleID_14; ParticleID_15; ParticleID_16; ParticleID_17; ParticleID_18; ParticleID_19; ParticleID_20; ParticleID_21; ParticleID_22; ParticleID_23; ParticleID_24; ParticleID_25; ParticleID_26; ParticleID_27; ParticleID_28; ParticleID_29; ParticleID_30; ParticleID_31; ParticleID_32; ParticleID_33; ParticleID_34; ParticleID_35; ParticleID_36; ParticleID_37; ParticleID_38; ParticleID_39; ParticleID_40; ParticleID_41; ParticleID_42; ParticleID_43; ParticleID_44; ParticleID_45; ParticleID_46; ParticleID_47; ParticleID_48; ParticleID_49,104051,26013,0.28062200267176673,0.2806289163110752,0.9360805798327878,0.8623788489710034,0.8623788489710034,0.7716955941255007,0.830116364786329,0.29022264656212904,0.0872790519607017,2.995892,0.078134,stage05_seed_stability_draft,Разрешен только аудит устойчивости к зернам случайности; строка не является самостоятельным итоговым выводом.
ST05_02_seed_stability_grid,miniboone_hgb_vs_logreg_average_precision_v01,nested_seed_stability_v01,nested_5x2_seed_grid_v01,openml_miniboone_41150,41150,MiniBooNE,signal,False,True,True,20260527,2,1,2,5,2,3,20260528,hist_gradient_boosting,tuned_candidate,hgb_b5168b128e78,"{""l2_regularization"": 0.0, ""learning_rate"": 0.1, ""max_iter"": 150, ""max_leaf_nodes"": 63}",0.9581789176606367,16,numeric_particleid_0_49_locked,50,ParticleID_0; ParticleID_1; ParticleID_2; ParticleID_3; ParticleID_4; ParticleID_5; ParticleID_6; ParticleID_7; ParticleID_8; ParticleID_9; ParticleID_10; ParticleID_11; ParticleID_12; ParticleID_13; ParticleID_14; ParticleID_15; ParticleID_16; ParticleID_17; ParticleID_18; ParticleID_19; ParticleID_20; ParticleID_21; ParticleID_22; ParticleID_23; ParticleID_24; ParticleID_25; ParticleID_26; ParticleID_27; ParticleID_28; ParticleID_29; ParticleID_30; ParticleID_31; ParticleID_32; ParticleID_33; ParticleID_34; ParticleID_35; ParticleID_36; ParticleID_37; ParticleID_38; ParticleID_39; ParticleID_40; ParticleID_41; ParticleID_42; ParticleID_43; ParticleID_44; ParticleID_45; ParticleID_46; ParticleID_47; ParticleID_48; ParticleID_49,104051,26013,0.28062200267176673,0.2806289163110752,0.98466120175777,0.9590095077454699,0.9590095077454699,0.9009961374263061,0.9337264768686921,0.14092121102684813,0.041368158801662384,255.914353,0.715392,stage05_seed_stability_draft,Разрешен только аудит устойчивости к зернам случайности; строка не является самостоятельным итоговым выводом.
ST05_02_seed_stability_grid,miniboone_hgb_vs_logreg_average_precision_v01,nested_seed_stability_v01,nested_5x2_seed_grid_v01,openml_miniboone_41150,41150,MiniBooNE,signal,False,True,True,20260527,2,1,2,5,2,,,dummy_prior,control,not_applicable_control_model,,,,numeric_particleid_0_49_locked,50,ParticleID_0; ParticleID_1; ParticleID_2; ParticleID_3; ParticleID_4; ParticleID_5; ParticleID_6; ParticleID_7; ParticleID_8; ParticleID_9; ParticleID_10; ParticleID_11; ParticleID_12; ParticleID_13; ParticleID_14; ParticleID_15; ParticleID_16; ParticleID_17; ParticleID_18; ParticleID_19; ParticleID_20; ParticleID_21; ParticleID_22; ParticleID_23; ParticleID_24; ParticleID_25; ParticleID_26; ParticleID_27; ParticleID_28; ParticleID_29; ParticleID_30; ParticleID_31; ParticleID_32; ParticleID_33; ParticleID_34; ParticleID_35; ParticleID_36; ParticleID_37; ParticleID_38; ParticleID_39; ParticleID_40; ParticleID_41; ParticleID_42; ParticleID_43; ParticleID_44; ParticleID_45; ParticleID_46; ParticleID_47; ParticleID_48; ParticleID_49,104051,26013,0.28062200267176673,0.2806289163110752,0.5,0.2806289163110752,0.2806289163110752,0.0,0.5,0.5935463243336803,0.20187632768894515,0.004561,0.02884,stage05_seed_stability_draft,Разрешен только аудит устойчивости к зернам случайности; строка не является самостоятельным итоговым выводом.
ST05_02_seed_stability_grid,miniboone_hgb_vs_logreg_average_precision_v01,nested_seed_stability_v01,nested_5x2_seed_grid_v01,openml_miniboone_41150,41150,MiniBooNE,signal,False,True,True,20260527,2,1,2,5,2,,,logistic_regression,control,not_applicable_control_model,,,,numeric_particleid_0_49_locked,50,ParticleID_0; ParticleID_1; ParticleID_2; ParticleID_3; ParticleID_4; ParticleID_5; ParticleID_6; ParticleID_7; ParticleID_8; ParticleID_9; ParticleID_10; ParticleID_11; ParticleID_12; ParticleID_13; ParticleID_14; ParticleID_15; ParticleID_16; ParticleID_17; ParticleID_18; ParticleID_19; ParticleID_20; ParticleID_21; ParticleID_22; ParticleID_23; ParticleID_24; ParticleID_25; ParticleID_26; ParticleID_27; ParticleID_28; ParticleID_29; ParticleID_30; ParticleID_31; ParticleID_32; ParticleID_33; ParticleID_34; ParticleID_35; ParticleID_36; ParticleID_37; ParticleID_38; ParticleID_39; ParticleID_40; ParticleID_41; ParticleID_42; ParticleID_43; ParticleID_44; ParticleID_45; ParticleID_46; ParticleID_47; ParticleID_48; ParticleID_49,104051,26013,0.28062200267176673,0.2806289163110752,0.9377328558492412,0.8657949662251971,0.8657949662251971,0.7754199823165341,0.8334243720393631,0.28722579732595055,0.08593160964403726,2.316999,0.072178,stage05_seed_stability_draft,Разрешен только аудит устойчивости к зернам случайности; строка не является самостоятельным итоговым выводом.
ST05_02_seed_stability_grid,miniboone_hgb_vs_logreg_average_precision_v01,nested_seed_stability_v01,nested_5x2_seed_grid_v01,openml_miniboone_41150,41150,MiniBooNE,signal,False,True,True,20260527,3,1,3,5,2,3,20260529,hist_gradient_boosting,tuned_candidate,hgb_8316cb7622a5,"{""l2_regularization"": 0.01, ""learning_rate"": 0.1, ""max_iter"": 150, ""max_leaf_nodes"": 63}",0.9575758896035929,16,numeric_particleid_0_49_locked,50,ParticleID_0; ParticleID_1; ParticleID_2; ParticleID_3; ParticleID_4; ParticleID_5; ParticleID_6; ParticleID_7; ParticleID_8; ParticleID_9; ParticleID_10; ParticleID_11; ParticleID_12; ParticleID_13; ParticleID_14; ParticleID_15; ParticleID_16; ParticleID_17; ParticleID_18; ParticleID_19; ParticleID_20; ParticleID_21; ParticleID_22; ParticleID_23; ParticleID_24; ParticleID_25; ParticleID_26; ParticleID_27; ParticleID_28; ParticleID_29; ParticleID_30; ParticleID_31; ParticleID_32; ParticleID_33; ParticleID_34; ParticleID_35; ParticleID_36; ParticleID_37; ParticleID_38; ParticleID_39; ParticleID_40; ParticleID_41; ParticleID_42; ParticleID_43; ParticleID_44; ParticleID_45; ParticleID_46; ParticleID_47; ParticleID_48; ParticleID_49,104051,26013,0.28062200267176673,0.2806289163110752,0.9855911317968828,0.9607777026574006,0.9607777026574006,0.9024024024024024,0.9330091490129564,0.13742288433164238,0.04071920270562589,230.382711,0.921013,stage05_seed_stability_draft,Разрешен только аудит устойчивости к зернам случайности; строка не является самостоятельным итоговым выводом.
ST05_02_seed_stability_grid,miniboone_hgb_vs_logreg_average_precision_v01,nested_seed_stability_v01,nested_5x2_seed_grid_v01,openml_miniboone_41150,41150,MiniBooNE,signal,False,True,True,20260527,3,1,3,5,2,,,dummy_prior,control,not_applicable_control_model,,,,numeric_particleid_0_49_locked,50,ParticleID_0; ParticleID_1; ParticleID_2; ParticleID_3; ParticleID_4; ParticleID_5; ParticleID_6; ParticleID_7; ParticleID_8; ParticleID_9; ParticleID_10; ParticleID_11; ParticleID_12; ParticleID_13; ParticleID_14; ParticleID_15; ParticleID_16; ParticleID_17; ParticleID_18; ParticleID_19; ParticleID_20; ParticleID_21; ParticleID_22; ParticleID_23; ParticleID_24; ParticleID_25; ParticleID_26; ParticleID_27; ParticleID_28; ParticleID_29; ParticleID_30; ParticleID_31; ParticleID_32; ParticleID_33; ParticleID_34; ParticleID_35; ParticleID_36; ParticleID_37; ParticleID_38; ParticleID_39; ParticleID_40; ParticleID_41; ParticleID_42; ParticleID_43; ParticleID_44; ParticleID_45; ParticleID_46; ParticleID_47; ParticleID_48; ParticleID_49,104051,26013,0.28062200267176673,0.2806289163110752,0.5,0.2806289163110752,0.2806289163110752,0.0,0.5,0.5935463243336803,0.20187632768894515,0.007301,0.031432,stage05_seed_stability_draft,Разрешен только аудит устойчивости к зернам случайности; строка не является самостоятельным итоговым выводом.
ST05_02_seed_stability_grid,miniboone_hgb_vs_logreg_average_precision_v01,nested_seed_stability_v01,nested_5x2_seed_grid_v01,openml_miniboone_41150,41150,MiniBooNE,signal,False,True,True,20260527,3,1,3,5,2,,,logistic_regression,control,not_applicable_control_model,,,,numeric_particleid_0_49_locked,50,ParticleID_0; ParticleID_1; ParticleID_2; ParticleID_3; ParticleID_4; ParticleID_5; ParticleID_6; ParticleID_7; ParticleID_8; ParticleID_9; ParticleID_10; ParticleID_11; ParticleID_12; ParticleID_13; ParticleID_14; ParticleID_15; ParticleID_16; ParticleID_17; ParticleID_18; ParticleID_19; ParticleID_20; ParticleID_21; ParticleID_22; ParticleID_23; ParticleID_24; ParticleID_25; ParticleID_26; ParticleID_27; ParticleID_28; ParticleID_29; ParticleID_30; ParticleID_31; ParticleID_32; ParticleID_33; ParticleID_34; ParticleID_35; ParticleID_36; ParticleID_37; ParticleID_38; ParticleID_39; ParticleID_40; ParticleID_41; ParticleID_42; ParticleID_43; ParticleID_44; ParticleID_45; ParticleID_46; ParticleID_47; ParticleID_48; ParticleID_49,104051,26013,0.28062200267176673,0.2806289163110752,0.941238864784499,0.8716994712059072,0.8716994712059072,0.7780748663101604,0.8340249654294978,0.2813638299600399,0.08433556474471093,3.520817,0.067352,stage05_seed_stability_draft,Разрешен только аудит устойчивости к зернам случайности; строка не является самостоятельным итоговым выводом.
ST05_02_seed_stability_grid,miniboone_hgb_vs_logreg_average_precision_v01,nested_seed_stability_v01,nested_5x2_seed_grid_v01,openml_miniboone_41150,41150,MiniBooNE,signal,False,True,True,20260527,4,1,4,5,2,3,20260530,hist_gradient_boosting,tuned_candidate,hgb_8316cb7622a5,"{""l2_regularization"": 0.01, ""learning_rate"": 0.1, ""max_iter"": 150, ""max_leaf_nodes"": 63}",0.9574981666795558,16,numeric_particleid_0_49_locked,50,ParticleID_0; ParticleID_1; ParticleID_2; ParticleID_3; ParticleID_4; ParticleID_5; ParticleID_6; ParticleID_7; ParticleID_8; ParticleID_9; ParticleID_10; ParticleID_11; ParticleID_12; ParticleID_13; ParticleID_14; ParticleID_15; ParticleID_16; ParticleID_17; ParticleID_18; ParticleID_19; ParticleID_20; ParticleID_21; ParticleID_22; ParticleID_23; ParticleID_24; ParticleID_25; ParticleID_26; ParticleID_27; ParticleID_28; ParticleID_29; ParticleID_30; ParticleID_31; ParticleID_32; ParticleID_33; ParticleID_34; ParticleID_35; ParticleID_36; ParticleID_37; ParticleID_38; ParticleID_39; ParticleID_40; ParticleID_41; ParticleID_42; ParticleID_43; ParticleID_44; ParticleID_45; ParticleID_46; ParticleID_47; ParticleID_48; ParticleID_49,104051,26013,0.28062200267176673,0.2806289163110752,0.9853487978835314,0.9599948260889111,0.9599948260889111,0.9014486839420527,0.9331698606711765,0.13871506505322762,0.0410151139103882,234.429045,0.881051,stage05_seed_stability_draft,Разрешен только аудит устойчивости к зернам случайности; строка не является самостоятельным итоговым выводом.
ST05_02_seed_stability_grid,miniboone_hgb_vs_logreg_average_precision_v01,nested_seed_stability_v01,nested_5x2_seed_grid_v01,openml_miniboone_41150,41150,MiniBooNE,signal,False,True,True,20260527,4,1,4,5,2,,,dummy_prior,control,not_applicable_control_model,,,,numeric_particleid_0_49_locked,50,ParticleID_0; ParticleID_1; ParticleID_2; ParticleID_3; ParticleID_4; ParticleID_5; ParticleID_6; ParticleID_7; ParticleID_8; ParticleID_9; ParticleID_10; ParticleID_11; ParticleID_12; ParticleID_13; ParticleID_14; ParticleID_15; ParticleID_16; ParticleID_17; ParticleID_18; ParticleID_19; ParticleID_20; ParticleID_21; ParticleID_22; ParticleID_23; ParticleID_24; ParticleID_25; ParticleID_26; ParticleID_27; ParticleID_28; ParticleID_29; ParticleID_30; ParticleID_31; ParticleID_32; ParticleID_33; ParticleID_34; ParticleID_35; ParticleID_36; ParticleID_37; ParticleID_38; ParticleID_39; ParticleID_40; ParticleID_41; ParticleID_42; ParticleID_43; ParticleID_44; ParticleID_45; ParticleID_46; ParticleID_47; ParticleID_48; ParticleID_49,104051,26013,0.28062200267176673,0.2806289163110752,0.5,0.2806289163110752,0.2806289163110752,0.0,0.5,0.5935463243336803,0.20187632768894515,0.004634,0.032523,stage05_seed_stability_draft,Разрешен только аудит устойчивости к зернам случайности; строка не является самостоятельным итоговым выводом.
ST05_02_seed_stability_grid,miniboone_hgb_vs_logreg_average_precision_v01,nested_seed_stability_v01,nested_5x2_seed_grid_v01,openml_miniboone_41150,41150,MiniBooNE,signal,False,True,True,20260527,4,1,4,5,2,,,logistic_regression,control,not_applicable_control_model,,,,numeric_particleid_0_49_locked,50,ParticleID_0; ParticleID_1; ParticleID_2; ParticleID_3; ParticleID_4; ParticleID_5; ParticleID_6; ParticleID_7; ParticleID_8; ParticleID_9; ParticleID_10; ParticleID_11; ParticleID_12; ParticleID_13; ParticleID_14; ParticleID_15; ParticleID_16; ParticleID_17; ParticleID_18; ParticleID_19; ParticleID_20; ParticleID_21; ParticleID_22; ParticleID_23; ParticleID_24; ParticleID_25; ParticleID_26; ParticleID_27; ParticleID_28; ParticleID_29; ParticleID_30; ParticleID_31; ParticleID_32; ParticleID_33; ParticleID_34; ParticleID_35; ParticleID_36; ParticleID_37; ParticleID_38; ParticleID_39; ParticleID_40; ParticleID_41; ParticleID_42; ParticleID_43; ParticleID_44; ParticleID_45; ParticleID_46; ParticleID_47; ParticleID_48; ParticleID_49,104051,26013,0.28062200267176673,0.2806289163110752,0.9405996929831946,0.8707064234074556,0.8707064234074556,0.7825641025641026,0.8388620503364081,0.28276737722986617,0.08423366719177919,3.928333,0.0789,stage05_seed_stability_draft,Разрешен только аудит устойчивости к зернам случайности; строка не является самостоятельным итоговым выводом.
ST05_02_seed_stability_grid,miniboone_hgb_vs_logreg_average_precision_v01,nested_seed_stability_v01,nested_5x2_seed_grid_v01,openml_miniboone_41150,41150,MiniBooNE,signal,False,True,True,20260527,5,1,5,5,2,3,20260531,hist_gradient_boosting,tuned_candidate,hgb_b5168b128e78,"{""l2_regularization"": 0.0, ""learning_rate"": 0.1, ""max_iter"": 150, ""max_leaf_nodes"": 63}",0.9587651814293872,16,numeric_particleid_0_49_locked,50,ParticleID_0; ParticleID_1; ParticleID_2; ParticleID_3; ParticleID_4; ParticleID_5; ParticleID_6; ParticleID_7; ParticleID_8; ParticleID_9; ParticleID_10; ParticleID_11; ParticleID_12; ParticleID_13; ParticleID_14; ParticleID_15; ParticleID_16; ParticleID_17; ParticleID_18; ParticleID_19; ParticleID_20; ParticleID_21; ParticleID_22; ParticleID_23; ParticleID_24; ParticleID_25; ParticleID_26; ParticleID_27; ParticleID_28; ParticleID_29; ParticleID_30; ParticleID_31; ParticleID_32; ParticleID_33; ParticleID_34; ParticleID_35; ParticleID_36; ParticleID_37; ParticleID_38; ParticleID_39; ParticleID_40; ParticleID_41; ParticleID_42; ParticleID_43; ParticleID_44; ParticleID_45; ParticleID_46; ParticleID_47; ParticleID_48; ParticleID_49,104052,26012,0.2806289163110752,0.28060126095648164,0.9845379679571845,0.9572907009611265,0.9572907009611265,0.90210976188861,0.9342848739162768,0.14117110726883594,0.0412158757909397,234.349656,0.776574,stage05_seed_stability_draft,Разрешен только аудит устойчивости к зернам случайности; строка не является самостоятельным итоговым выводом.
ST05_02_seed_stability_grid,miniboone_hgb_vs_logreg_average_precision_v01,nested_seed_stability_v01,nested_5x2_seed_grid_v01,openml_miniboone_41150,41150,MiniBooNE,signal,False,True,True,20260527,5,1,5,5,2,,,dummy_prior,control,not_applicable_control_model,,,,numeric_particleid_0_49_locked,50,ParticleID_0; ParticleID_1; ParticleID_2; ParticleID_3; ParticleID_4; ParticleID_5; ParticleID_6; ParticleID_7; ParticleID_8; ParticleID_9; ParticleID_10; ParticleID_11; ParticleID_12; ParticleID_13; ParticleID_14; ParticleID_15; ParticleID_16; ParticleID_17; ParticleID_18; ParticleID_19; ParticleID_20; ParticleID_21; ParticleID_22; ParticleID_23; ParticleID_24; ParticleID_25; ParticleID_26; ParticleID_27; ParticleID_28; ParticleID_29; ParticleID_30; ParticleID_31; ParticleID_32; ParticleID_33; ParticleID_34; ParticleID_35; ParticleID_36; ParticleID_37; ParticleID_38; ParticleID_39; ParticleID_40; ParticleID_41; ParticleID_42; ParticleID_43; ParticleID_44; ParticleID_45; ParticleID_46; ParticleID_47; ParticleID_48; ParticleID_49,104052,26012,0.2806289163110752,0.28060126095648164,0.5,0.28060126095648164,0.28060126095648164,0.0,0.5,0.5935202910098233,0.2018641940709328,0.005037,0.031654,stage05_seed_stability_draft,Разрешен только аудит устойчивости к зернам случайности; строка не является самостоятельным итоговым выводом.
ST05_02_seed_stability_grid,miniboone_hgb_vs_logreg_average_precision_v01,nested_seed_stability_v01,nested_5x2_seed_grid_v01,openml_miniboone_41150,41150,MiniBooNE,signal,False,True,True,20260527,5,1,5,5,2,,,logistic_regression,control,not_applicable_control_model,,,,numeric_particleid_0_49_locked,50,ParticleID_0; ParticleID_1; ParticleID_2; ParticleID_3; ParticleID_4; ParticleID_5; ParticleID_6; ParticleID_7; ParticleID_8; ParticleID_9; ParticleID_10; ParticleID_11; ParticleID_12; ParticleID_13; ParticleID_14; ParticleID_15; ParticleID_16; ParticleID_17; ParticleID_18; ParticleID_19; ParticleID_20; ParticleID_21; ParticleID_22; ParticleID_23; ParticleID_24; ParticleID_25; ParticleID_26; ParticleID_27; ParticleID_28; ParticleID_29; ParticleID_30; ParticleID_31; ParticleID_32; ParticleID_33; ParticleID_34; ParticleID_35; ParticleID_36; ParticleID_37; ParticleID_38; ParticleID_39; ParticleID_40; ParticleID_41; ParticleID_42; ParticleID_43; ParticleID_44; ParticleID_45; ParticleID_46; ParticleID_47; ParticleID_48; ParticleID_49,104052,26012,0.2806289163110752,0.28060126095648164,0.9401005022564982,0.8660137273743396,0.8660137273743396,0.7773351040283312,0.8344993114128005,0.2856810835409851,0.08572545906343297,3.206758,0.073314,stage05_seed_stability_draft,Разрешен только аудит устойчивости к зернам случайности; строка не является самостоятельным итоговым выводом.
ST05_02_seed_stability_grid,miniboone_hgb_vs_logreg_average_precision_v01,nested_seed_stability_v01,nested_5x2_seed_grid_v01,openml_miniboone_41150,41150,MiniBooNE,signal,False,True,True,20260527,6,2,1,5,2,3,20260532,hist_gradient_boosting,tuned_candidate,hgb_8316cb7622a5,"{""l2_regularization"": 0.01, ""learning_rate"": 0.1, ""max_iter"": 150, ""max_leaf_nodes"": 63}",0.9588382083800281,16,numeric_particleid_0_49_locked,50,ParticleID_0; ParticleID_1; ParticleID_2; ParticleID_3; ParticleID_4; ParticleID_5; ParticleID_6; ParticleID_7; ParticleID_8; ParticleID_9; ParticleID_10; ParticleID_11; ParticleID_12; ParticleID_13; ParticleID_14; ParticleID_15; ParticleID_16; ParticleID_17; ParticleID_18; ParticleID_19; ParticleID_20; ParticleID_21; ParticleID_22; ParticleID_23; ParticleID_24; ParticleID_25; ParticleID_26; ParticleID_27; ParticleID_28; ParticleID_29; ParticleID_30; ParticleID_31; ParticleID_32; ParticleID_33; ParticleID_34; ParticleID_35; ParticleID_36; ParticleID_37; ParticleID_38; ParticleID_39; ParticleID_40; ParticleID_41; ParticleID_42; ParticleID_43; ParticleID_44; ParticleID_45; ParticleID_46; ParticleID_47; ParticleID_48; ParticleID_49,104051,26013,0.28062200267176673,0.2806289163110752,0.9846962078227064,0.9577045855204943,0.9577045855204943,0.8993188010899182,0.9313088805745622,0.1410017099299137,0.04157956094559217,237.15667,0.858265,stage05_seed_stability_draft,Разрешен только аудит устойчивости к зернам случайности; строка не является самостоятельным итоговым выводом.
ST05_02_seed_stability_grid,miniboone_hgb_vs_logreg_average_precision_v01,nested_seed_stability_v01,nested_5x2_seed_grid_v01,openml_miniboone_41150,41150,MiniBooNE,signal,False,True,True,20260527,6,2,1,5,2,,,dummy_prior,control,not_applicable_control_model,,,,numeric_particleid_0_49_locked,50,ParticleID_0; ParticleID_1; ParticleID_2; ParticleID_3; ParticleID_4; ParticleID_5; ParticleID_6; ParticleID_7; ParticleID_8; ParticleID_9; ParticleID_10; ParticleID_11; ParticleID_12; ParticleID_13; ParticleID_14; ParticleID_15; ParticleID_16; ParticleID_17; ParticleID_18; ParticleID_19; ParticleID_20; ParticleID_21; ParticleID_22; ParticleID_23; ParticleID_24; ParticleID_25; ParticleID_26; ParticleID_27; ParticleID_28; ParticleID_29; ParticleID_30; ParticleID_31; ParticleID_32; ParticleID_33; ParticleID_34; ParticleID_35; ParticleID_36; ParticleID_37; ParticleID_38; ParticleID_39; ParticleID_40; ParticleID_41; ParticleID_42; ParticleID_43; ParticleID_44; ParticleID_45; ParticleID_46; ParticleID_47; ParticleID_48; ParticleID_49,104051,26013,0.28062200267176673,0.2806289163110752,0.5,0.2806289163110752,0.2806289163110752,0.0,0.5,0.5935463243336803,0.20187632768894515,0.005668,0.027727,stage05_seed_stability_draft,Разрешен только аудит устойчивости к зернам случайности; строка не является самостоятельным итоговым выводом.
ST05_02_seed_stability_grid,miniboone_hgb_vs_logreg_average_precision_v01,nested_seed_stability_v01,nested_5x2_seed_grid_v01,openml_miniboone_41150,41150,MiniBooNE,signal,False,True,True,20260527,6,2,1,5,2,,,logistic_regression,control,not_applicable_control_model,,,,numeric_particleid_0_49_locked,50,ParticleID_0; ParticleID_1; ParticleID_2; ParticleID_3; ParticleID_4; ParticleID_5; ParticleID_6; ParticleID_7; ParticleID_8; ParticleID_9; ParticleID_10; ParticleID_11; ParticleID_12; ParticleID_13; ParticleID_14; ParticleID_15; ParticleID_16; ParticleID_17; ParticleID_18; ParticleID_19; ParticleID_20; ParticleID_21; ParticleID_22; ParticleID_23; ParticleID_24; ParticleID_25; ParticleID_26; ParticleID_27; ParticleID_28; ParticleID_29; ParticleID_30; ParticleID_31; ParticleID_32; ParticleID_33; ParticleID_34; ParticleID_35; ParticleID_36; ParticleID_37; ParticleID_38; ParticleID_39; ParticleID_40; ParticleID_41; ParticleID_42; ParticleID_43; ParticleID_44; ParticleID_45; ParticleID_46; ParticleID_47; ParticleID_48; ParticleID_49,104051,26013,0.28062200267176673,0.2806289163110752,0.9386116237411689,0.8671240425782883,0.8671240425782883,0.7770822593710877,0.8345703118994999,0.28578988066962774,0.08565873760633454,3.892411,0.071403,stage05_seed_stability_draft,Разрешен только аудит устойчивости к зернам случайности; строка не является самостоятельным итоговым выводом.
ST05_02_seed_stability_grid,miniboone_hgb_vs_logreg_average_precision_v01,nested_seed_stability_v01,nested_5x2_seed_grid_v01,openml_miniboone_41150,41150,MiniBooNE,signal,False,True,True,20260527,7,2,2,5,2,3,20260533,hist_gradient_boosting,tuned_candidate,hgb_8316cb7622a5,"{""l2_regularization"": 0.01, ""learning_rate"": 0.1, ""max_iter"": 150, ""max_leaf_nodes"": 63}",0.9586872237330887,16,numeric_particleid_0_49_locked,50,ParticleID_0; ParticleID_1; ParticleID_2; ParticleID_3; ParticleID_4; ParticleID_5; ParticleID_6; ParticleID_7; ParticleID_8; ParticleID_9; ParticleID_10; ParticleID_11; ParticleID_12; ParticleID_13; ParticleID_14; ParticleID_15; ParticleID_16; ParticleID_17; ParticleID_18; ParticleID_19; ParticleID_20; ParticleID_21; ParticleID_22; ParticleID_23; ParticleID_24; ParticleID_25; ParticleID_26; ParticleID_27; ParticleID_28; ParticleID_29; ParticleID_30; ParticleID_31; ParticleID_32; ParticleID_33; ParticleID_34; ParticleID_35; ParticleID_36; ParticleID_37; ParticleID_38; ParticleID_39; ParticleID_40; ParticleID_41; ParticleID_42; ParticleID_43; ParticleID_44; ParticleID_45; ParticleID_46; ParticleID_47; ParticleID_48; ParticleID_49,104051,26013,0.28062200267176673,0.2806289163110752,0.9846924524669319,0.9573248543041303,0.9573248543041303,0.9005895507216914,0.933440839237831,0.1411219623438793,0.04159977075642585,234.750427,1.017327,stage05_seed_stability_draft,Разрешен только аудит устойчивости к зернам случайности; строка не является самостоятельным итоговым выводом.
ST05_02_seed_stability_grid,miniboone_hgb_vs_logreg_average_precision_v01,nested_seed_stability_v01,nested_5x2_seed_grid_v01,openml_miniboone_41150,41150,MiniBooNE,signal,False,True,True,20260527,7,2,2,5,2,,,dummy_prior,control,not_applicable_control_model,,,,numeric_particleid_0_49_locked,50,ParticleID_0; ParticleID_1; ParticleID_2; ParticleID_3; ParticleID_4; ParticleID_5; ParticleID_6; ParticleID_7; ParticleID_8; ParticleID_9; ParticleID_10; ParticleID_11; ParticleID_12; ParticleID_13; ParticleID_14; ParticleID_15; ParticleID_16; ParticleID_17; ParticleID_18; ParticleID_19; ParticleID_20; ParticleID_21; ParticleID_22; ParticleID_23; ParticleID_24; ParticleID_25; ParticleID_26; ParticleID_27; ParticleID_28; ParticleID_29; ParticleID_30; ParticleID_31; ParticleID_32; ParticleID_33; ParticleID_34; ParticleID_35; ParticleID_36; ParticleID_37; ParticleID_38; ParticleID_39; ParticleID_40; ParticleID_41; ParticleID_42; ParticleID_43; ParticleID_44; ParticleID_45; ParticleID_46; ParticleID_47; ParticleID_48; ParticleID_49,104051,26013,0.28062200267176673,0.2806289163110752,0.5,0.2806289163110752,0.2806289163110752,0.0,0.5,0.5935463243336803,0.20187632768894515,0.005398,0.031235,stage05_seed_stability_draft,Разрешен только аудит устойчивости к зернам случайности; строка не является самостоятельным итоговым выводом.
ST05_02_seed_stability_grid,miniboone_hgb_vs_logreg_average_precision_v01,nested_seed_stability_v01,nested_5x2_seed_grid_v01,openml_miniboone_41150,41150,MiniBooNE,signal,False,True,True,20260527,7,2,2,5,2,,,logistic_regression,control,not_applicable_control_model,,,,numeric_particleid_0_49_locked,50,ParticleID_0; ParticleID_1; ParticleID_2; ParticleID_3; ParticleID_4; ParticleID_5; ParticleID_6; ParticleID_7; ParticleID_8; ParticleID_9; ParticleID_10; ParticleID_11; ParticleID_12; ParticleID_13; ParticleID_14; ParticleID_15; ParticleID_16; ParticleID_17; ParticleID_18; ParticleID_19; ParticleID_20; ParticleID_21; ParticleID_22; ParticleID_23; ParticleID_24; ParticleID_25; ParticleID_26; ParticleID_27; ParticleID_28; ParticleID_29; ParticleID_30; ParticleID_31; ParticleID_32; ParticleID_33; ParticleID_34; ParticleID_35; ParticleID_36; ParticleID_37; ParticleID_38; ParticleID_39; ParticleID_40; ParticleID_41; ParticleID_42; ParticleID_43; ParticleID_44; ParticleID_45; ParticleID_46; ParticleID_47; ParticleID_48; ParticleID_49,104051,26013,0.28062200267176673,0.2806289163110752,0.9397610188214333,0.8688803097459259,0.8688803097459259,0.7783672266430887,0.8353286229117696,0.2835547194324169,0.0850475691453801,2.770469,0.086518,stage05_seed_stability_draft,Разрешен только аудит устойчивости к зернам случайности; строка не является самостоятельным итоговым выводом.
ST05_02_seed_stability_grid,miniboone_hgb_vs_logreg_average_precision_v01,nested_seed_stability_v01,nested_5x2_seed_grid_v01,openml_miniboone_41150,41150,MiniBooNE,signal,False,True,True,20260527,8,2,3,5,2,3,20260534,hist_gradient_boosting,tuned_candidate,hgb_b5168b128e78,"{""l2_regularization"": 0.0, ""learning_rate"": 0.1, ""max_iter"": 150, ""max_leaf_nodes"": 63}",0.9582624775208094,16,numeric_particleid_0_49_locked,50,ParticleID_0; ParticleID_1; ParticleID_2; ParticleID_3; ParticleID_4; ParticleID_5; ParticleID_6; ParticleID_7; ParticleID_8; ParticleID_9; ParticleID_10; ParticleID_11; ParticleID_12; ParticleID_13; ParticleID_14; ParticleID_15; ParticleID_16; ParticleID_17; ParticleID_18; ParticleID_19; ParticleID_20; ParticleID_21; ParticleID_22; ParticleID_23; ParticleID_24; ParticleID_25; ParticleID_26; ParticleID_27; ParticleID_28; ParticleID_29; ParticleID_30; ParticleID_31; ParticleID_32; ParticleID_33; ParticleID_34; ParticleID_35; ParticleID_36; ParticleID_37; ParticleID_38; ParticleID_39; ParticleID_40; ParticleID_41; ParticleID_42; ParticleID_43; ParticleID_44; ParticleID_45; ParticleID_46; ParticleID_47; ParticleID_48; ParticleID_49,104051,26013,0.28062200267176673,0.2806289163110752,0.9849464221268783,0.9599236511622249,0.9599236511622249,0.9004205670872337,0.9330799297828994,0.14069202731422234,0.041760585913430875,245.226795,0.859462,stage05_seed_stability_draft,Разрешен только аудит устойчивости к зернам случайности; строка не является самостоятельным итоговым выводом.
ST05_02_seed_stability_grid,miniboone_hgb_vs_logreg_average_precision_v01,nested_seed_stability_v01,nested_5x2_seed_grid_v01,openml_miniboone_41150,41150,MiniBooNE,signal,False,True,True,20260527,8,2,3,5,2,,,dummy_prior,control,not_applicable_control_model,,,,numeric_particleid_0_49_locked,50,ParticleID_0; ParticleID_1; ParticleID_2; ParticleID_3; ParticleID_4; ParticleID_5; ParticleID_6; ParticleID_7; ParticleID_8; ParticleID_9; ParticleID_10; ParticleID_11; ParticleID_12; ParticleID_13; ParticleID_14; ParticleID_15; ParticleID_16; ParticleID_17; ParticleID_18; ParticleID_19; ParticleID_20; ParticleID_21; ParticleID_22; ParticleID_23; ParticleID_24; ParticleID_25; ParticleID_26; ParticleID_27; ParticleID_28; ParticleID_29; ParticleID_30; ParticleID_31; ParticleID_32; ParticleID_33; ParticleID_34; ParticleID_35; ParticleID_36; ParticleID_37; ParticleID_38; ParticleID_39; ParticleID_40; ParticleID_41; ParticleID_42; ParticleID_43; ParticleID_44; ParticleID_45; ParticleID_46; ParticleID_47; ParticleID_48; ParticleID_49,104051,26013,0.28062200267176673,0.2806289163110752,0.5,0.2806289163110752,0.2806289163110752,0.0,0.5,0.5935463243336803,0.20187632768894515,0.004408,0.028473,stage05_seed_stability_draft,Разрешен только аудит устойчивости к зернам случайности; строка не является самостоятельным итоговым выводом.
ST05_02_seed_stability_grid,miniboone_hgb_vs_logreg_average_precision_v01,nested_seed_stability_v01,nested_5x2_seed_grid_v01,openml_miniboone_41150,41150,MiniBooNE,signal,False,True,True,20260527,8,2,3,5,2,,,logistic_regression,control,not_applicable_control_model,,,,numeric_particleid_0_49_locked,50,ParticleID_0; ParticleID_1; ParticleID_2; ParticleID_3; ParticleID_4; ParticleID_5; ParticleID_6; ParticleID_7; ParticleID_8; ParticleID_9; ParticleID_10; ParticleID_11; ParticleID_12; ParticleID_13; ParticleID_14; ParticleID_15; ParticleID_16; ParticleID_17; ParticleID_18; ParticleID_19; ParticleID_20; ParticleID_21; ParticleID_22; ParticleID_23; ParticleID_24; ParticleID_25; ParticleID_26; ParticleID_27; ParticleID_28; ParticleID_29; ParticleID_30; ParticleID_31; ParticleID_32; ParticleID_33; ParticleID_34; ParticleID_35; ParticleID_36; ParticleID_37; ParticleID_38; ParticleID_39; ParticleID_40; ParticleID_41; ParticleID_42; ParticleID_43; ParticleID_44; ParticleID_45; ParticleID_46; ParticleID_47; ParticleID_48; ParticleID_49,104051,26013,0.28062200267176673,0.2806289163110752,0.9399500200944475,0.867970668509372,0.867970668509372,0.7780158085247839,0.8347404009665832,0.2846181163560097,0.08516305279793365,3.710887,0.077327,stage05_seed_stability_draft,Разрешен только аудит устойчивости к зернам случайности; строка не является самостоятельным итоговым выводом.
ST05_02_seed_stability_grid,miniboone_hgb_vs_logreg_average_precision_v01,nested_seed_stability_v01,nested_5x2_seed_grid_v01,openml_miniboone_41150,41150,MiniBooNE,signal,False,True,True,20260527,9,2,4,5,2,3,20260535,hist_gradient_boosting,tuned_candidate,hgb_8316cb7622a5,"{""l2_regularization"": 0.01, ""learning_rate"": 0.1, ""max_iter"": 150, ""max_leaf_nodes"": 63}",0.9577008385806077,16,numeric_particleid_0_49_locked,50,ParticleID_0; ParticleID_1; ParticleID_2; ParticleID_3; ParticleID_4; ParticleID_5; ParticleID_6; ParticleID_7; ParticleID_8; ParticleID_9; ParticleID_10; ParticleID_11; ParticleID_12; ParticleID_13; ParticleID_14; ParticleID_15; ParticleID_16; ParticleID_17; ParticleID_18; ParticleID_19; ParticleID_20; ParticleID_21; ParticleID_22; ParticleID_23; ParticleID_24; ParticleID_25; ParticleID_26; ParticleID_27; ParticleID_28; ParticleID_29; ParticleID_30; ParticleID_31; ParticleID_32; ParticleID_33; ParticleID_34; ParticleID_35; ParticleID_36; ParticleID_37; ParticleID_38; ParticleID_39; ParticleID_40; ParticleID_41; ParticleID_42; ParticleID_43; ParticleID_44; ParticleID_45; ParticleID_46; ParticleID_47; ParticleID_48; ParticleID_49,104051,26013,0.28062200267176673,0.2806289163110752,0.9852673696185129,0.9579581768886031,0.9579581768886031,0.9034623217922607,0.9350191757396698,0.13781358844553793,0.040335095600699325,260.478744,1.032669,stage05_seed_stability_draft,Разрешен только аудит устойчивости к зернам случайности; строка не является самостоятельным итоговым выводом.
ST05_02_seed_stability_grid,miniboone_hgb_vs_logreg_average_precision_v01,nested_seed_stability_v01,nested_5x2_seed_grid_v01,openml_miniboone_41150,41150,MiniBooNE,signal,False,True,True,20260527,9,2,4,5,2,,,dummy_prior,control,not_applicable_control_model,,,,numeric_particleid_0_49_locked,50,ParticleID_0; ParticleID_1; ParticleID_2; ParticleID_3; ParticleID_4; ParticleID_5; ParticleID_6; ParticleID_7; ParticleID_8; ParticleID_9; ParticleID_10; ParticleID_11; ParticleID_12; ParticleID_13; ParticleID_14; ParticleID_15; ParticleID_16; ParticleID_17; ParticleID_18; ParticleID_19; ParticleID_20; ParticleID_21; ParticleID_22; ParticleID_23; ParticleID_24; ParticleID_25; ParticleID_26; ParticleID_27; ParticleID_28; ParticleID_29; ParticleID_30; ParticleID_31; ParticleID_32; ParticleID_33; ParticleID_34; ParticleID_35; ParticleID_36; ParticleID_37; ParticleID_38; ParticleID_39; ParticleID_40; ParticleID_41; ParticleID_42; ParticleID_43; ParticleID_44; ParticleID_45; ParticleID_46; ParticleID_47; ParticleID_48; ParticleID_49,104051,26013,0.28062200267176673,0.2806289163110752,0.5,0.2806289163110752,0.2806289163110752,0.0,0.5,0.5935463243336803,0.20187632768894515,0.004279,0.033692,stage05_seed_stability_draft,Разрешен только аудит устойчивости к зернам случайности; строка не является самостоятельным итоговым выводом.
ST05_02_seed_stability_grid,miniboone_hgb_vs_logreg_average_precision_v01,nested_seed_stability_v01,nested_5x2_seed_grid_v01,openml_miniboone_41150,41150,MiniBooNE,signal,False,True,True,20260527,9,2,4,5,2,,,logistic_regression,control,not_applicable_control_model,,,,numeric_particleid_0_49_locked,50,ParticleID_0; ParticleID_1; ParticleID_2; ParticleID_3; ParticleID_4; ParticleID_5; ParticleID_6; ParticleID_7; ParticleID_8; ParticleID_9; ParticleID_10; ParticleID_11; ParticleID_12; ParticleID_13; ParticleID_14; ParticleID_15; ParticleID_16; ParticleID_17; ParticleID_18; ParticleID_19; ParticleID_20; ParticleID_21; ParticleID_22; ParticleID_23; ParticleID_24; ParticleID_25; ParticleID_26; ParticleID_27; ParticleID_28; ParticleID_29; ParticleID_30; ParticleID_31; ParticleID_32; ParticleID_33; ParticleID_34; ParticleID_35; ParticleID_36; ParticleID_37; ParticleID_38; ParticleID_39; ParticleID_40; ParticleID_41; ParticleID_42; ParticleID_43; ParticleID_44; ParticleID_45; ParticleID_46; ParticleID_47; ParticleID_48; ParticleID_49,104051,26013,0.28062200267176673,0.2806289163110752,0.9408584648134879,0.8654334355497033,0.8654334355497033,0.7791614472035959,0.8358314050228066,0.28487021884015706,0.08485582617793534,3.210934,0.0726,stage05_seed_stability_draft,Разрешен только аудит устойчивости к зернам случайности; строка не является самостоятельным итоговым выводом.
ST05_02_seed_stability_grid,miniboone_hgb_vs_logreg_average_precision_v01,nested_seed_stability_v01,nested_5x2_seed_grid_v01,openml_miniboone_41150,41150,MiniBooNE,signal,False,True,True,20260527,10,2,5,5,2,3,20260536,hist_gradient_boosting,tuned_candidate,hgb_8316cb7622a5,"{""l2_regularization"": 0.01, ""learning_rate"": 0.1, ""max_iter"": 150, ""max_leaf_nodes"": 63}",0.9566329523982727,16,numeric_particleid_0_49_locked,50,ParticleID_0; ParticleID_1; ParticleID_2; ParticleID_3; ParticleID_4; ParticleID_5; ParticleID_6; ParticleID_7; ParticleID_8; ParticleID_9; ParticleID_10; ParticleID_11; ParticleID_12; ParticleID_13; ParticleID_14; ParticleID_15; ParticleID_16; ParticleID_17; ParticleID_18; ParticleID_19; ParticleID_20; ParticleID_21; ParticleID_22; ParticleID_23; ParticleID_24; ParticleID_25; ParticleID_26; ParticleID_27; ParticleID_28; ParticleID_29; ParticleID_30; ParticleID_31; ParticleID_32; ParticleID_33; ParticleID_34; ParticleID_35; ParticleID_36; ParticleID_37; ParticleID_38; ParticleID_39; ParticleID_40; ParticleID_41; ParticleID_42; ParticleID_43; ParticleID_44; ParticleID_45; ParticleID_46; ParticleID_47; ParticleID_48; ParticleID_49,104052,26012,0.2806289163110752,0.28060126095648164,0.9856331702121532,0.9624659240731879,0.9624659240731879,0.9021931616945921,0.9333855479837064,0.13778755473555745,0.040794395922474594,254.113668,0.955112,stage05_seed_stability_draft,Разрешен только аудит устойчивости к зернам случайности; строка не является самостоятельным итоговым выводом.
ST05_02_seed_stability_grid,miniboone_hgb_vs_logreg_average_precision_v01,nested_seed_stability_v01,nested_5x2_seed_grid_v01,openml_miniboone_41150,41150,MiniBooNE,signal,False,True,True,20260527,10,2,5,5,2,,,dummy_prior,control,not_applicable_control_model,,,,numeric_particleid_0_49_locked,50,ParticleID_0; ParticleID_1; ParticleID_2; ParticleID_3; ParticleID_4; ParticleID_5; ParticleID_6; ParticleID_7; ParticleID_8; ParticleID_9; ParticleID_10; ParticleID_11; ParticleID_12; ParticleID_13; ParticleID_14; ParticleID_15; ParticleID_16; ParticleID_17; ParticleID_18; ParticleID_19; ParticleID_20; ParticleID_21; ParticleID_22; ParticleID_23; ParticleID_24; ParticleID_25; ParticleID_26; ParticleID_27; ParticleID_28; ParticleID_29; ParticleID_30; ParticleID_31; ParticleID_32; ParticleID_33; ParticleID_34; ParticleID_35; ParticleID_36; ParticleID_37; ParticleID_38; ParticleID_39; ParticleID_40; ParticleID_41; ParticleID_42; ParticleID_43; ParticleID_44; ParticleID_45; ParticleID_46; ParticleID_47; ParticleID_48; ParticleID_49,104052,26012,0.2806289163110752,0.28060126095648164,0.5,0.28060126095648164,0.28060126095648164,0.0,0.5,0.5935202910098233,0.2018641940709328,0.009609,0.043526,stage05_seed_stability_draft,Разрешен только аудит устойчивости к зернам случайности; строка не является самостоятельным итоговым выводом.
ST05_02_seed_stability_grid,miniboone_hgb_vs_logreg_average_precision_v01,nested_seed_stability_v01,nested_5x2_seed_grid_v01,openml_miniboone_41150,41150,MiniBooNE,signal,False,True,True,20260527,10,2,5,5,2,,,logistic_regression,control,not_applicable_control_model,,,,numeric_particleid_0_49_locked,50,ParticleID_0; ParticleID_1; ParticleID_2; ParticleID_3; ParticleID_4; ParticleID_5; ParticleID_6; ParticleID_7; ParticleID_8; ParticleID_9; ParticleID_10; ParticleID_11; ParticleID_12; ParticleID_13; ParticleID_14; ParticleID_15; ParticleID_16; ParticleID_17; ParticleID_18; ParticleID_19; ParticleID_20; ParticleID_21; ParticleID_22; ParticleID_23; ParticleID_24; ParticleID_25; ParticleID_26; ParticleID_27; ParticleID_28; ParticleID_29; ParticleID_30; ParticleID_31; ParticleID_32; ParticleID_33; ParticleID_34; ParticleID_35; ParticleID_36; ParticleID_37; ParticleID_38; ParticleID_39; ParticleID_40; ParticleID_41; ParticleID_42; ParticleID_43; ParticleID_44; ParticleID_45; ParticleID_46; ParticleID_47; ParticleID_48; ParticleID_49,104052,26012,0.2806289163110752,0.28060126095648164,0.9386783928597405,0.8702568891630427,0.8702568891630427,0.7785492687250701,0.8351172655548251,0.2835750037602586,0.08534466313389341,5.308796,0.072206,stage05_seed_stability_draft,Разрешен только аудит устойчивости к зернам случайности; строка не является самостоятельным итоговым выводом.
ST05_02_seed_stability_grid,miniboone_hgb_vs_logreg_average_precision_v01,nested_seed_stability_v01,nested_5x2_seed_grid_v01,openml_miniboone_41150,41150,MiniBooNE,signal,False,True,True,20260606,1,1,1,5,2,3,20260606,hist_gradient_boosting,tuned_candidate,hgb_8316cb7622a5,"{""l2_regularization"": 0.01, ""learning_rate"": 0.1, ""max_iter"": 150, ""max_leaf_nodes"": 63}",0.9575171257441782,16,numeric_particleid_0_49_locked,50,ParticleID_0; ParticleID_1; ParticleID_2; ParticleID_3; ParticleID_4; ParticleID_5; ParticleID_6; ParticleID_7; ParticleID_8; ParticleID_9; ParticleID_10; ParticleID_11; ParticleID_12; ParticleID_13; ParticleID_14; ParticleID_15; ParticleID_16; ParticleID_17; ParticleID_18; ParticleID_19; ParticleID_20; ParticleID_21; ParticleID_22; ParticleID_23; ParticleID_24; ParticleID_25; ParticleID_26; ParticleID_27; ParticleID_28; ParticleID_29; ParticleID_30; ParticleID_31; ParticleID_32; ParticleID_33; ParticleID_34; ParticleID_35; ParticleID_36; ParticleID_37; ParticleID_38; ParticleID_39; ParticleID_40; ParticleID_41; ParticleID_42; ParticleID_43; ParticleID_44; ParticleID_45; ParticleID_46; ParticleID_47; ParticleID_48; ParticleID_49,104051,26013,0.28062200267176673,0.2806289163110752,0.9846419857560016,0.9593436492438617,0.9593436492438617,0.8989267762532265,0.9317100667692008,0.14245238562480983,0.042384660056978635,257.623211,0.859362,stage05_seed_stability_draft,Разрешен только аудит устойчивости к зернам случайности; строка не является самостоятельным итоговым выводом.
ST05_02_seed_stability_grid,miniboone_hgb_vs_logreg_average_precision_v01,nested_seed_stability_v01,nested_5x2_seed_grid_v01,openml_miniboone_41150,41150,MiniBooNE,signal,False,True,True,20260606,1,1,1,5,2,,,dummy_prior,control,not_applicable_control_model,,,,numeric_particleid_0_49_locked,50,ParticleID_0; ParticleID_1; ParticleID_2; ParticleID_3; ParticleID_4; ParticleID_5; ParticleID_6; ParticleID_7; ParticleID_8; ParticleID_9; ParticleID_10; ParticleID_11; ParticleID_12; ParticleID_13; ParticleID_14; ParticleID_15; ParticleID_16; ParticleID_17; ParticleID_18; ParticleID_19; ParticleID_20; ParticleID_21; ParticleID_22; ParticleID_23; ParticleID_24; ParticleID_25; ParticleID_26; ParticleID_27; ParticleID_28; ParticleID_29; ParticleID_30; ParticleID_31; ParticleID_32; ParticleID_33; ParticleID_34; ParticleID_35; ParticleID_36; ParticleID_37; ParticleID_38; ParticleID_39; ParticleID_40; ParticleID_41; ParticleID_42; ParticleID_43; ParticleID_44; ParticleID_45; ParticleID_46; ParticleID_47; ParticleID_48; ParticleID_49,104051,26013,0.28062200267176673,0.2806289163110752,0.5,0.2806289163110752,0.2806289163110752,0.0,0.5,0.5935463243336803,0.20187632768894515,0.004675,0.029133,stage05_seed_stability_draft,Разрешен только аудит устойчивости к зернам случайности; строка не является самостоятельным итоговым выводом.
ST05_02_seed_stability_grid,miniboone_hgb_vs_logreg_average_precision_v01,nested_seed_stability_v01,nested_5x2_seed_grid_v01,openml_miniboone_41150,41150,MiniBooNE,signal,False,True,True,20260606,1,1,1,5,2,,,logistic_regression,control,not_applicable_control_model,,,,numeric_particleid_0_49_locked,50,ParticleID_0; ParticleID_1; ParticleID_2; ParticleID_3; ParticleID_4; ParticleID_5; ParticleID_6; ParticleID_7; ParticleID_8; ParticleID_9; ParticleID_10; ParticleID_11; ParticleID_12; ParticleID_13; ParticleID_14; ParticleID_15; ParticleID_16; ParticleID_17; ParticleID_18; ParticleID_19; ParticleID_20; ParticleID_21; ParticleID_22; ParticleID_23; ParticleID_24; ParticleID_25; ParticleID_26; ParticleID_27; ParticleID_28; ParticleID_29; ParticleID_30; ParticleID_31; ParticleID_32; ParticleID_33; ParticleID_34; ParticleID_35; ParticleID_36; ParticleID_37; ParticleID_38; ParticleID_39; ParticleID_40; ParticleID_41; ParticleID_42; ParticleID_43; ParticleID_44; ParticleID_45; ParticleID_46; ParticleID_47; ParticleID_48; ParticleID_49,104051,26013,0.28062200267176673,0.2806289163110752,0.937471598749386,0.8644799616532252,0.8644799616532252,0.7732665242060276,0.8320229032779937,0.2877612194022462,0.08656553429629724,3.141345,0.071579,stage05_seed_stability_draft,Разрешен только аудит устойчивости к зернам случайности; строка не является самостоятельным итоговым выводом.
ST05_02_seed_stability_grid,miniboone_hgb_vs_logreg_average_precision_v01,nested_seed_stability_v01,nested_5x2_seed_grid_v01,openml_miniboone_41150,41150,MiniBooNE,signal,False,True,True,20260606,2,1,2,5,2,3,20260607,hist_gradient_boosting,tuned_candidate,hgb_8316cb7622a5,"{""l2_regularization"": 0.01, ""learning_rate"": 0.1, ""max_iter"": 150, ""max_leaf_nodes"": 63}",0.9578310188919308,16,numeric_particleid_0_49_locked,50,ParticleID_0; ParticleID_1; ParticleID_2; ParticleID_3; ParticleID_4; ParticleID_5; ParticleID_6; ParticleID_7; ParticleID_8; ParticleID_9; ParticleID_10; ParticleID_11; ParticleID_12; ParticleID_13; ParticleID_14; ParticleID_15; ParticleID_16; ParticleID_17; ParticleID_18; ParticleID_19; ParticleID_20; ParticleID_21; ParticleID_22; ParticleID_23; ParticleID_24; ParticleID_25; ParticleID_26; ParticleID_27; ParticleID_28; ParticleID_29; ParticleID_30; ParticleID_31; ParticleID_32; ParticleID_33; ParticleID_34; ParticleID_35; ParticleID_36; ParticleID_37; ParticleID_38; ParticleID_39; ParticleID_40; ParticleID_41; ParticleID_42; ParticleID_43; ParticleID_44; ParticleID_45; ParticleID_46; ParticleID_47; ParticleID_48; ParticleID_49,104051,26013,0.28062200267176673,0.2806289163110752,0.9855548190438264,0.9598048452483883,0.9598048452483883,0.9046937802302609,0.9350488891686901,0.13697210308052818,0.04003323845199996,252.02275,0.916395,stage05_seed_stability_draft,Разрешен только аудит устойчивости к зернам случайности; строка не является самостоятельным итоговым выводом.
ST05_02_seed_stability_grid,miniboone_hgb_vs_logreg_average_precision_v01,nested_seed_stability_v01,nested_5x2_seed_grid_v01,openml_miniboone_41150,41150,MiniBooNE,signal,False,True,True,20260606,2,1,2,5,2,,,dummy_prior,control,not_applicable_control_model,,,,numeric_particleid_0_49_locked,50,ParticleID_0; ParticleID_1; ParticleID_2; ParticleID_3; ParticleID_4; ParticleID_5; ParticleID_6; ParticleID_7; ParticleID_8; ParticleID_9; ParticleID_10; ParticleID_11; ParticleID_12; ParticleID_13; ParticleID_14; ParticleID_15; ParticleID_16; ParticleID_17; ParticleID_18; ParticleID_19; ParticleID_20; ParticleID_21; ParticleID_22; ParticleID_23; ParticleID_24; ParticleID_25; ParticleID_26; ParticleID_27; ParticleID_28; ParticleID_29; ParticleID_30; ParticleID_31; ParticleID_32; ParticleID_33; ParticleID_34; ParticleID_35; ParticleID_36; ParticleID_37; ParticleID_38; ParticleID_39; ParticleID_40; ParticleID_41; ParticleID_42; ParticleID_43; ParticleID_44; ParticleID_45; ParticleID_46; ParticleID_47; ParticleID_48; ParticleID_49,104051,26013,0.28062200267176673,0.2806289163110752,0.5,0.2806289163110752,0.2806289163110752,0.0,0.5,0.5935463243336803,0.20187632768894515,0.004716,0.029303,stage05_seed_stability_draft,Разрешен только аудит устойчивости к зернам случайности; строка не является самостоятельным итоговым выводом.
ST05_02_seed_stability_grid,miniboone_hgb_vs_logreg_average_precision_v01,nested_seed_stability_v01,nested_5x2_seed_grid_v01,openml_miniboone_41150,41150,MiniBooNE,signal,False,True,True,20260606,2,1,2,5,2,,,logistic_regression,control,not_applicable_control_model,,,,numeric_particleid_0_49_locked,50,ParticleID_0; ParticleID_1; ParticleID_2; ParticleID_3; ParticleID_4; ParticleID_5; ParticleID_6; ParticleID_7; ParticleID_8; ParticleID_9; ParticleID_10; ParticleID_11; ParticleID_12; ParticleID_13; ParticleID_14; ParticleID_15; ParticleID_16; ParticleID_17; ParticleID_18; ParticleID_19; ParticleID_20; ParticleID_21; ParticleID_22; ParticleID_23; ParticleID_24; ParticleID_25; ParticleID_26; ParticleID_27; ParticleID_28; ParticleID_29; ParticleID_30; ParticleID_31; ParticleID_32; ParticleID_33; ParticleID_34; ParticleID_35; ParticleID_36; ParticleID_37; ParticleID_38; ParticleID_39; ParticleID_40; ParticleID_41; ParticleID_42; ParticleID_43; ParticleID_44; ParticleID_45; ParticleID_46; ParticleID_47; ParticleID_48; ParticleID_49,104051,26013,0.28062200267176673,0.2806289163110752,0.937418379574964,0.8647352223836418,0.8647352223836418,0.7755765819041986,0.8330766246305953,0.2880962507875605,0.0862354268886737,3.685706,0.071326,stage05_seed_stability_draft,Разрешен только аудит устойчивости к зернам случайности; строка не является самостоятельным итоговым выводом.
ST05_02_seed_stability_grid,miniboone_hgb_vs_logreg_average_precision_v01,nested_seed_stability_v01,nested_5x2_seed_grid_v01,openml_miniboone_41150,41150,MiniBooNE,signal,False,True,True,20260606,3,1,3,5,2,3,20260608,hist_gradient_boosting,tuned_candidate,hgb_b5168b128e78,"{""l2_regularization"": 0.0, ""learning_rate"": 0.1, ""max_iter"": 150, ""max_leaf_nodes"": 63}",0.9584596580359214,16,numeric_particleid_0_49_locked,50,ParticleID_0; ParticleID_1; ParticleID_2; ParticleID_3; ParticleID_4; ParticleID_5; ParticleID_6; ParticleID_7; ParticleID_8; ParticleID_9; ParticleID_10; ParticleID_11; ParticleID_12; ParticleID_13; ParticleID_14; ParticleID_15; ParticleID_16; ParticleID_17; ParticleID_18; ParticleID_19; ParticleID_20; ParticleID_21; ParticleID_22; ParticleID_23; ParticleID_24; ParticleID_25; ParticleID_26; ParticleID_27; ParticleID_28; ParticleID_29; ParticleID_30; ParticleID_31; ParticleID_32; ParticleID_33; ParticleID_34; ParticleID_35; ParticleID_36; ParticleID_37; ParticleID_38; ParticleID_39; ParticleID_40; ParticleID_41; ParticleID_42; ParticleID_43; ParticleID_44; ParticleID_45; ParticleID_46; ParticleID_47; ParticleID_48; ParticleID_49,104051,26013,0.28062200267176673,0.2806289163110752,0.9845657732628917,0.9582388444986251,0.9582388444986251,0.8979508475730138,0.9304971307764216,0.1417457039213744,0.042082134849763524,255.865337,0.806374,stage05_seed_stability_draft,Разрешен только аудит устойчивости к зернам случайности; строка не является самостоятельным итоговым выводом.
ST05_02_seed_stability_grid,miniboone_hgb_vs_logreg_average_precision_v01,nested_seed_stability_v01,nested_5x2_seed_grid_v01,openml_miniboone_41150,41150,MiniBooNE,signal,False,True,True,20260606,3,1,3,5,2,,,dummy_prior,control,not_applicable_control_model,,,,numeric_particleid_0_49_locked,50,ParticleID_0; ParticleID_1; ParticleID_2; ParticleID_3; ParticleID_4; ParticleID_5; ParticleID_6; ParticleID_7; ParticleID_8; ParticleID_9; ParticleID_10; ParticleID_11; ParticleID_12; ParticleID_13; ParticleID_14; ParticleID_15; ParticleID_16; ParticleID_17; ParticleID_18; ParticleID_19; ParticleID_20; ParticleID_21; ParticleID_22; ParticleID_23; ParticleID_24; ParticleID_25; ParticleID_26; ParticleID_27; ParticleID_28; ParticleID_29; ParticleID_30; ParticleID_31; ParticleID_32; ParticleID_33; ParticleID_34; ParticleID_35; ParticleID_36; ParticleID_37; ParticleID_38; ParticleID_39; ParticleID_40; ParticleID_41; ParticleID_42; ParticleID_43; ParticleID_44; ParticleID_45; ParticleID_46; ParticleID_47; ParticleID_48; ParticleID_49,104051,26013,0.28062200267176673,0.2806289163110752,0.5,0.2806289163110752,0.2806289163110752,0.0,0.5,0.5935463243336803,0.20187632768894515,0.005297,0.033943,stage05_seed_stability_draft,Разрешен только аудит устойчивости к зернам случайности; строка не является самостоятельным итоговым выводом.
ST05_02_seed_stability_grid,miniboone_hgb_vs_logreg_average_precision_v01,nested_seed_stability_v01,nested_5x2_seed_grid_v01,openml_miniboone_41150,41150,MiniBooNE,signal,False,True,True,20260606,3,1,3,5,2,,,logistic_regression,control,not_applicable_control_model,,,,numeric_particleid_0_49_locked,50,ParticleID_0; ParticleID_1; ParticleID_2; ParticleID_3; ParticleID_4; ParticleID_5; ParticleID_6; ParticleID_7; ParticleID_8; ParticleID_9; ParticleID_10; ParticleID_11; ParticleID_12; ParticleID_13; ParticleID_14; ParticleID_15; ParticleID_16; ParticleID_17; ParticleID_18; ParticleID_19; ParticleID_20; ParticleID_21; ParticleID_22; ParticleID_23; ParticleID_24; ParticleID_25; ParticleID_26; ParticleID_27; ParticleID_28; ParticleID_29; ParticleID_30; ParticleID_31; ParticleID_32; ParticleID_33; ParticleID_34; ParticleID_35; ParticleID_36; ParticleID_37; ParticleID_38; ParticleID_39; ParticleID_40; ParticleID_41; ParticleID_42; ParticleID_43; ParticleID_44; ParticleID_45; ParticleID_46; ParticleID_47; ParticleID_48; ParticleID_49,104051,26013,0.28062200267176673,0.2806289163110752,0.9393643493022577,0.8662648464176481,0.8662648464176481,0.7772525849335303,0.8342793926132956,0.2852795154958311,0.0856650652631585,3.589622,0.082166,stage05_seed_stability_draft,Разрешен только аудит устойчивости к зернам случайности; строка не является самостоятельным итоговым выводом.
ST05_02_seed_stability_grid,miniboone_hgb_vs_logreg_average_precision_v01,nested_seed_stability_v01,nested_5x2_seed_grid_v01,openml_miniboone_41150,41150,MiniBooNE,signal,False,True,True,20260606,4,1,4,5,2,3,20260609,hist_gradient_boosting,tuned_candidate,hgb_8316cb7622a5,"{""l2_regularization"": 0.01, ""learning_rate"": 0.1, ""max_iter"": 150, ""max_leaf_nodes"": 63}",0.9580213272790584,16,numeric_particleid_0_49_locked,50,ParticleID_0; ParticleID_1; ParticleID_2; ParticleID_3; ParticleID_4; ParticleID_5; ParticleID_6; ParticleID_7; ParticleID_8; ParticleID_9; ParticleID_10; ParticleID_11; ParticleID_12; ParticleID_13; ParticleID_14; ParticleID_15; ParticleID_16; ParticleID_17; ParticleID_18; ParticleID_19; ParticleID_20; ParticleID_21; ParticleID_22; ParticleID_23; ParticleID_24; ParticleID_25; ParticleID_26; ParticleID_27; ParticleID_28; ParticleID_29; ParticleID_30; ParticleID_31; ParticleID_32; ParticleID_33; ParticleID_34; ParticleID_35; ParticleID_36; ParticleID_37; ParticleID_38; ParticleID_39; ParticleID_40; ParticleID_41; ParticleID_42; ParticleID_43; ParticleID_44; ParticleID_45; ParticleID_46; ParticleID_47; ParticleID_48; ParticleID_49,104051,26013,0.28062200267176673,0.2806289163110752,0.9848853664839258,0.9586552566727115,0.9586552566727115,0.9007250796232297,0.9335360517814515,0.14001112973109153,0.04125089561115064,251.3319,0.799454,stage05_seed_stability_draft,Разрешен только аудит устойчивости к зернам случайности; строка не является самостоятельным итоговым выводом.
ST05_02_seed_stability_grid,miniboone_hgb_vs_logreg_average_precision_v01,nested_seed_stability_v01,nested_5x2_seed_grid_v01,openml_miniboone_41150,41150,MiniBooNE,signal,False,True,True,20260606,4,1,4,5,2,,,dummy_prior,control,not_applicable_control_model,,,,numeric_particleid_0_49_locked,50,ParticleID_0; ParticleID_1; ParticleID_2; ParticleID_3; ParticleID_4; ParticleID_5; ParticleID_6; ParticleID_7; ParticleID_8; ParticleID_9; ParticleID_10; ParticleID_11; ParticleID_12; ParticleID_13; ParticleID_14; ParticleID_15; ParticleID_16; ParticleID_17; ParticleID_18; ParticleID_19; ParticleID_20; ParticleID_21; ParticleID_22; ParticleID_23; ParticleID_24; ParticleID_25; ParticleID_26; ParticleID_27; ParticleID_28; ParticleID_29; ParticleID_30; ParticleID_31; ParticleID_32; ParticleID_33; ParticleID_34; ParticleID_35; ParticleID_36; ParticleID_37; ParticleID_38; ParticleID_39; ParticleID_40; ParticleID_41; ParticleID_42; ParticleID_43; ParticleID_44; ParticleID_45; ParticleID_46; ParticleID_47; ParticleID_48; ParticleID_49,104051,26013,0.28062200267176673,0.2806289163110752,0.5,0.2806289163110752,0.2806289163110752,0.0,0.5,0.5935463243336803,0.20187632768894515,0.00506,0.028748,stage05_seed_stability_draft,Разрешен только аудит устойчивости к зернам случайности; строка не является самостоятельным итоговым выводом.
ST05_02_seed_stability_grid,miniboone_hgb_vs_logreg_average_precision_v01,nested_seed_stability_v01,nested_5x2_seed_grid_v01,openml_miniboone_41150,41150,MiniBooNE,signal,False,True,True,20260606,4,1,4,5,2,,,logistic_regression,control,not_applicable_control_model,,,,numeric_particleid_0_49_locked,50,ParticleID_0; ParticleID_1; ParticleID_2; ParticleID_3; ParticleID_4; ParticleID_5; ParticleID_6; ParticleID_7; ParticleID_8; ParticleID_9; ParticleID_10; ParticleID_11; ParticleID_12; ParticleID_13; ParticleID_14; ParticleID_15; ParticleID_16; ParticleID_17; ParticleID_18; ParticleID_19; ParticleID_20; ParticleID_21; ParticleID_22; ParticleID_23; ParticleID_24; ParticleID_25; ParticleID_26; ParticleID_27; ParticleID_28; ParticleID_29; ParticleID_30; ParticleID_31; ParticleID_32; ParticleID_33; ParticleID_34; ParticleID_35; ParticleID_36; ParticleID_37; ParticleID_38; ParticleID_39; ParticleID_40; ParticleID_41; ParticleID_42; ParticleID_43; ParticleID_44; ParticleID_45; ParticleID_46; ParticleID_47; ParticleID_48; ParticleID_49,104051,26013,0.28062200267176673,0.2806289163110752,0.9417559619018058,0.8690899672298901,0.8690899672298901,0.7816651904340124,0.8372076514092832,0.2828651515298265,0.0844140714576902,3.107832,0.070428,stage05_seed_stability_draft,Разрешен только аудит устойчивости к зернам случайности; строка не является самостоятельным итоговым выводом.
ST05_02_seed_stability_grid,miniboone_hgb_vs_logreg_average_precision_v01,nested_seed_stability_v01,nested_5x2_seed_grid_v01,openml_miniboone_41150,41150,MiniBooNE,signal,False,True,True,20260606,5,1,5,5,2,3,20260610,hist_gradient_boosting,tuned_candidate,hgb_b5168b128e78,"{""l2_regularization"": 0.0, ""learning_rate"": 0.1, ""max_iter"": 150, ""max_leaf_nodes"": 63}",0.9561013791860936,16,numeric_particleid_0_49_locked,50,ParticleID_0; ParticleID_1; ParticleID_2; ParticleID_3; ParticleID_4; ParticleID_5; ParticleID_6; ParticleID_7; ParticleID_8; ParticleID_9; ParticleID_10; ParticleID_11; ParticleID_12; ParticleID_13; ParticleID_14; ParticleID_15; ParticleID_16; ParticleID_17; ParticleID_18; ParticleID_19; ParticleID_20; ParticleID_21; ParticleID_22; ParticleID_23; ParticleID_24; ParticleID_25; ParticleID_26; ParticleID_27; ParticleID_28; ParticleID_29; ParticleID_30; ParticleID_31; ParticleID_32; ParticleID_33; ParticleID_34; ParticleID_35; ParticleID_36; ParticleID_37; ParticleID_38; ParticleID_39; ParticleID_40; ParticleID_41; ParticleID_42; ParticleID_43; ParticleID_44; ParticleID_45; ParticleID_46; ParticleID_47; ParticleID_48; ParticleID_49,104052,26012,0.2806289163110752,0.28060126095648164,0.9860199919044521,0.962400431574914,0.962400431574914,0.9050925925925926,0.9355105578867942,0.13486183904351917,0.03953564752153899,252.613449,0.900655,stage05_seed_stability_draft,Разрешен только аудит устойчивости к зернам случайности; строка не является самостоятельным итоговым выводом.
ST05_02_seed_stability_grid,miniboone_hgb_vs_logreg_average_precision_v01,nested_seed_stability_v01,nested_5x2_seed_grid_v01,openml_miniboone_41150,41150,MiniBooNE,signal,False,True,True,20260606,5,1,5,5,2,,,dummy_prior,control,not_applicable_control_model,,,,numeric_particleid_0_49_locked,50,ParticleID_0; ParticleID_1; ParticleID_2; ParticleID_3; ParticleID_4; ParticleID_5; ParticleID_6; ParticleID_7; ParticleID_8; ParticleID_9; ParticleID_10; ParticleID_11; ParticleID_12; ParticleID_13; ParticleID_14; ParticleID_15; ParticleID_16; ParticleID_17; ParticleID_18; ParticleID_19; ParticleID_20; ParticleID_21; ParticleID_22; ParticleID_23; ParticleID_24; ParticleID_25; ParticleID_26; ParticleID_27; ParticleID_28; ParticleID_29; ParticleID_30; ParticleID_31; ParticleID_32; ParticleID_33; ParticleID_34; ParticleID_35; ParticleID_36; ParticleID_37; ParticleID_38; ParticleID_39; ParticleID_40; ParticleID_41; ParticleID_42; ParticleID_43; ParticleID_44; ParticleID_45; ParticleID_46; ParticleID_47; ParticleID_48; ParticleID_49,104052,26012,0.2806289163110752,0.28060126095648164,0.5,0.28060126095648164,0.28060126095648164,0.0,0.5,0.5935202910098233,0.2018641940709328,0.004429,0.030703,stage05_seed_stability_draft,Разрешен только аудит устойчивости к зернам случайности; строка не является самостоятельным итоговым выводом.
ST05_02_seed_stability_grid,miniboone_hgb_vs_logreg_average_precision_v01,nested_seed_stability_v01,nested_5x2_seed_grid_v01,openml_miniboone_41150,41150,MiniBooNE,signal,False,True,True,20260606,5,1,5,5,2,,,logistic_regression,control,not_applicable_control_model,,,,numeric_particleid_0_49_locked,50,ParticleID_0; ParticleID_1; ParticleID_2; ParticleID_3; ParticleID_4; ParticleID_5; ParticleID_6; ParticleID_7; ParticleID_8; ParticleID_9; ParticleID_10; ParticleID_11; ParticleID_12; ParticleID_13; ParticleID_14; ParticleID_15; ParticleID_16; ParticleID_17; ParticleID_18; ParticleID_19; ParticleID_20; ParticleID_21; ParticleID_22; ParticleID_23; ParticleID_24; ParticleID_25; ParticleID_26; ParticleID_27; ParticleID_28; ParticleID_29; ParticleID_30; ParticleID_31; ParticleID_32; ParticleID_33; ParticleID_34; ParticleID_35; ParticleID_36; ParticleID_37; ParticleID_38; ParticleID_39; ParticleID_40; ParticleID_41; ParticleID_42; ParticleID_43; ParticleID_44; ParticleID_45; ParticleID_46; ParticleID_47; ParticleID_48; ParticleID_49,104052,26012,0.2806289163110752,0.28060126095648164,0.9411986952970581,0.8736647764353053,0.8736647764353053,0.7813884785819794,0.8369682653195378,0.28083400023280747,0.08397703189627079,3.698163,0.08385,stage05_seed_stability_draft,Разрешен только аудит устойчивости к зернам случайности; строка не является самостоятельным итоговым выводом.
ST05_02_seed_stability_grid,miniboone_hgb_vs_logreg_average_precision_v01,nested_seed_stability_v01,nested_5x2_seed_grid_v01,openml_miniboone_41150,41150,MiniBooNE,signal,False,True,True,20260606,6,2,1,5,2,3,20260611,hist_gradient_boosting,tuned_candidate,hgb_b5168b128e78,"{""l2_regularization"": 0.0, ""learning_rate"": 0.1, ""max_iter"": 150, ""max_leaf_nodes"": 63}",0.957747847744805,16,numeric_particleid_0_49_locked,50,ParticleID_0; ParticleID_1; ParticleID_2; ParticleID_3; ParticleID_4; ParticleID_5; ParticleID_6; ParticleID_7; ParticleID_8; ParticleID_9; ParticleID_10; ParticleID_11; ParticleID_12; ParticleID_13; ParticleID_14; ParticleID_15; ParticleID_16; ParticleID_17; ParticleID_18; ParticleID_19; ParticleID_20; ParticleID_21; ParticleID_22; ParticleID_23; ParticleID_24; ParticleID_25; ParticleID_26; ParticleID_27; ParticleID_28; ParticleID_29; ParticleID_30; ParticleID_31; ParticleID_32; ParticleID_33; ParticleID_34; ParticleID_35; ParticleID_36; ParticleID_37; ParticleID_38; ParticleID_39; ParticleID_40; ParticleID_41; ParticleID_42; ParticleID_43; ParticleID_44; ParticleID_45; ParticleID_46; ParticleID_47; ParticleID_48; ParticleID_49,104051,26013,0.28062200267176673,0.2806289163110752,0.9849788257961464,0.9596157218179242,0.9596157218179242,0.9018033344675059,0.9332884032710393,0.13994582979158063,0.04121305648029592,253.240965,0.842427,stage05_seed_stability_draft,Разрешен только аудит устойчивости к зернам случайности; строка не является самостоятельным итоговым выводом.
ST05_02_seed_stability_grid,miniboone_hgb_vs_logreg_average_precision_v01,nested_seed_stability_v01,nested_5x2_seed_grid_v01,openml_miniboone_41150,41150,MiniBooNE,signal,False,True,True,20260606,6,2,1,5,2,,,dummy_prior,control,not_applicable_control_model,,,,numeric_particleid_0_49_locked,50,ParticleID_0; ParticleID_1; ParticleID_2; ParticleID_3; ParticleID_4; ParticleID_5; ParticleID_6; ParticleID_7; ParticleID_8; ParticleID_9; ParticleID_10; ParticleID_11; ParticleID_12; ParticleID_13; ParticleID_14; ParticleID_15; ParticleID_16; ParticleID_17; ParticleID_18; ParticleID_19; ParticleID_20; ParticleID_21; ParticleID_22; ParticleID_23; ParticleID_24; ParticleID_25; ParticleID_26; ParticleID_27; ParticleID_28; ParticleID_29; ParticleID_30; ParticleID_31; ParticleID_32; ParticleID_33; ParticleID_34; ParticleID_35; ParticleID_36; ParticleID_37; ParticleID_38; ParticleID_39; ParticleID_40; ParticleID_41; ParticleID_42; ParticleID_43; ParticleID_44; ParticleID_45; ParticleID_46; ParticleID_47; ParticleID_48; ParticleID_49,104051,26013,0.28062200267176673,0.2806289163110752,0.5,0.2806289163110752,0.2806289163110752,0.0,0.5,0.5935463243336803,0.20187632768894515,0.004654,0.030076,stage05_seed_stability_draft,Разрешен только аудит устойчивости к зернам случайности; строка не является самостоятельным итоговым выводом.
ST05_02_seed_stability_grid,miniboone_hgb_vs_logreg_average_precision_v01,nested_seed_stability_v01,nested_5x2_seed_grid_v01,openml_miniboone_41150,41150,MiniBooNE,signal,False,True,True,20260606,6,2,1,5,2,,,logistic_regression,control,not_applicable_control_model,,,,numeric_particleid_0_49_locked,50,ParticleID_0; ParticleID_1; ParticleID_2; ParticleID_3; ParticleID_4; ParticleID_5; ParticleID_6; ParticleID_7; ParticleID_8; ParticleID_9; ParticleID_10; ParticleID_11; ParticleID_12; ParticleID_13; ParticleID_14; ParticleID_15; ParticleID_16; ParticleID_17; ParticleID_18; ParticleID_19; ParticleID_20; ParticleID_21; ParticleID_22; ParticleID_23; ParticleID_24; ParticleID_25; ParticleID_26; ParticleID_27; ParticleID_28; ParticleID_29; ParticleID_30; ParticleID_31; ParticleID_32; ParticleID_33; ParticleID_34; ParticleID_35; ParticleID_36; ParticleID_37; ParticleID_38; ParticleID_39; ParticleID_40; ParticleID_41; ParticleID_42; ParticleID_43; ParticleID_44; ParticleID_45; ParticleID_46; ParticleID_47; ParticleID_48; ParticleID_49,104051,26013,0.28062200267176673,0.2806289163110752,0.940216910227964,0.8711589294367489,0.8711589294367489,0.7792323053028622,0.8353583363407902,0.28220141620025707,0.08441134334990642,3.489366,0.075001,stage05_seed_stability_draft,Разрешен только аудит устойчивости к зернам случайности; строка не является самостоятельным итоговым выводом.
ST05_02_seed_stability_grid,miniboone_hgb_vs_logreg_average_precision_v01,nested_seed_stability_v01,nested_5x2_seed_grid_v01,openml_miniboone_41150,41150,MiniBooNE,signal,False,True,True,20260606,7,2,2,5,2,3,20260612,hist_gradient_boosting,tuned_candidate,hgb_8316cb7622a5,"{""l2_regularization"": 0.01, ""learning_rate"": 0.1, ""max_iter"": 150, ""max_leaf_nodes"": 63}",0.9577279258875233,16,numeric_particleid_0_49_locked,50,ParticleID_0; ParticleID_1; ParticleID_2; ParticleID_3; ParticleID_4; ParticleID_5; ParticleID_6; ParticleID_7; ParticleID_8; ParticleID_9; ParticleID_10; ParticleID_11; ParticleID_12; ParticleID_13; ParticleID_14; ParticleID_15; ParticleID_16; ParticleID_17; ParticleID_18; ParticleID_19; ParticleID_20; ParticleID_21; ParticleID_22; ParticleID_23; ParticleID_24; ParticleID_25; ParticleID_26; ParticleID_27; ParticleID_28; ParticleID_29; ParticleID_30; ParticleID_31; ParticleID_32; ParticleID_33; ParticleID_34; ParticleID_35; ParticleID_36; ParticleID_37; ParticleID_38; ParticleID_39; ParticleID_40; ParticleID_41; ParticleID_42; ParticleID_43; ParticleID_44; ParticleID_45; ParticleID_46; ParticleID_47; ParticleID_48; ParticleID_49,104051,26013,0.28062200267176673,0.2806289163110752,0.9848216425618701,0.9598137414891941,0.9598137414891941,0.9013893595391392,0.9339703407418035,0.14048416118262422,0.041372877542814206,256.296944,0.913178,stage05_seed_stability_draft,Разрешен только аудит устойчивости к зернам случайности; строка не является самостоятельным итоговым выводом.
ST05_02_seed_stability_grid,miniboone_hgb_vs_logreg_average_precision_v01,nested_seed_stability_v01,nested_5x2_seed_grid_v01,openml_miniboone_41150,41150,MiniBooNE,signal,False,True,True,20260606,7,2,2,5,2,,,dummy_prior,control,not_applicable_control_model,,,,numeric_particleid_0_49_locked,50,ParticleID_0; ParticleID_1; ParticleID_2; ParticleID_3; ParticleID_4; ParticleID_5; ParticleID_6; ParticleID_7; ParticleID_8; ParticleID_9; ParticleID_10; ParticleID_11; ParticleID_12; ParticleID_13; ParticleID_14; ParticleID_15; ParticleID_16; ParticleID_17; ParticleID_18; ParticleID_19; ParticleID_20; ParticleID_21; ParticleID_22; ParticleID_23; ParticleID_24; ParticleID_25; ParticleID_26; ParticleID_27; ParticleID_28; ParticleID_29; ParticleID_30; ParticleID_31; ParticleID_32; ParticleID_33; ParticleID_34; ParticleID_35; ParticleID_36; ParticleID_37; ParticleID_38; ParticleID_39; ParticleID_40; ParticleID_41; ParticleID_42; ParticleID_43; ParticleID_44; ParticleID_45; ParticleID_46; ParticleID_47; ParticleID_48; ParticleID_49,104051,26013,0.28062200267176673,0.2806289163110752,0.5,0.2806289163110752,0.2806289163110752,0.0,0.5,0.5935463243336803,0.20187632768894515,0.004628,0.028678,stage05_seed_stability_draft,Разрешен только аудит устойчивости к зернам случайности; строка не является самостоятельным итоговым выводом.
ST05_02_seed_stability_grid,miniboone_hgb_vs_logreg_average_precision_v01,nested_seed_stability_v01,nested_5x2_seed_grid_v01,openml_miniboone_41150,41150,MiniBooNE,signal,False,True,True,20260606,7,2,2,5,2,,,logistic_regression,control,not_applicable_control_model,,,,numeric_particleid_0_49_locked,50,ParticleID_0; ParticleID_1; ParticleID_2; ParticleID_3; ParticleID_4; ParticleID_5; ParticleID_6; ParticleID_7; ParticleID_8; ParticleID_9; ParticleID_10; ParticleID_11; ParticleID_12; ParticleID_13; ParticleID_14; ParticleID_15; ParticleID_16; ParticleID_17; ParticleID_18; ParticleID_19; ParticleID_20; ParticleID_21; ParticleID_22; ParticleID_23; ParticleID_24; ParticleID_25; ParticleID_26; ParticleID_27; ParticleID_28; ParticleID_29; ParticleID_30; ParticleID_31; ParticleID_32; ParticleID_33; ParticleID_34; ParticleID_35; ParticleID_36; ParticleID_37; ParticleID_38; ParticleID_39; ParticleID_40; ParticleID_41; ParticleID_42; ParticleID_43; ParticleID_44; ParticleID_45; ParticleID_46; ParticleID_47; ParticleID_48; ParticleID_49,104051,26013,0.28062200267176673,0.2806289163110752,0.940062208603059,0.866852908980139,0.866852908980139,0.7777777777777778,0.8356899276673091,0.2841761734461337,0.08513644465179124,3.459572,0.071278,stage05_seed_stability_draft,Разрешен только аудит устойчивости к зернам случайности; строка не является самостоятельным итоговым выводом.
ST05_02_seed_stability_grid,miniboone_hgb_vs_logreg_average_precision_v01,nested_seed_stability_v01,nested_5x2_seed_grid_v01,openml_miniboone_41150,41150,MiniBooNE,signal,False,True,True,20260606,8,2,3,5,2,3,20260613,hist_gradient_boosting,tuned_candidate,hgb_b5168b128e78,"{""l2_regularization"": 0.0, ""learning_rate"": 0.1, ""max_iter"": 150, ""max_leaf_nodes"": 63}",0.9586598717498425,16,numeric_particleid_0_49_locked,50,ParticleID_0; ParticleID_1; ParticleID_2; ParticleID_3; ParticleID_4; ParticleID_5; ParticleID_6; ParticleID_7; ParticleID_8; ParticleID_9; ParticleID_10; ParticleID_11; ParticleID_12; ParticleID_13; ParticleID_14; ParticleID_15; ParticleID_16; ParticleID_17; ParticleID_18; ParticleID_19; ParticleID_20; ParticleID_21; ParticleID_22; ParticleID_23; ParticleID_24; ParticleID_25; ParticleID_26; ParticleID_27; ParticleID_28; ParticleID_29; ParticleID_30; ParticleID_31; ParticleID_32; ParticleID_33; ParticleID_34; ParticleID_35; ParticleID_36; ParticleID_37; ParticleID_38; ParticleID_39; ParticleID_40; ParticleID_41; ParticleID_42; ParticleID_43; ParticleID_44; ParticleID_45; ParticleID_46; ParticleID_47; ParticleID_48; ParticleID_49,104051,26013,0.28062200267176673,0.2806289163110752,0.9851499726583746,0.9594114428040518,0.9594114428040518,0.9031335149863761,0.9339748317959312,0.1390398095807625,0.040703832572959085,252.725673,0.824796,stage05_seed_stability_draft,Разрешен только аудит устойчивости к зернам случайности; строка не является самостоятельным итоговым выводом.
ST05_02_seed_stability_grid,miniboone_hgb_vs_logreg_average_precision_v01,nested_seed_stability_v01,nested_5x2_seed_grid_v01,openml_miniboone_41150,41150,MiniBooNE,signal,False,True,True,20260606,8,2,3,5,2,,,dummy_prior,control,not_applicable_control_model,,,,numeric_particleid_0_49_locked,50,ParticleID_0; ParticleID_1; ParticleID_2; ParticleID_3; ParticleID_4; ParticleID_5; ParticleID_6; ParticleID_7; ParticleID_8; ParticleID_9; ParticleID_10; ParticleID_11; ParticleID_12; ParticleID_13; ParticleID_14; ParticleID_15; ParticleID_16; ParticleID_17; ParticleID_18; ParticleID_19; ParticleID_20; ParticleID_21; ParticleID_22; ParticleID_23; ParticleID_24; ParticleID_25; ParticleID_26; ParticleID_27; ParticleID_28; ParticleID_29; ParticleID_30; ParticleID_31; ParticleID_32; ParticleID_33; ParticleID_34; ParticleID_35; ParticleID_36; ParticleID_37; ParticleID_38; ParticleID_39; ParticleID_40; ParticleID_41; ParticleID_42; ParticleID_43; ParticleID_44; ParticleID_45; ParticleID_46; ParticleID_47; ParticleID_48; ParticleID_49,104051,26013,0.28062200267176673,0.2806289163110752,0.5,0.2806289163110752,0.2806289163110752,0.0,0.5,0.5935463243336803,0.20187632768894515,0.004821,0.029394,stage05_seed_stability_draft,Разрешен только аудит устойчивости к зернам случайности; строка не является самостоятельным итоговым выводом.
ST05_02_seed_stability_grid,miniboone_hgb_vs_logreg_average_precision_v01,nested_seed_stability_v01,nested_5x2_seed_grid_v01,openml_miniboone_41150,41150,MiniBooNE,signal,False,True,True,20260606,8,2,3,5,2,,,logistic_regression,control,not_applicable_control_model,,,,numeric_particleid_0_49_locked,50,ParticleID_0; ParticleID_1; ParticleID_2; ParticleID_3; ParticleID_4; ParticleID_5; ParticleID_6; ParticleID_7; ParticleID_8; ParticleID_9; ParticleID_10; ParticleID_11; ParticleID_12; ParticleID_13; ParticleID_14; ParticleID_15; ParticleID_16; ParticleID_17; ParticleID_18; ParticleID_19; ParticleID_20; ParticleID_21; ParticleID_22; ParticleID_23; ParticleID_24; ParticleID_25; ParticleID_26; ParticleID_27; ParticleID_28; ParticleID_29; ParticleID_30; ParticleID_31; ParticleID_32; ParticleID_33; ParticleID_34; ParticleID_35; ParticleID_36; ParticleID_37; ParticleID_38; ParticleID_39; ParticleID_40; ParticleID_41; ParticleID_42; ParticleID_43; ParticleID_44; ParticleID_45; ParticleID_46; ParticleID_47; ParticleID_48; ParticleID_49,104051,26013,0.28062200267176673,0.2806289163110752,0.9384887255142385,0.8679120330140088,0.8679120330140088,0.7766471068855382,0.8330995593862299,0.2866076393358164,0.08599877682168218,3.622722,0.074144,stage05_seed_stability_draft,Разрешен только аудит устойчивости к зернам случайности; строка не является самостоятельным итоговым выводом.
ST05_02_seed_stability_grid,miniboone_hgb_vs_logreg_average_precision_v01,nested_seed_stability_v01,nested_5x2_seed_grid_v01,openml_miniboone_41150,41150,MiniBooNE,signal,False,True,True,20260606,9,2,4,5,2,3,20260614,hist_gradient_boosting,tuned_candidate,hgb_8316cb7622a5,"{""l2_regularization"": 0.01, ""learning_rate"": 0.1, ""max_iter"": 150, ""max_leaf_nodes"": 63}",0.9586332301153685,16,numeric_particleid_0_49_locked,50,ParticleID_0; ParticleID_1; ParticleID_2; ParticleID_3; ParticleID_4; ParticleID_5; ParticleID_6; ParticleID_7; ParticleID_8; ParticleID_9; ParticleID_10; ParticleID_11; ParticleID_12; ParticleID_13; ParticleID_14; ParticleID_15; ParticleID_16; ParticleID_17; ParticleID_18; ParticleID_19; ParticleID_20; ParticleID_21; ParticleID_22; ParticleID_23; ParticleID_24; ParticleID_25; ParticleID_26; ParticleID_27; ParticleID_28; ParticleID_29; ParticleID_30; ParticleID_31; ParticleID_32; ParticleID_33; ParticleID_34; ParticleID_35; ParticleID_36; ParticleID_37; ParticleID_38; ParticleID_39; ParticleID_40; ParticleID_41; ParticleID_42; ParticleID_43; ParticleID_44; ParticleID_45; ParticleID_46; ParticleID_47; ParticleID_48; ParticleID_49,104051,26013,0.28062200267176673,0.2806289163110752,0.9848769553654372,0.9599161884921721,0.9599161884921721,0.9010795030212506,0.9333320693474392,0.14043619805288846,0.041616584211471616,252.718303,0.849521,stage05_seed_stability_draft,Разрешен только аудит устойчивости к зернам случайности; строка не является самостоятельным итоговым выводом.
ST05_02_seed_stability_grid,miniboone_hgb_vs_logreg_average_precision_v01,nested_seed_stability_v01,nested_5x2_seed_grid_v01,openml_miniboone_41150,41150,MiniBooNE,signal,False,True,True,20260606,9,2,4,5,2,,,dummy_prior,control,not_applicable_control_model,,,,numeric_particleid_0_49_locked,50,ParticleID_0; ParticleID_1; ParticleID_2; ParticleID_3; ParticleID_4; ParticleID_5; ParticleID_6; ParticleID_7; ParticleID_8; ParticleID_9; ParticleID_10; ParticleID_11; ParticleID_12; ParticleID_13; ParticleID_14; ParticleID_15; ParticleID_16; ParticleID_17; ParticleID_18; ParticleID_19; ParticleID_20; ParticleID_21; ParticleID_22; ParticleID_23; ParticleID_24; ParticleID_25; ParticleID_26; ParticleID_27; ParticleID_28; ParticleID_29; ParticleID_30; ParticleID_31; ParticleID_32; ParticleID_33; ParticleID_34; ParticleID_35; ParticleID_36; ParticleID_37; ParticleID_38; ParticleID_39; ParticleID_40; ParticleID_41; ParticleID_42; ParticleID_43; ParticleID_44; ParticleID_45; ParticleID_46; ParticleID_47; ParticleID_48; ParticleID_49,104051,26013,0.28062200267176673,0.2806289163110752,0.5,0.2806289163110752,0.2806289163110752,0.0,0.5,0.5935463243336803,0.20187632768894515,0.004856,0.032352,stage05_seed_stability_draft,Разрешен только аудит устойчивости к зернам случайности; строка не является самостоятельным итоговым выводом.
ST05_02_seed_stability_grid,miniboone_hgb_vs_logreg_average_precision_v01,nested_seed_stability_v01,nested_5x2_seed_grid_v01,openml_miniboone_41150,41150,MiniBooNE,signal,False,True,True,20260606,9,2,4,5,2,,,logistic_regression,control,not_applicable_control_model,,,,numeric_particleid_0_49_locked,50,ParticleID_0; ParticleID_1; ParticleID_2; ParticleID_3; ParticleID_4; ParticleID_5; ParticleID_6; ParticleID_7; ParticleID_8; ParticleID_9; ParticleID_10; ParticleID_11; ParticleID_12; ParticleID_13; ParticleID_14; ParticleID_15; ParticleID_16; ParticleID_17; ParticleID_18; ParticleID_19; ParticleID_20; ParticleID_21; ParticleID_22; ParticleID_23; ParticleID_24; ParticleID_25; ParticleID_26; ParticleID_27; ParticleID_28; ParticleID_29; ParticleID_30; ParticleID_31; ParticleID_32; ParticleID_33; ParticleID_34; ParticleID_35; ParticleID_36; ParticleID_37; ParticleID_38; ParticleID_39; ParticleID_40; ParticleID_41; ParticleID_42; ParticleID_43; ParticleID_44; ParticleID_45; ParticleID_46; ParticleID_47; ParticleID_48; ParticleID_49,104051,26013,0.28062200267176673,0.2806289163110752,0.9402239817166148,0.8693955275568379,0.8693955275568379,0.7785324080909494,0.8351664142355069,0.2832449565460424,0.08493297740126854,3.976808,0.070543,stage05_seed_stability_draft,Разрешен только аудит устойчивости к зернам случайности; строка не является самостоятельным итоговым выводом.
ST05_02_seed_stability_grid,miniboone_hgb_vs_logreg_average_precision_v01,nested_seed_stability_v01,nested_5x2_seed_grid_v01,openml_miniboone_41150,41150,MiniBooNE,signal,False,True,True,20260606,10,2,5,5,2,3,20260615,hist_gradient_boosting,tuned_candidate,hgb_b5168b128e78,"{""l2_regularization"": 0.0, ""learning_rate"": 0.1, ""max_iter"": 150, ""max_leaf_nodes"": 63}",0.9572947213569724,16,numeric_particleid_0_49_locked,50,ParticleID_0; ParticleID_1; ParticleID_2; ParticleID_3; ParticleID_4; ParticleID_5; ParticleID_6; ParticleID_7; ParticleID_8; ParticleID_9; ParticleID_10; ParticleID_11; ParticleID_12; ParticleID_13; ParticleID_14; ParticleID_15; ParticleID_16; ParticleID_17; ParticleID_18; ParticleID_19; ParticleID_20; ParticleID_21; ParticleID_22; ParticleID_23; ParticleID_24; ParticleID_25; ParticleID_26; ParticleID_27; ParticleID_28; ParticleID_29; ParticleID_30; ParticleID_31; ParticleID_32; ParticleID_33; ParticleID_34; ParticleID_35; ParticleID_36; ParticleID_37; ParticleID_38; ParticleID_39; ParticleID_40; ParticleID_41; ParticleID_42; ParticleID_43; ParticleID_44; ParticleID_45; ParticleID_46; ParticleID_47; ParticleID_48; ParticleID_49,104052,26012,0.2806289163110752,0.28060126095648164,0.9857199542439823,0.9601539019481302,0.9601539019481302,0.9035775127768313,0.9342391372269584,0.13656698787582452,0.04026344231503919,254.070339,0.948038,stage05_seed_stability_draft,Разрешен только аудит устойчивости к зернам случайности; строка не является самостоятельным итоговым выводом.
ST05_02_seed_stability_grid,miniboone_hgb_vs_logreg_average_precision_v01,nested_seed_stability_v01,nested_5x2_seed_grid_v01,openml_miniboone_41150,41150,MiniBooNE,signal,False,True,True,20260606,10,2,5,5,2,,,dummy_prior,control,not_applicable_control_model,,,,numeric_particleid_0_49_locked,50,ParticleID_0; ParticleID_1; ParticleID_2; ParticleID_3; ParticleID_4; ParticleID_5; ParticleID_6; ParticleID_7; ParticleID_8; ParticleID_9; ParticleID_10; ParticleID_11; ParticleID_12; ParticleID_13; ParticleID_14; ParticleID_15; ParticleID_16; ParticleID_17; ParticleID_18; ParticleID_19; ParticleID_20; ParticleID_21; ParticleID_22; ParticleID_23; ParticleID_24; ParticleID_25; ParticleID_26; ParticleID_27; ParticleID_28; ParticleID_29; ParticleID_30; ParticleID_31; ParticleID_32; ParticleID_33; ParticleID_34; ParticleID_35; ParticleID_36; ParticleID_37; ParticleID_38; ParticleID_39; ParticleID_40; ParticleID_41; ParticleID_42; ParticleID_43; ParticleID_44; ParticleID_45; ParticleID_46; ParticleID_47; ParticleID_48; ParticleID_49,104052,26012,0.2806289163110752,0.28060126095648164,0.5,0.28060126095648164,0.28060126095648164,0.0,0.5,0.5935202910098233,0.2018641940709328,0.004831,0.029942,stage05_seed_stability_draft,Разрешен только аудит устойчивости к зернам случайности; строка не является самостоятельным итоговым выводом.
ST05_02_seed_stability_grid,miniboone_hgb_vs_logreg_average_precision_v01,nested_seed_stability_v01,nested_5x2_seed_grid_v01,openml_miniboone_41150,41150,MiniBooNE,signal,False,True,True,20260606,10,2,5,5,2,,,logistic_regression,control,not_applicable_control_model,,,,numeric_particleid_0_49_locked,50,ParticleID_0; ParticleID_1; ParticleID_2; ParticleID_3; ParticleID_4; ParticleID_5; ParticleID_6; ParticleID_7; ParticleID_8; ParticleID_9; ParticleID_10; ParticleID_11; ParticleID_12; ParticleID_13; ParticleID_14; ParticleID_15; ParticleID_16; ParticleID_17; ParticleID_18; ParticleID_19; ParticleID_20; ParticleID_21; ParticleID_22; ParticleID_23; ParticleID_24; ParticleID_25; ParticleID_26; ParticleID_27; ParticleID_28; ParticleID_29; ParticleID_30; ParticleID_31; ParticleID_32; ParticleID_33; ParticleID_34; ParticleID_35; ParticleID_36; ParticleID_37; ParticleID_38; ParticleID_39; ParticleID_40; ParticleID_41; ParticleID_42; ParticleID_43; ParticleID_44; ParticleID_45; ParticleID_46; ParticleID_47; ParticleID_48; ParticleID_49,104052,26012,0.2806289163110752,0.28060126095648164,0.9380875315012638,0.8624278685528267,0.8624278685528267,0.7741075396237594,0.8318893988892156,0.2895345867717596,0.08672264825395139,3.140788,0.068316,stage05_seed_stability_draft,Разрешен только аудит устойчивости к зернам случайности; строка не является самостоятельным итоговым выводом.
ST05_02_seed_stability_grid,miniboone_hgb_vs_logreg_average_precision_v01,nested_seed_stability_v01,nested_5x2_seed_grid_v01,openml_miniboone_41150,41150,MiniBooNE,signal,False,True,True,20260616,1,1,1,5,2,3,20260616,hist_gradient_boosting,tuned_candidate,hgb_b5168b128e78,"{""l2_regularization"": 0.0, ""learning_rate"": 0.1, ""max_iter"": 150, ""max_leaf_nodes"": 63}",0.9580651518044339,16,numeric_particleid_0_49_locked,50,ParticleID_0; ParticleID_1; ParticleID_2; ParticleID_3; ParticleID_4; ParticleID_5; ParticleID_6; ParticleID_7; ParticleID_8; ParticleID_9; ParticleID_10; ParticleID_11; ParticleID_12; ParticleID_13; ParticleID_14; ParticleID_15; ParticleID_16; ParticleID_17; ParticleID_18; ParticleID_19; ParticleID_20; ParticleID_21; ParticleID_22; ParticleID_23; ParticleID_24; ParticleID_25; ParticleID_26; ParticleID_27; ParticleID_28; ParticleID_29; ParticleID_30; ParticleID_31; ParticleID_32; ParticleID_33; ParticleID_34; ParticleID_35; ParticleID_36; ParticleID_37; ParticleID_38; ParticleID_39; ParticleID_40; ParticleID_41; ParticleID_42; ParticleID_43; ParticleID_44; ParticleID_45; ParticleID_46; ParticleID_47; ParticleID_48; ParticleID_49,104051,26013,0.28062200267176673,0.2806289163110752,0.9843695284722583,0.9577856899751014,0.9577856899751014,0.9021346245652322,0.933000873321528,0.14198167848797114,0.04154593187073919,254.4298,0.8331,stage05_seed_stability_draft,Разрешен только аудит устойчивости к зернам случайности; строка не является самостоятельным итоговым выводом.
ST05_02_seed_stability_grid,miniboone_hgb_vs_logreg_average_precision_v01,nested_seed_stability_v01,nested_5x2_seed_grid_v01,openml_miniboone_41150,41150,MiniBooNE,signal,False,True,True,20260616,1,1,1,5,2,,,dummy_prior,control,not_applicable_control_model,,,,numeric_particleid_0_49_locked,50,ParticleID_0; ParticleID_1; ParticleID_2; ParticleID_3; ParticleID_4; ParticleID_5; ParticleID_6; ParticleID_7; ParticleID_8; ParticleID_9; ParticleID_10; ParticleID_11; ParticleID_12; ParticleID_13; ParticleID_14; ParticleID_15; ParticleID_16; ParticleID_17; ParticleID_18; ParticleID_19; ParticleID_20; ParticleID_21; ParticleID_22; ParticleID_23; ParticleID_24; ParticleID_25; ParticleID_26; ParticleID_27; ParticleID_28; ParticleID_29; ParticleID_30; ParticleID_31; ParticleID_32; ParticleID_33; ParticleID_34; ParticleID_35; ParticleID_36; ParticleID_37; ParticleID_38; ParticleID_39; ParticleID_40; ParticleID_41; ParticleID_42; ParticleID_43; ParticleID_44; ParticleID_45; ParticleID_46; ParticleID_47; ParticleID_48; ParticleID_49,104051,26013,0.28062200267176673,0.2806289163110752,0.5,0.2806289163110752,0.2806289163110752,0.0,0.5,0.5935463243336803,0.20187632768894515,0.004726,0.031186,stage05_seed_stability_draft,Разрешен только аудит устойчивости к зернам случайности; строка не является самостоятельным итоговым выводом.
ST05_02_seed_stability_grid,miniboone_hgb_vs_logreg_average_precision_v01,nested_seed_stability_v01,nested_5x2_seed_grid_v01,openml_miniboone_41150,41150,MiniBooNE,signal,False,True,True,20260616,1,1,1,5,2,,,logistic_regression,control,not_applicable_control_model,,,,numeric_particleid_0_49_locked,50,ParticleID_0; ParticleID_1; ParticleID_2; ParticleID_3; ParticleID_4; ParticleID_5; ParticleID_6; ParticleID_7; ParticleID_8; ParticleID_9; ParticleID_10; ParticleID_11; ParticleID_12; ParticleID_13; ParticleID_14; ParticleID_15; ParticleID_16; ParticleID_17; ParticleID_18; ParticleID_19; ParticleID_20; ParticleID_21; ParticleID_22; ParticleID_23; ParticleID_24; ParticleID_25; ParticleID_26; ParticleID_27; ParticleID_28; ParticleID_29; ParticleID_30; ParticleID_31; ParticleID_32; ParticleID_33; ParticleID_34; ParticleID_35; ParticleID_36; ParticleID_37; ParticleID_38; ParticleID_39; ParticleID_40; ParticleID_41; ParticleID_42; ParticleID_43; ParticleID_44; ParticleID_45; ParticleID_46; ParticleID_47; ParticleID_48; ParticleID_49,104051,26013,0.28062200267176673,0.2806289163110752,0.9381026083251773,0.8665352181861149,0.8665352181861149,0.7741171244539868,0.8319239060970727,0.2868664578049774,0.08604455678094951,2.651616,0.072706,stage05_seed_stability_draft,Разрешен только аудит устойчивости к зернам случайности; строка не является самостоятельным итоговым выводом.
ST05_02_seed_stability_grid,miniboone_hgb_vs_logreg_average_precision_v01,nested_seed_stability_v01,nested_5x2_seed_grid_v01,openml_miniboone_41150,41150,MiniBooNE,signal,False,True,True,20260616,2,1,2,5,2,3,20260617,hist_gradient_boosting,tuned_candidate,hgb_b5168b128e78,"{""l2_regularization"": 0.0, ""learning_rate"": 0.1, ""max_iter"": 150, ""max_leaf_nodes"": 63}",0.9575477073920237,16,numeric_particleid_0_49_locked,50,ParticleID_0; ParticleID_1; ParticleID_2; ParticleID_3; ParticleID_4; ParticleID_5; ParticleID_6; ParticleID_7; ParticleID_8; ParticleID_9; ParticleID_10; ParticleID_11; ParticleID_12; ParticleID_13; ParticleID_14; ParticleID_15; ParticleID_16; ParticleID_17; ParticleID_18; ParticleID_19; ParticleID_20; ParticleID_21; ParticleID_22; ParticleID_23; ParticleID_24; ParticleID_25; ParticleID_26; ParticleID_27; ParticleID_28; ParticleID_29; ParticleID_30; ParticleID_31; ParticleID_32; ParticleID_33; ParticleID_34; ParticleID_35; ParticleID_36; ParticleID_37; ParticleID_38; ParticleID_39; ParticleID_40; ParticleID_41; ParticleID_42; ParticleID_43; ParticleID_44; ParticleID_45; ParticleID_46; ParticleID_47; ParticleID_48; ParticleID_49,104051,26013,0.28062200267176673,0.2806289163110752,0.9854476596373922,0.9582263279548956,0.9582263279548956,0.901538880566526,0.932957602545736,0.13762747365526534,0.040627229650651214,253.716759,0.947551,stage05_seed_stability_draft,Разрешен только аудит устойчивости к зернам случайности; строка не является самостоятельным итоговым выводом.
ST05_02_seed_stability_grid,miniboone_hgb_vs_logreg_average_precision_v01,nested_seed_stability_v01,nested_5x2_seed_grid_v01,openml_miniboone_41150,41150,MiniBooNE,signal,False,True,True,20260616,2,1,2,5,2,,,dummy_prior,control,not_applicable_control_model,,,,numeric_particleid_0_49_locked,50,ParticleID_0; ParticleID_1; ParticleID_2; ParticleID_3; ParticleID_4; ParticleID_5; ParticleID_6; ParticleID_7; ParticleID_8; ParticleID_9; ParticleID_10; ParticleID_11; ParticleID_12; ParticleID_13; ParticleID_14; ParticleID_15; ParticleID_16; ParticleID_17; ParticleID_18; ParticleID_19; ParticleID_20; ParticleID_21; ParticleID_22; ParticleID_23; ParticleID_24; ParticleID_25; ParticleID_26; ParticleID_27; ParticleID_28; ParticleID_29; ParticleID_30; ParticleID_31; ParticleID_32; ParticleID_33; ParticleID_34; ParticleID_35; ParticleID_36; ParticleID_37; ParticleID_38; ParticleID_39; ParticleID_40; ParticleID_41; ParticleID_42; ParticleID_43; ParticleID_44; ParticleID_45; ParticleID_46; ParticleID_47; ParticleID_48; ParticleID_49,104051,26013,0.28062200267176673,0.2806289163110752,0.5,0.2806289163110752,0.2806289163110752,0.0,0.5,0.5935463243336803,0.20187632768894515,0.004517,0.028899,stage05_seed_stability_draft,Разрешен только аудит устойчивости к зернам случайности; строка не является самостоятельным итоговым выводом.
ST05_02_seed_stability_grid,miniboone_hgb_vs_logreg_average_precision_v01,nested_seed_stability_v01,nested_5x2_seed_grid_v01,openml_miniboone_41150,41150,MiniBooNE,signal,False,True,True,20260616,2,1,2,5,2,,,logistic_regression,control,not_applicable_control_model,,,,numeric_particleid_0_49_locked,50,ParticleID_0; ParticleID_1; ParticleID_2; ParticleID_3; ParticleID_4; ParticleID_5; ParticleID_6; ParticleID_7; ParticleID_8; ParticleID_9; ParticleID_10; ParticleID_11; ParticleID_12; ParticleID_13; ParticleID_14; ParticleID_15; ParticleID_16; ParticleID_17; ParticleID_18; ParticleID_19; ParticleID_20; ParticleID_21; ParticleID_22; ParticleID_23; ParticleID_24; ParticleID_25; ParticleID_26; ParticleID_27; ParticleID_28; ParticleID_29; ParticleID_30; ParticleID_31; ParticleID_32; ParticleID_33; ParticleID_34; ParticleID_35; ParticleID_36; ParticleID_37; ParticleID_38; ParticleID_39; ParticleID_40; ParticleID_41; ParticleID_42; ParticleID_43; ParticleID_44; ParticleID_45; ParticleID_46; ParticleID_47; ParticleID_48; ParticleID_49,104051,26013,0.28062200267176673,0.2806289163110752,0.9389538662229541,0.8658907493136028,0.8658907493136028,0.7759256527511432,0.833608018453218,0.2873566636945204,0.08575499418775909,3.277186,0.070268,stage05_seed_stability_draft,Разрешен только аудит устойчивости к зернам случайности; строка не является самостоятельным итоговым выводом.
ST05_02_seed_stability_grid,miniboone_hgb_vs_logreg_average_precision_v01,nested_seed_stability_v01,nested_5x2_seed_grid_v01,openml_miniboone_41150,41150,MiniBooNE,signal,False,True,True,20260616,3,1,3,5,2,3,20260618,hist_gradient_boosting,tuned_candidate,hgb_b5168b128e78,"{""l2_regularization"": 0.0, ""learning_rate"": 0.1, ""max_iter"": 150, ""max_leaf_nodes"": 63}",0.9584042123607244,16,numeric_particleid_0_49_locked,50,ParticleID_0; ParticleID_1; ParticleID_2; ParticleID_3; ParticleID_4; ParticleID_5; ParticleID_6; ParticleID_7; ParticleID_8; ParticleID_9; ParticleID_10; ParticleID_11; ParticleID_12; ParticleID_13; ParticleID_14; ParticleID_15; ParticleID_16; ParticleID_17; ParticleID_18; ParticleID_19; ParticleID_20; ParticleID_21; ParticleID_22; ParticleID_23; ParticleID_24; ParticleID_25; ParticleID_26; ParticleID_27; ParticleID_28; ParticleID_29; ParticleID_30; ParticleID_31; ParticleID_32; ParticleID_33; ParticleID_34; ParticleID_35; ParticleID_36; ParticleID_37; ParticleID_38; ParticleID_39; ParticleID_40; ParticleID_41; ParticleID_42; ParticleID_43; ParticleID_44; ParticleID_45; ParticleID_46; ParticleID_47; ParticleID_48; ParticleID_49,104051,26013,0.28062200267176673,0.2806289163110752,0.9845531602453499,0.9564836291450429,0.9564836291450429,0.8985961564672209,0.9307074965832118,0.14200209672673686,0.042073250691047004,262.385433,1.046906,stage05_seed_stability_draft,Разрешен только аудит устойчивости к зернам случайности; строка не является самостоятельным итоговым выводом.
ST05_02_seed_stability_grid,miniboone_hgb_vs_logreg_average_precision_v01,nested_seed_stability_v01,nested_5x2_seed_grid_v01,openml_miniboone_41150,41150,MiniBooNE,signal,False,True,True,20260616,3,1,3,5,2,,,dummy_prior,control,not_applicable_control_model,,,,numeric_particleid_0_49_locked,50,ParticleID_0; ParticleID_1; ParticleID_2; ParticleID_3; ParticleID_4; ParticleID_5; ParticleID_6; ParticleID_7; ParticleID_8; ParticleID_9; ParticleID_10; ParticleID_11; ParticleID_12; ParticleID_13; ParticleID_14; ParticleID_15; ParticleID_16; ParticleID_17; ParticleID_18; ParticleID_19; ParticleID_20; ParticleID_21; ParticleID_22; ParticleID_23; ParticleID_24; ParticleID_25; ParticleID_26; ParticleID_27; ParticleID_28; ParticleID_29; ParticleID_30; ParticleID_31; ParticleID_32; ParticleID_33; ParticleID_34; ParticleID_35; ParticleID_36; ParticleID_37; ParticleID_38; ParticleID_39; ParticleID_40; ParticleID_41; ParticleID_42; ParticleID_43; ParticleID_44; ParticleID_45; ParticleID_46; ParticleID_47; ParticleID_48; ParticleID_49,104051,26013,0.28062200267176673,0.2806289163110752,0.5,0.2806289163110752,0.2806289163110752,0.0,0.5,0.5935463243336803,0.20187632768894515,0.005053,0.034147,stage05_seed_stability_draft,Разрешен только аудит устойчивости к зернам случайности; строка не является самостоятельным итоговым выводом.
ST05_02_seed_stability_grid,miniboone_hgb_vs_logreg_average_precision_v01,nested_seed_stability_v01,nested_5x2_seed_grid_v01,openml_miniboone_41150,41150,MiniBooNE,signal,False,True,True,20260616,3,1,3,5,2,,,logistic_regression,control,not_applicable_control_model,,,,numeric_particleid_0_49_locked,50,ParticleID_0; ParticleID_1; ParticleID_2; ParticleID_3; ParticleID_4; ParticleID_5; ParticleID_6; ParticleID_7; ParticleID_8; ParticleID_9; ParticleID_10; ParticleID_11; ParticleID_12; ParticleID_13; ParticleID_14; ParticleID_15; ParticleID_16; ParticleID_17; ParticleID_18; ParticleID_19; ParticleID_20; ParticleID_21; ParticleID_22; ParticleID_23; ParticleID_24; ParticleID_25; ParticleID_26; ParticleID_27; ParticleID_28; ParticleID_29; ParticleID_30; ParticleID_31; ParticleID_32; ParticleID_33; ParticleID_34; ParticleID_35; ParticleID_36; ParticleID_37; ParticleID_38; ParticleID_39; ParticleID_40; ParticleID_41; ParticleID_42; ParticleID_43; ParticleID_44; ParticleID_45; ParticleID_46; ParticleID_47; ParticleID_48; ParticleID_49,104051,26013,0.28062200267176673,0.2806289163110752,0.9371031346606161,0.8651312629937327,0.8651312629937327,0.7728051232407477,0.8302947295448406,0.2886438511881046,0.08656838618781268,3.754027,0.087848,stage05_seed_stability_draft,Разрешен только аудит устойчивости к зернам случайности; строка не является самостоятельным итоговым выводом.
ST05_02_seed_stability_grid,miniboone_hgb_vs_logreg_average_precision_v01,nested_seed_stability_v01,nested_5x2_seed_grid_v01,openml_miniboone_41150,41150,MiniBooNE,signal,False,True,True,20260616,4,1,4,5,2,3,20260619,hist_gradient_boosting,tuned_candidate,hgb_b5168b128e78,"{""l2_regularization"": 0.0, ""learning_rate"": 0.1, ""max_iter"": 150, ""max_leaf_nodes"": 63}",0.9579828641231473,16,numeric_particleid_0_49_locked,50,ParticleID_0; ParticleID_1; ParticleID_2; ParticleID_3; ParticleID_4; ParticleID_5; ParticleID_6; ParticleID_7; ParticleID_8; ParticleID_9; ParticleID_10; ParticleID_11; ParticleID_12; ParticleID_13; ParticleID_14; ParticleID_15; ParticleID_16; ParticleID_17; ParticleID_18; ParticleID_19; ParticleID_20; ParticleID_21; ParticleID_22; ParticleID_23; ParticleID_24; ParticleID_25; ParticleID_26; ParticleID_27; ParticleID_28; ParticleID_29; ParticleID_30; ParticleID_31; ParticleID_32; ParticleID_33; ParticleID_34; ParticleID_35; ParticleID_36; ParticleID_37; ParticleID_38; ParticleID_39; ParticleID_40; ParticleID_41; ParticleID_42; ParticleID_43; ParticleID_44; ParticleID_45; ParticleID_46; ParticleID_47; ParticleID_48; ParticleID_49,104051,26013,0.28062200267176673,0.2806289163110752,0.9853523116667119,0.9609302686898566,0.9609302686898566,0.9017427273343731,0.9340888833416664,0.1384238440622281,0.04092582460765923,257.098405,0.918412,stage05_seed_stability_draft,Разрешен только аудит устойчивости к зернам случайности; строка не является самостоятельным итоговым выводом.
ST05_02_seed_stability_grid,miniboone_hgb_vs_logreg_average_precision_v01,nested_seed_stability_v01,nested_5x2_seed_grid_v01,openml_miniboone_41150,41150,MiniBooNE,signal,False,True,True,20260616,4,1,4,5,2,,,dummy_prior,control,not_applicable_control_model,,,,numeric_particleid_0_49_locked,50,ParticleID_0; ParticleID_1; ParticleID_2; ParticleID_3; ParticleID_4; ParticleID_5; ParticleID_6; ParticleID_7; ParticleID_8; ParticleID_9; ParticleID_10; ParticleID_11; ParticleID_12; ParticleID_13; ParticleID_14; ParticleID_15; ParticleID_16; ParticleID_17; ParticleID_18; ParticleID_19; ParticleID_20; ParticleID_21; ParticleID_22; ParticleID_23; ParticleID_24; ParticleID_25; ParticleID_26; ParticleID_27; ParticleID_28; ParticleID_29; ParticleID_30; ParticleID_31; ParticleID_32; ParticleID_33; ParticleID_34; ParticleID_35; ParticleID_36; ParticleID_37; ParticleID_38; ParticleID_39; ParticleID_40; ParticleID_41; ParticleID_42; ParticleID_43; ParticleID_44; ParticleID_45; ParticleID_46; ParticleID_47; ParticleID_48; ParticleID_49,104051,26013,0.28062200267176673,0.2806289163110752,0.5,0.2806289163110752,0.2806289163110752,0.0,0.5,0.5935463243336803,0.20187632768894515,0.005591,0.031785,stage05_seed_stability_draft,Разрешен только аудит устойчивости к зернам случайности; строка не является самостоятельным итоговым выводом.
ST05_02_seed_stability_grid,miniboone_hgb_vs_logreg_average_precision_v01,nested_seed_stability_v01,nested_5x2_seed_grid_v01,openml_miniboone_41150,41150,MiniBooNE,signal,False,True,True,20260616,4,1,4,5,2,,,logistic_regression,control,not_applicable_control_model,,,,numeric_particleid_0_49_locked,50,ParticleID_0; ParticleID_1; ParticleID_2; ParticleID_3; ParticleID_4; ParticleID_5; ParticleID_6; ParticleID_7; ParticleID_8; ParticleID_9; ParticleID_10; ParticleID_11; ParticleID_12; ParticleID_13; ParticleID_14; ParticleID_15; ParticleID_16; ParticleID_17; ParticleID_18; ParticleID_19; ParticleID_20; ParticleID_21; ParticleID_22; ParticleID_23; ParticleID_24; ParticleID_25; ParticleID_26; ParticleID_27; ParticleID_28; ParticleID_29; ParticleID_30; ParticleID_31; ParticleID_32; ParticleID_33; ParticleID_34; ParticleID_35; ParticleID_36; ParticleID_37; ParticleID_38; ParticleID_39; ParticleID_40; ParticleID_41; ParticleID_42; ParticleID_43; ParticleID_44; ParticleID_45; ParticleID_46; ParticleID_47; ParticleID_48; ParticleID_49,104051,26013,0.28062200267176673,0.2806289163110752,0.9426718441285782,0.8731934927952865,0.8731934927952865,0.7834460452807998,0.8389485918879923,0.2789033899854759,0.0834018150745551,3.700204,0.074893,stage05_seed_stability_draft,Разрешен только аудит устойчивости к зернам случайности; строка не является самостоятельным итоговым выводом.
ST05_02_seed_stability_grid,miniboone_hgb_vs_logreg_average_precision_v01,nested_seed_stability_v01,nested_5x2_seed_grid_v01,openml_miniboone_41150,41150,MiniBooNE,signal,False,True,True,20260616,5,1,5,5,2,3,20260620,hist_gradient_boosting,tuned_candidate,hgb_b5168b128e78,"{""l2_regularization"": 0.0, ""learning_rate"": 0.1, ""max_iter"": 150, ""max_leaf_nodes"": 63}",0.9577079239516203,16,numeric_particleid_0_49_locked,50,ParticleID_0; ParticleID_1; ParticleID_2; ParticleID_3; ParticleID_4; ParticleID_5; ParticleID_6; ParticleID_7; ParticleID_8; ParticleID_9; ParticleID_10; ParticleID_11; ParticleID_12; ParticleID_13; ParticleID_14; ParticleID_15; ParticleID_16; ParticleID_17; ParticleID_18; ParticleID_19; ParticleID_20; ParticleID_21; ParticleID_22; ParticleID_23; ParticleID_24; ParticleID_25; ParticleID_26; ParticleID_27; ParticleID_28; ParticleID_29; ParticleID_30; ParticleID_31; ParticleID_32; ParticleID_33; ParticleID_34; ParticleID_35; ParticleID_36; ParticleID_37; ParticleID_38; ParticleID_39; ParticleID_40; ParticleID_41; ParticleID_42; ParticleID_43; ParticleID_44; ParticleID_45; ParticleID_46; ParticleID_47; ParticleID_48; ParticleID_49,104052,26012,0.2806289163110752,0.28060126095648164,0.984857136395498,0.9584312592456313,0.9584312592456313,0.9013318836640392,0.9333340859716657,0.14070508552691569,0.04134260085612969,253.167222,0.885639,stage05_seed_stability_draft,Разрешен только аудит устойчивости к зернам случайности; строка не является самостоятельным итоговым выводом.
ST05_02_seed_stability_grid,miniboone_hgb_vs_logreg_average_precision_v01,nested_seed_stability_v01,nested_5x2_seed_grid_v01,openml_miniboone_41150,41150,MiniBooNE,signal,False,True,True,20260616,5,1,5,5,2,,,dummy_prior,control,not_applicable_control_model,,,,numeric_particleid_0_49_locked,50,ParticleID_0; ParticleID_1; ParticleID_2; ParticleID_3; ParticleID_4; ParticleID_5; ParticleID_6; ParticleID_7; ParticleID_8; ParticleID_9; ParticleID_10; ParticleID_11; ParticleID_12; ParticleID_13; ParticleID_14; ParticleID_15; ParticleID_16; ParticleID_17; ParticleID_18; ParticleID_19; ParticleID_20; ParticleID_21; ParticleID_22; ParticleID_23; ParticleID_24; ParticleID_25; ParticleID_26; ParticleID_27; ParticleID_28; ParticleID_29; ParticleID_30; ParticleID_31; ParticleID_32; ParticleID_33; ParticleID_34; ParticleID_35; ParticleID_36; ParticleID_37; ParticleID_38; ParticleID_39; ParticleID_40; ParticleID_41; ParticleID_42; ParticleID_43; ParticleID_44; ParticleID_45; ParticleID_46; ParticleID_47; ParticleID_48; ParticleID_49,104052,26012,0.2806289163110752,0.28060126095648164,0.5,0.28060126095648164,0.28060126095648164,0.0,0.5,0.5935202910098233,0.2018641940709328,0.004733,0.031521,stage05_seed_stability_draft,Разрешен только аудит устойчивости к зернам случайности; строка не является самостоятельным итоговым выводом.
ST05_02_seed_stability_grid,miniboone_hgb_vs_logreg_average_precision_v01,nested_seed_stability_v01,nested_5x2_seed_grid_v01,openml_miniboone_41150,41150,MiniBooNE,signal,False,True,True,20260616,5,1,5,5,2,,,logistic_regression,control,not_applicable_control_model,,,,numeric_particleid_0_49_locked,50,ParticleID_0; ParticleID_1; ParticleID_2; ParticleID_3; ParticleID_4; ParticleID_5; ParticleID_6; ParticleID_7; ParticleID_8; ParticleID_9; ParticleID_10; ParticleID_11; ParticleID_12; ParticleID_13; ParticleID_14; ParticleID_15; ParticleID_16; ParticleID_17; ParticleID_18; ParticleID_19; ParticleID_20; ParticleID_21; ParticleID_22; ParticleID_23; ParticleID_24; ParticleID_25; ParticleID_26; ParticleID_27; ParticleID_28; ParticleID_29; ParticleID_30; ParticleID_31; ParticleID_32; ParticleID_33; ParticleID_34; ParticleID_35; ParticleID_36; ParticleID_37; ParticleID_38; ParticleID_39; ParticleID_40; ParticleID_41; ParticleID_42; ParticleID_43; ParticleID_44; ParticleID_45; ParticleID_46; ParticleID_47; ParticleID_48; ParticleID_49,104052,26012,0.2806289163110752,0.28060126095648164,0.9372919752126913,0.8625654011771846,0.8625654011771846,0.7756844274359729,0.8337812959080555,0.28891830858965106,0.0870592024197563,3.985054,0.071402,stage05_seed_stability_draft,Разрешен только аудит устойчивости к зернам случайности; строка не является самостоятельным итоговым выводом.
ST05_02_seed_stability_grid,miniboone_hgb_vs_logreg_average_precision_v01,nested_seed_stability_v01,nested_5x2_seed_grid_v01,openml_miniboone_41150,41150,MiniBooNE,signal,False,True,True,20260616,6,2,1,5,2,3,20260621,hist_gradient_boosting,tuned_candidate,hgb_8316cb7622a5,"{""l2_regularization"": 0.01, ""learning_rate"": 0.1, ""max_iter"": 150, ""max_leaf_nodes"": 63}",0.9565560494197852,16,numeric_particleid_0_49_locked,50,ParticleID_0; ParticleID_1; ParticleID_2; ParticleID_3; ParticleID_4; ParticleID_5; ParticleID_6; ParticleID_7; ParticleID_8; ParticleID_9; ParticleID_10; ParticleID_11; ParticleID_12; ParticleID_13; ParticleID_14; ParticleID_15; ParticleID_16; ParticleID_17; ParticleID_18; ParticleID_19; ParticleID_20; ParticleID_21; ParticleID_22; ParticleID_23; ParticleID_24; ParticleID_25; ParticleID_26; ParticleID_27; ParticleID_28; ParticleID_29; ParticleID_30; ParticleID_31; ParticleID_32; ParticleID_33; ParticleID_34; ParticleID_35; ParticleID_36; ParticleID_37; ParticleID_38; ParticleID_39; ParticleID_40; ParticleID_41; ParticleID_42; ParticleID_43; ParticleID_44; ParticleID_45; ParticleID_46; ParticleID_47; ParticleID_48; ParticleID_49,104051,26013,0.28062200267176673,0.2806289163110752,0.9861365185289839,0.9634152254118704,0.9634152254118704,0.9054590231221782,0.934584096178102,0.13413047253701593,0.03929151451601532,252.517792,0.980133,stage05_seed_stability_draft,Разрешен только аудит устойчивости к зернам случайности; строка не является самостоятельным итоговым выводом.
ST05_02_seed_stability_grid,miniboone_hgb_vs_logreg_average_precision_v01,nested_seed_stability_v01,nested_5x2_seed_grid_v01,openml_miniboone_41150,41150,MiniBooNE,signal,False,True,True,20260616,6,2,1,5,2,,,dummy_prior,control,not_applicable_control_model,,,,numeric_particleid_0_49_locked,50,ParticleID_0; ParticleID_1; ParticleID_2; ParticleID_3; ParticleID_4; ParticleID_5; ParticleID_6; ParticleID_7; ParticleID_8; ParticleID_9; ParticleID_10; ParticleID_11; ParticleID_12; ParticleID_13; ParticleID_14; ParticleID_15; ParticleID_16; ParticleID_17; ParticleID_18; ParticleID_19; ParticleID_20; ParticleID_21; ParticleID_22; ParticleID_23; ParticleID_24; ParticleID_25; ParticleID_26; ParticleID_27; ParticleID_28; ParticleID_29; ParticleID_30; ParticleID_31; ParticleID_32; ParticleID_33; ParticleID_34; ParticleID_35; ParticleID_36; ParticleID_37; ParticleID_38; ParticleID_39; ParticleID_40; ParticleID_41; ParticleID_42; ParticleID_43; ParticleID_44; ParticleID_45; ParticleID_46; ParticleID_47; ParticleID_48; ParticleID_49,104051,26013,0.28062200267176673,0.2806289163110752,0.5,0.2806289163110752,0.2806289163110752,0.0,0.5,0.5935463243336803,0.20187632768894515,0.00417,0.029975,stage05_seed_stability_draft,Разрешен только аудит устойчивости к зернам случайности; строка не является самостоятельным итоговым выводом.
ST05_02_seed_stability_grid,miniboone_hgb_vs_logreg_average_precision_v01,nested_seed_stability_v01,nested_5x2_seed_grid_v01,openml_miniboone_41150,41150,MiniBooNE,signal,False,True,True,20260616,6,2,1,5,2,,,logistic_regression,control,not_applicable_control_model,,,,numeric_particleid_0_49_locked,50,ParticleID_0; ParticleID_1; ParticleID_2; ParticleID_3; ParticleID_4; ParticleID_5; ParticleID_6; ParticleID_7; ParticleID_8; ParticleID_9; ParticleID_10; ParticleID_11; ParticleID_12; ParticleID_13; ParticleID_14; ParticleID_15; ParticleID_16; ParticleID_17; ParticleID_18; ParticleID_19; ParticleID_20; ParticleID_21; ParticleID_22; ParticleID_23; ParticleID_24; ParticleID_25; ParticleID_26; ParticleID_27; ParticleID_28; ParticleID_29; ParticleID_30; ParticleID_31; ParticleID_32; ParticleID_33; ParticleID_34; ParticleID_35; ParticleID_36; ParticleID_37; ParticleID_38; ParticleID_39; ParticleID_40; ParticleID_41; ParticleID_42; ParticleID_43; ParticleID_44; ParticleID_45; ParticleID_46; ParticleID_47; ParticleID_48; ParticleID_49,104051,26013,0.28062200267176673,0.2806289163110752,0.9405720841638915,0.8697887611273596,0.8697887611273596,0.7826920241780922,0.8380596779471308,0.2831906247641227,0.08444039967111751,3.688614,0.070679,stage05_seed_stability_draft,Разрешен только аудит устойчивости к зернам случайности; строка не является самостоятельным итоговым выводом.
ST05_02_seed_stability_grid,miniboone_hgb_vs_logreg_average_precision_v01,nested_seed_stability_v01,nested_5x2_seed_grid_v01,openml_miniboone_41150,41150,MiniBooNE,signal,False,True,True,20260616,7,2,2,5,2,3,20260622,hist_gradient_boosting,tuned_candidate,hgb_8316cb7622a5,"{""l2_regularization"": 0.01, ""learning_rate"": 0.1, ""max_iter"": 150, ""max_leaf_nodes"": 63}",0.9580927631270578,16,numeric_particleid_0_49_locked,50,ParticleID_0; ParticleID_1; ParticleID_2; ParticleID_3; ParticleID_4; ParticleID_5; ParticleID_6; ParticleID_7; ParticleID_8; ParticleID_9; ParticleID_10; ParticleID_11; ParticleID_12; ParticleID_13; ParticleID_14; ParticleID_15; ParticleID_16; ParticleID_17; ParticleID_18; ParticleID_19; ParticleID_20; ParticleID_21; ParticleID_22; ParticleID_23; ParticleID_24; ParticleID_25; ParticleID_26; ParticleID_27; ParticleID_28; ParticleID_29; ParticleID_30; ParticleID_31; ParticleID_32; ParticleID_33; ParticleID_34; ParticleID_35; ParticleID_36; ParticleID_37; ParticleID_38; ParticleID_39; ParticleID_40; ParticleID_41; ParticleID_42; ParticleID_43; ParticleID_44; ParticleID_45; ParticleID_46; ParticleID_47; ParticleID_48; ParticleID_49,104051,26013,0.28062200267176673,0.2806289163110752,0.98438097022874,0.9563439671278832,0.9563439671278832,0.8981808308444204,0.9313476602962265,0.14238853521736597,0.04202872231217422,251.895674,0.814879,stage05_seed_stability_draft,Разрешен только аудит устойчивости к зернам случайности; строка не является самостоятельным итоговым выводом.
ST05_02_seed_stability_grid,miniboone_hgb_vs_logreg_average_precision_v01,nested_seed_stability_v01,nested_5x2_seed_grid_v01,openml_miniboone_41150,41150,MiniBooNE,signal,False,True,True,20260616,7,2,2,5,2,,,dummy_prior,control,not_applicable_control_model,,,,numeric_particleid_0_49_locked,50,ParticleID_0; ParticleID_1; ParticleID_2; ParticleID_3; ParticleID_4; ParticleID_5; ParticleID_6; ParticleID_7; ParticleID_8; ParticleID_9; ParticleID_10; ParticleID_11; ParticleID_12; ParticleID_13; ParticleID_14; ParticleID_15; ParticleID_16; ParticleID_17; ParticleID_18; ParticleID_19; ParticleID_20; ParticleID_21; ParticleID_22; ParticleID_23; ParticleID_24; ParticleID_25; ParticleID_26; ParticleID_27; ParticleID_28; ParticleID_29; ParticleID_30; ParticleID_31; ParticleID_32; ParticleID_33; ParticleID_34; ParticleID_35; ParticleID_36; ParticleID_37; ParticleID_38; ParticleID_39; ParticleID_40; ParticleID_41; ParticleID_42; ParticleID_43; ParticleID_44; ParticleID_45; ParticleID_46; ParticleID_47; ParticleID_48; ParticleID_49,104051,26013,0.28062200267176673,0.2806289163110752,0.5,0.2806289163110752,0.2806289163110752,0.0,0.5,0.5935463243336803,0.20187632768894515,0.00503,0.030857,stage05_seed_stability_draft,Разрешен только аудит устойчивости к зернам случайности; строка не является самостоятельным итоговым выводом.
ST05_02_seed_stability_grid,miniboone_hgb_vs_logreg_average_precision_v01,nested_seed_stability_v01,nested_5x2_seed_grid_v01,openml_miniboone_41150,41150,MiniBooNE,signal,False,True,True,20260616,7,2,2,5,2,,,logistic_regression,control,not_applicable_control_model,,,,numeric_particleid_0_49_locked,50,ParticleID_0; ParticleID_1; ParticleID_2; ParticleID_3; ParticleID_4; ParticleID_5; ParticleID_6; ParticleID_7; ParticleID_8; ParticleID_9; ParticleID_10; ParticleID_11; ParticleID_12; ParticleID_13; ParticleID_14; ParticleID_15; ParticleID_16; ParticleID_17; ParticleID_18; ParticleID_19; ParticleID_20; ParticleID_21; ParticleID_22; ParticleID_23; ParticleID_24; ParticleID_25; ParticleID_26; ParticleID_27; ParticleID_28; ParticleID_29; ParticleID_30; ParticleID_31; ParticleID_32; ParticleID_33; ParticleID_34; ParticleID_35; ParticleID_36; ParticleID_37; ParticleID_38; ParticleID_39; ParticleID_40; ParticleID_41; ParticleID_42; ParticleID_43; ParticleID_44; ParticleID_45; ParticleID_46; ParticleID_47; ParticleID_48; ParticleID_49,104051,26013,0.28062200267176673,0.2806289163110752,0.9379051703123387,0.8643953031478039,0.8643953031478039,0.7682700170991005,0.8276122269406149,0.2879387849098639,0.08675088141811613,3.180006,0.068633,stage05_seed_stability_draft,Разрешен только аудит устойчивости к зернам случайности; строка не является самостоятельным итоговым выводом.
ST05_02_seed_stability_grid,miniboone_hgb_vs_logreg_average_precision_v01,nested_seed_stability_v01,nested_5x2_seed_grid_v01,openml_miniboone_41150,41150,MiniBooNE,signal,False,True,True,20260616,8,2,3,5,2,3,20260623,hist_gradient_boosting,tuned_candidate,hgb_b5168b128e78,"{""l2_regularization"": 0.0, ""learning_rate"": 0.1, ""max_iter"": 150, ""max_leaf_nodes"": 63}",0.9577048398426767,16,numeric_particleid_0_49_locked,50,ParticleID_0; ParticleID_1; ParticleID_2; ParticleID_3; ParticleID_4; ParticleID_5; ParticleID_6; ParticleID_7; ParticleID_8; ParticleID_9; ParticleID_10; ParticleID_11; ParticleID_12; ParticleID_13; ParticleID_14; ParticleID_15; ParticleID_16; ParticleID_17; ParticleID_18; ParticleID_19; ParticleID_20; ParticleID_21; ParticleID_22; ParticleID_23; ParticleID_24; ParticleID_25; ParticleID_26; ParticleID_27; ParticleID_28; ParticleID_29; ParticleID_30; ParticleID_31; ParticleID_32; ParticleID_33; ParticleID_34; ParticleID_35; ParticleID_36; ParticleID_37; ParticleID_38; ParticleID_39; ParticleID_40; ParticleID_41; ParticleID_42; ParticleID_43; ParticleID_44; ParticleID_45; ParticleID_46; ParticleID_47; ParticleID_48; ParticleID_49,104051,26013,0.28062200267176673,0.2806289163110752,0.9852816260617299,0.9605421127466713,0.9605421127466713,0.904311108084179,0.9348467990533282,0.13823901426426724,0.040504516905371206,252.659327,0.767127,stage05_seed_stability_draft,Разрешен только аудит устойчивости к зернам случайности; строка не является самостоятельным итоговым выводом.
ST05_02_seed_stability_grid,miniboone_hgb_vs_logreg_average_precision_v01,nested_seed_stability_v01,nested_5x2_seed_grid_v01,openml_miniboone_41150,41150,MiniBooNE,signal,False,True,True,20260616,8,2,3,5,2,,,dummy_prior,control,not_applicable_control_model,,,,numeric_particleid_0_49_locked,50,ParticleID_0; ParticleID_1; ParticleID_2; ParticleID_3; ParticleID_4; ParticleID_5; ParticleID_6; ParticleID_7; ParticleID_8; ParticleID_9; ParticleID_10; ParticleID_11; ParticleID_12; ParticleID_13; ParticleID_14; ParticleID_15; ParticleID_16; ParticleID_17; ParticleID_18; ParticleID_19; ParticleID_20; ParticleID_21; ParticleID_22; ParticleID_23; ParticleID_24; ParticleID_25; ParticleID_26; ParticleID_27; ParticleID_28; ParticleID_29; ParticleID_30; ParticleID_31; ParticleID_32; ParticleID_33; ParticleID_34; ParticleID_35; ParticleID_36; ParticleID_37; ParticleID_38; ParticleID_39; ParticleID_40; ParticleID_41; ParticleID_42; ParticleID_43; ParticleID_44; ParticleID_45; ParticleID_46; ParticleID_47; ParticleID_48; ParticleID_49,104051,26013,0.28062200267176673,0.2806289163110752,0.5,0.2806289163110752,0.2806289163110752,0.0,0.5,0.5935463243336803,0.20187632768894515,0.00511,0.028553,stage05_seed_stability_draft,Разрешен только аудит устойчивости к зернам случайности; строка не является самостоятельным итоговым выводом.
ST05_02_seed_stability_grid,miniboone_hgb_vs_logreg_average_precision_v01,nested_seed_stability_v01,nested_5x2_seed_grid_v01,openml_miniboone_41150,41150,MiniBooNE,signal,False,True,True,20260616,8,2,3,5,2,,,logistic_regression,control,not_applicable_control_model,,,,numeric_particleid_0_49_locked,50,ParticleID_0; ParticleID_1; ParticleID_2; ParticleID_3; ParticleID_4; ParticleID_5; ParticleID_6; ParticleID_7; ParticleID_8; ParticleID_9; ParticleID_10; ParticleID_11; ParticleID_12; ParticleID_13; ParticleID_14; ParticleID_15; ParticleID_16; ParticleID_17; ParticleID_18; ParticleID_19; ParticleID_20; ParticleID_21; ParticleID_22; ParticleID_23; ParticleID_24; ParticleID_25; ParticleID_26; ParticleID_27; ParticleID_28; ParticleID_29; ParticleID_30; ParticleID_31; ParticleID_32; ParticleID_33; ParticleID_34; ParticleID_35; ParticleID_36; ParticleID_37; ParticleID_38; ParticleID_39; ParticleID_40; ParticleID_41; ParticleID_42; ParticleID_43; ParticleID_44; ParticleID_45; ParticleID_46; ParticleID_47; ParticleID_48; ParticleID_49,104051,26013,0.28062200267176673,0.2806289163110752,0.9413785230251623,0.8736201594055502,0.8736201594055502,0.7825383993532741,0.8383923709910845,0.27979918466133763,0.08421493396639138,3.265682,0.074599,stage05_seed_stability_draft,Разрешен только аудит устойчивости к зернам случайности; строка не является самостоятельным итоговым выводом.
ST05_02_seed_stability_grid,miniboone_hgb_vs_logreg_average_precision_v01,nested_seed_stability_v01,nested_5x2_seed_grid_v01,openml_miniboone_41150,41150,MiniBooNE,signal,False,True,True,20260616,9,2,4,5,2,3,20260624,hist_gradient_boosting,tuned_candidate,hgb_b5168b128e78,"{""l2_regularization"": 0.0, ""learning_rate"": 0.1, ""max_iter"": 150, ""max_leaf_nodes"": 63}",0.9592127266095304,16,numeric_particleid_0_49_locked,50,ParticleID_0; ParticleID_1; ParticleID_2; ParticleID_3; ParticleID_4; ParticleID_5; ParticleID_6; ParticleID_7; ParticleID_8; ParticleID_9; ParticleID_10; ParticleID_11; ParticleID_12; ParticleID_13; ParticleID_14; ParticleID_15; ParticleID_16; ParticleID_17; ParticleID_18; ParticleID_19; ParticleID_20; ParticleID_21; ParticleID_22; ParticleID_23; ParticleID_24; ParticleID_25; ParticleID_26; ParticleID_27; ParticleID_28; ParticleID_29; ParticleID_30; ParticleID_31; ParticleID_32; ParticleID_33; ParticleID_34; ParticleID_35; ParticleID_36; ParticleID_37; ParticleID_38; ParticleID_39; ParticleID_40; ParticleID_41; ParticleID_42; ParticleID_43; ParticleID_44; ParticleID_45; ParticleID_46; ParticleID_47; ParticleID_48; ParticleID_49,104051,26013,0.28062200267176673,0.2806289163110752,0.9837792861017431,0.9541632026614909,0.9541632026614909,0.9010691568547842,0.934117495053252,0.1445014861751763,0.042356833551045525,252.611156,0.859729,stage05_seed_stability_draft,Разрешен только аудит устойчивости к зернам случайности; строка не является самостоятельным итоговым выводом.
ST05_02_seed_stability_grid,miniboone_hgb_vs_logreg_average_precision_v01,nested_seed_stability_v01,nested_5x2_seed_grid_v01,openml_miniboone_41150,41150,MiniBooNE,signal,False,True,True,20260616,9,2,4,5,2,,,dummy_prior,control,not_applicable_control_model,,,,numeric_particleid_0_49_locked,50,ParticleID_0; ParticleID_1; ParticleID_2; ParticleID_3; ParticleID_4; ParticleID_5; ParticleID_6; ParticleID_7; ParticleID_8; ParticleID_9; ParticleID_10; ParticleID_11; ParticleID_12; ParticleID_13; ParticleID_14; ParticleID_15; ParticleID_16; ParticleID_17; ParticleID_18; ParticleID_19; ParticleID_20; ParticleID_21; ParticleID_22; ParticleID_23; ParticleID_24; ParticleID_25; ParticleID_26; ParticleID_27; ParticleID_28; ParticleID_29; ParticleID_30; ParticleID_31; ParticleID_32; ParticleID_33; ParticleID_34; ParticleID_35; ParticleID_36; ParticleID_37; ParticleID_38; ParticleID_39; ParticleID_40; ParticleID_41; ParticleID_42; ParticleID_43; ParticleID_44; ParticleID_45; ParticleID_46; ParticleID_47; ParticleID_48; ParticleID_49,104051,26013,0.28062200267176673,0.2806289163110752,0.5,0.2806289163110752,0.2806289163110752,0.0,0.5,0.5935463243336803,0.20187632768894515,0.005012,0.02997,stage05_seed_stability_draft,Разрешен только аудит устойчивости к зернам случайности; строка не является самостоятельным итоговым выводом.
ST05_02_seed_stability_grid,miniboone_hgb_vs_logreg_average_precision_v01,nested_seed_stability_v01,nested_5x2_seed_grid_v01,openml_miniboone_41150,41150,MiniBooNE,signal,False,True,True,20260616,9,2,4,5,2,,,logistic_regression,control,not_applicable_control_model,,,,numeric_particleid_0_49_locked,50,ParticleID_0; ParticleID_1; ParticleID_2; ParticleID_3; ParticleID_4; ParticleID_5; ParticleID_6; ParticleID_7; ParticleID_8; ParticleID_9; ParticleID_10; ParticleID_11; ParticleID_12; ParticleID_13; ParticleID_14; ParticleID_15; ParticleID_16; ParticleID_17; ParticleID_18; ParticleID_19; ParticleID_20; ParticleID_21; ParticleID_22; ParticleID_23; ParticleID_24; ParticleID_25; ParticleID_26; ParticleID_27; ParticleID_28; ParticleID_29; ParticleID_30; ParticleID_31; ParticleID_32; ParticleID_33; ParticleID_34; ParticleID_35; ParticleID_36; ParticleID_37; ParticleID_38; ParticleID_39; ParticleID_40; ParticleID_41; ParticleID_42; ParticleID_43; ParticleID_44; ParticleID_45; ParticleID_46; ParticleID_47; ParticleID_48; ParticleID_49,104051,26013,0.28062200267176673,0.2806289163110752,0.9356115812829553,0.8577638547975794,0.8577638547975794,0.7726399763628305,0.8312860300033161,0.29432849798693034,0.08756940593437725,2.485102,0.07154,stage05_seed_stability_draft,Разрешен только аудит устойчивости к зернам случайности; строка не является самостоятельным итоговым выводом.
ST05_02_seed_stability_grid,miniboone_hgb_vs_logreg_average_precision_v01,nested_seed_stability_v01,nested_5x2_seed_grid_v01,openml_miniboone_41150,41150,MiniBooNE,signal,False,True,True,20260616,10,2,5,5,2,3,20260625,hist_gradient_boosting,tuned_candidate,hgb_b5168b128e78,"{""l2_regularization"": 0.0, ""learning_rate"": 0.1, ""max_iter"": 150, ""max_leaf_nodes"": 63}",0.9578130348056223,16,numeric_particleid_0_49_locked,50,ParticleID_0; ParticleID_1; ParticleID_2; ParticleID_3; ParticleID_4; ParticleID_5; ParticleID_6; ParticleID_7; ParticleID_8; ParticleID_9; ParticleID_10; ParticleID_11; ParticleID_12; ParticleID_13; ParticleID_14; ParticleID_15; ParticleID_16; ParticleID_17; ParticleID_18; ParticleID_19; ParticleID_20; ParticleID_21; ParticleID_22; ParticleID_23; ParticleID_24; ParticleID_25; ParticleID_26; ParticleID_27; ParticleID_28; ParticleID_29; ParticleID_30; ParticleID_31; ParticleID_32; ParticleID_33; ParticleID_34; ParticleID_35; ParticleID_36; ParticleID_37; ParticleID_38; ParticleID_39; ParticleID_40; ParticleID_41; ParticleID_42; ParticleID_43; ParticleID_44; ParticleID_45; ParticleID_46; ParticleID_47; ParticleID_48; ParticleID_49,104052,26012,0.2806289163110752,0.28060126095648164,0.9854614947264031,0.9611139648530418,0.9611139648530418,0.903247677808665,0.9352137819031436,0.13838638091255223,0.040999821091848916,251.280643,0.941495,stage05_seed_stability_draft,Разрешен только аудит устойчивости к зернам случайности; строка не является самостоятельным итоговым выводом.
ST05_02_seed_stability_grid,miniboone_hgb_vs_logreg_average_precision_v01,nested_seed_stability_v01,nested_5x2_seed_grid_v01,openml_miniboone_41150,41150,MiniBooNE,signal,False,True,True,20260616,10,2,5,5,2,,,dummy_prior,control,not_applicable_control_model,,,,numeric_particleid_0_49_locked,50,ParticleID_0; ParticleID_1; ParticleID_2; ParticleID_3; ParticleID_4; ParticleID_5; ParticleID_6; ParticleID_7; ParticleID_8; ParticleID_9; ParticleID_10; ParticleID_11; ParticleID_12; ParticleID_13; ParticleID_14; ParticleID_15; ParticleID_16; ParticleID_17; ParticleID_18; ParticleID_19; ParticleID_20; ParticleID_21; ParticleID_22; ParticleID_23; ParticleID_24; ParticleID_25; ParticleID_26; ParticleID_27; ParticleID_28; ParticleID_29; ParticleID_30; ParticleID_31; ParticleID_32; ParticleID_33; ParticleID_34; ParticleID_35; ParticleID_36; ParticleID_37; ParticleID_38; ParticleID_39; ParticleID_40; ParticleID_41; ParticleID_42; ParticleID_43; ParticleID_44; ParticleID_45; ParticleID_46; ParticleID_47; ParticleID_48; ParticleID_49,104052,26012,0.2806289163110752,0.28060126095648164,0.5,0.28060126095648164,0.28060126095648164,0.0,0.5,0.5935202910098233,0.2018641940709328,0.004987,0.027824,stage05_seed_stability_draft,Разрешен только аудит устойчивости к зернам случайности; строка не является самостоятельным итоговым выводом.
ST05_02_seed_stability_grid,miniboone_hgb_vs_logreg_average_precision_v01,nested_seed_stability_v01,nested_5x2_seed_grid_v01,openml_miniboone_41150,41150,MiniBooNE,signal,False,True,True,20260616,10,2,5,5,2,,,logistic_regression,control,not_applicable_control_model,,,,numeric_particleid_0_49_locked,50,ParticleID_0; ParticleID_1; ParticleID_2; ParticleID_3; ParticleID_4; ParticleID_5; ParticleID_6; ParticleID_7; ParticleID_8; ParticleID_9; ParticleID_10; ParticleID_11; ParticleID_12; ParticleID_13; ParticleID_14; ParticleID_15; ParticleID_16; ParticleID_17; ParticleID_18; ParticleID_19; ParticleID_20; ParticleID_21; ParticleID_22; ParticleID_23; ParticleID_24; ParticleID_25; ParticleID_26; ParticleID_27; ParticleID_28; ParticleID_29; ParticleID_30; ParticleID_31; ParticleID_32; ParticleID_33; ParticleID_34; ParticleID_35; ParticleID_36; ParticleID_37; ParticleID_38; ParticleID_39; ParticleID_40; ParticleID_41; ParticleID_42; ParticleID_43; ParticleID_44; ParticleID_45; ParticleID_46; ParticleID_47; ParticleID_48; ParticleID_49,104052,26012,0.2806289163110752,0.28060126095648164,0.9412176796472107,0.8712778150800236,0.8712778150800236,0.7792975970425139,0.8354646176629852,0.281306686705513,0.08445697511916521,3.950369,0.069879,stage05_seed_stability_draft,Разрешен только аудит устойчивости к зернам случайности; строка не является самостоятельным итоговым выводом.
