stress_test_id,claim_id,run_group,protocol_variant_id,candidate_id,openml_dataset_id,dataset_name,target_name,target_class_0,target_class_1,positive_class_assumption,outer_random_state,outer_split_number,outer_repeat_number,outer_fold_number,outer_cv_n_splits,outer_cv_n_repeats,inner_cv_n_splits,inner_random_state,model_id,model_role,selected_parameter_set_id,selected_params_json,inner_best_average_precision,inner_candidate_count,feature_policy_id,feature_count,feature_names,n_train,n_test,train_positive_share,test_positive_share,roc_auc,average_precision,pr_auc,f1,balanced_accuracy,log_loss,brier_score,fit_seconds,predict_seconds,row_status,interpretation_allowed_ru
ST05_02_seed_stability_grid,miniboone_hgb_vs_logreg_average_precision_v01,nested_seed_stability_v01,nested_5x2_seed_grid_v01,openml_miniboone_41150,41150,MiniBooNE,signal,False,True,True,20260507,1,1,1,5,2,3,20260507,hist_gradient_boosting,tuned_candidate,hgb_b5168b128e78,"{""l2_regularization"": 0.0, ""learning_rate"": 0.1, ""max_iter"": 150, ""max_leaf_nodes"": 63}",0.9590593369250454,16,numeric_particleid_0_49_locked,50,ParticleID_0; ParticleID_1; ParticleID_2; ParticleID_3; ParticleID_4; ParticleID_5; ParticleID_6; ParticleID_7; ParticleID_8; ParticleID_9; ParticleID_10; ParticleID_11; ParticleID_12; ParticleID_13; ParticleID_14; ParticleID_15; ParticleID_16; ParticleID_17; ParticleID_18; ParticleID_19; ParticleID_20; ParticleID_21; ParticleID_22; ParticleID_23; ParticleID_24; ParticleID_25; ParticleID_26; ParticleID_27; ParticleID_28; ParticleID_29; ParticleID_30; ParticleID_31; ParticleID_32; ParticleID_33; ParticleID_34; ParticleID_35; ParticleID_36; ParticleID_37; ParticleID_38; ParticleID_39; ParticleID_40; ParticleID_41; ParticleID_42; ParticleID_43; ParticleID_44; ParticleID_45; ParticleID_46; ParticleID_47; ParticleID_48; ParticleID_49,104051,26013,0.28062200267176673,0.2806289163110752,0.9839710361780579,0.9563547384495451,0.9563547384495451,0.8973698481561823,0.9310989100683797,0.144375040164541,0.04255211916900973,57.129285,0.129095,stage05_seed_stability_draft,Разрешен только аудит устойчивости к зернам случайности; строка не является самостоятельным итоговым выводом.
ST05_02_seed_stability_grid,miniboone_hgb_vs_logreg_average_precision_v01,nested_seed_stability_v01,nested_5x2_seed_grid_v01,openml_miniboone_41150,41150,MiniBooNE,signal,False,True,True,20260507,1,1,1,5,2,,,dummy_prior,control,not_applicable_control_model,,,,numeric_particleid_0_49_locked,50,ParticleID_0; ParticleID_1; ParticleID_2; ParticleID_3; ParticleID_4; ParticleID_5; ParticleID_6; ParticleID_7; ParticleID_8; ParticleID_9; ParticleID_10; ParticleID_11; ParticleID_12; ParticleID_13; ParticleID_14; ParticleID_15; ParticleID_16; ParticleID_17; ParticleID_18; ParticleID_19; ParticleID_20; ParticleID_21; ParticleID_22; ParticleID_23; ParticleID_24; ParticleID_25; ParticleID_26; ParticleID_27; ParticleID_28; ParticleID_29; ParticleID_30; ParticleID_31; ParticleID_32; ParticleID_33; ParticleID_34; ParticleID_35; ParticleID_36; ParticleID_37; ParticleID_38; ParticleID_39; ParticleID_40; ParticleID_41; ParticleID_42; ParticleID_43; ParticleID_44; ParticleID_45; ParticleID_46; ParticleID_47; ParticleID_48; ParticleID_49,104051,26013,0.28062200267176673,0.2806289163110752,0.5,0.2806289163110752,0.2806289163110752,0.0,0.5,0.5935463243336803,0.20187632768894515,0.002797,0.010034,stage05_seed_stability_draft,Разрешен только аудит устойчивости к зернам случайности; строка не является самостоятельным итоговым выводом.
ST05_02_seed_stability_grid,miniboone_hgb_vs_logreg_average_precision_v01,nested_seed_stability_v01,nested_5x2_seed_grid_v01,openml_miniboone_41150,41150,MiniBooNE,signal,False,True,True,20260507,1,1,1,5,2,,,logistic_regression,control,not_applicable_control_model,,,,numeric_particleid_0_49_locked,50,ParticleID_0; ParticleID_1; ParticleID_2; ParticleID_3; ParticleID_4; ParticleID_5; ParticleID_6; ParticleID_7; ParticleID_8; ParticleID_9; ParticleID_10; ParticleID_11; ParticleID_12; ParticleID_13; ParticleID_14; ParticleID_15; ParticleID_16; ParticleID_17; ParticleID_18; ParticleID_19; ParticleID_20; ParticleID_21; ParticleID_22; ParticleID_23; ParticleID_24; ParticleID_25; ParticleID_26; ParticleID_27; ParticleID_28; ParticleID_29; ParticleID_30; ParticleID_31; ParticleID_32; ParticleID_33; ParticleID_34; ParticleID_35; ParticleID_36; ParticleID_37; ParticleID_38; ParticleID_39; ParticleID_40; ParticleID_41; ParticleID_42; ParticleID_43; ParticleID_44; ParticleID_45; ParticleID_46; ParticleID_47; ParticleID_48; ParticleID_49,104051,26013,0.28062200267176673,0.2806289163110752,0.9365105753893161,0.8617220139928502,0.8617220139928502,0.7744593202883625,0.8330269704820252,0.2905514061702884,0.0875149270619672,1.365746,0.028943,stage05_seed_stability_draft,Разрешен только аудит устойчивости к зернам случайности; строка не является самостоятельным итоговым выводом.
ST05_02_seed_stability_grid,miniboone_hgb_vs_logreg_average_precision_v01,nested_seed_stability_v01,nested_5x2_seed_grid_v01,openml_miniboone_41150,41150,MiniBooNE,signal,False,True,True,20260507,2,1,2,5,2,3,20260508,hist_gradient_boosting,tuned_candidate,hgb_b5168b128e78,"{""l2_regularization"": 0.0, ""learning_rate"": 0.1, ""max_iter"": 150, ""max_leaf_nodes"": 63}",0.9577070041517844,16,numeric_particleid_0_49_locked,50,ParticleID_0; ParticleID_1; ParticleID_2; ParticleID_3; ParticleID_4; ParticleID_5; ParticleID_6; ParticleID_7; ParticleID_8; ParticleID_9; ParticleID_10; ParticleID_11; ParticleID_12; ParticleID_13; ParticleID_14; ParticleID_15; ParticleID_16; ParticleID_17; ParticleID_18; ParticleID_19; ParticleID_20; ParticleID_21; ParticleID_22; ParticleID_23; ParticleID_24; ParticleID_25; ParticleID_26; ParticleID_27; ParticleID_28; ParticleID_29; ParticleID_30; ParticleID_31; ParticleID_32; ParticleID_33; ParticleID_34; ParticleID_35; ParticleID_36; ParticleID_37; ParticleID_38; ParticleID_39; ParticleID_40; ParticleID_41; ParticleID_42; ParticleID_43; ParticleID_44; ParticleID_45; ParticleID_46; ParticleID_47; ParticleID_48; ParticleID_49,104051,26013,0.28062200267176673,0.2806289163110752,0.9850871198617326,0.9597174820751314,0.9597174820751314,0.9022352061960731,0.9339801134512744,0.13920291125388748,0.04096069144866867,72.256164,0.139064,stage05_seed_stability_draft,Разрешен только аудит устойчивости к зернам случайности; строка не является самостоятельным итоговым выводом.
ST05_02_seed_stability_grid,miniboone_hgb_vs_logreg_average_precision_v01,nested_seed_stability_v01,nested_5x2_seed_grid_v01,openml_miniboone_41150,41150,MiniBooNE,signal,False,True,True,20260507,2,1,2,5,2,,,dummy_prior,control,not_applicable_control_model,,,,numeric_particleid_0_49_locked,50,ParticleID_0; ParticleID_1; ParticleID_2; ParticleID_3; ParticleID_4; ParticleID_5; ParticleID_6; ParticleID_7; ParticleID_8; ParticleID_9; ParticleID_10; ParticleID_11; ParticleID_12; ParticleID_13; ParticleID_14; ParticleID_15; ParticleID_16; ParticleID_17; ParticleID_18; ParticleID_19; ParticleID_20; ParticleID_21; ParticleID_22; ParticleID_23; ParticleID_24; ParticleID_25; ParticleID_26; ParticleID_27; ParticleID_28; ParticleID_29; ParticleID_30; ParticleID_31; ParticleID_32; ParticleID_33; ParticleID_34; ParticleID_35; ParticleID_36; ParticleID_37; ParticleID_38; ParticleID_39; ParticleID_40; ParticleID_41; ParticleID_42; ParticleID_43; ParticleID_44; ParticleID_45; ParticleID_46; ParticleID_47; ParticleID_48; ParticleID_49,104051,26013,0.28062200267176673,0.2806289163110752,0.5,0.2806289163110752,0.2806289163110752,0.0,0.5,0.5935463243336803,0.20187632768894515,0.003193,0.020051,stage05_seed_stability_draft,Разрешен только аудит устойчивости к зернам случайности; строка не является самостоятельным итоговым выводом.
ST05_02_seed_stability_grid,miniboone_hgb_vs_logreg_average_precision_v01,nested_seed_stability_v01,nested_5x2_seed_grid_v01,openml_miniboone_41150,41150,MiniBooNE,signal,False,True,True,20260507,2,1,2,5,2,,,logistic_regression,control,not_applicable_control_model,,,,numeric_particleid_0_49_locked,50,ParticleID_0; ParticleID_1; ParticleID_2; ParticleID_3; ParticleID_4; ParticleID_5; ParticleID_6; ParticleID_7; ParticleID_8; ParticleID_9; ParticleID_10; ParticleID_11; ParticleID_12; ParticleID_13; ParticleID_14; ParticleID_15; ParticleID_16; ParticleID_17; ParticleID_18; ParticleID_19; ParticleID_20; ParticleID_21; ParticleID_22; ParticleID_23; ParticleID_24; ParticleID_25; ParticleID_26; ParticleID_27; ParticleID_28; ParticleID_29; ParticleID_30; ParticleID_31; ParticleID_32; ParticleID_33; ParticleID_34; ParticleID_35; ParticleID_36; ParticleID_37; ParticleID_38; ParticleID_39; ParticleID_40; ParticleID_41; ParticleID_42; ParticleID_43; ParticleID_44; ParticleID_45; ParticleID_46; ParticleID_47; ParticleID_48; ParticleID_49,104051,26013,0.28062200267176673,0.2806289163110752,0.9407291063497721,0.8691395469763392,0.8691395469763392,0.7751846381093057,0.8329464170026112,0.2836889282012338,0.08480106445434861,1.390413,0.029124,stage05_seed_stability_draft,Разрешен только аудит устойчивости к зернам случайности; строка не является самостоятельным итоговым выводом.
ST05_02_seed_stability_grid,miniboone_hgb_vs_logreg_average_precision_v01,nested_seed_stability_v01,nested_5x2_seed_grid_v01,openml_miniboone_41150,41150,MiniBooNE,signal,False,True,True,20260507,3,1,3,5,2,3,20260509,hist_gradient_boosting,tuned_candidate,hgb_b5168b128e78,"{""l2_regularization"": 0.0, ""learning_rate"": 0.1, ""max_iter"": 150, ""max_leaf_nodes"": 63}",0.9567867755088201,16,numeric_particleid_0_49_locked,50,ParticleID_0; ParticleID_1; ParticleID_2; ParticleID_3; ParticleID_4; ParticleID_5; ParticleID_6; ParticleID_7; ParticleID_8; ParticleID_9; ParticleID_10; ParticleID_11; ParticleID_12; ParticleID_13; ParticleID_14; ParticleID_15; ParticleID_16; ParticleID_17; ParticleID_18; ParticleID_19; ParticleID_20; ParticleID_21; ParticleID_22; ParticleID_23; ParticleID_24; ParticleID_25; ParticleID_26; ParticleID_27; ParticleID_28; ParticleID_29; ParticleID_30; ParticleID_31; ParticleID_32; ParticleID_33; ParticleID_34; ParticleID_35; ParticleID_36; ParticleID_37; ParticleID_38; ParticleID_39; ParticleID_40; ParticleID_41; ParticleID_42; ParticleID_43; ParticleID_44; ParticleID_45; ParticleID_46; ParticleID_47; ParticleID_48; ParticleID_49,104051,26013,0.28062200267176673,0.2806289163110752,0.9859230964628648,0.9624413381406594,0.9624413381406594,0.9044507962433647,0.9351241609927609,0.1362336065700937,0.04023392273752418,56.334139,0.146697,stage05_seed_stability_draft,Разрешен только аудит устойчивости к зернам случайности; строка не является самостоятельным итоговым выводом.
ST05_02_seed_stability_grid,miniboone_hgb_vs_logreg_average_precision_v01,nested_seed_stability_v01,nested_5x2_seed_grid_v01,openml_miniboone_41150,41150,MiniBooNE,signal,False,True,True,20260507,3,1,3,5,2,,,dummy_prior,control,not_applicable_control_model,,,,numeric_particleid_0_49_locked,50,ParticleID_0; ParticleID_1; ParticleID_2; ParticleID_3; ParticleID_4; ParticleID_5; ParticleID_6; ParticleID_7; ParticleID_8; ParticleID_9; ParticleID_10; ParticleID_11; ParticleID_12; ParticleID_13; ParticleID_14; ParticleID_15; ParticleID_16; ParticleID_17; ParticleID_18; ParticleID_19; ParticleID_20; ParticleID_21; ParticleID_22; ParticleID_23; ParticleID_24; ParticleID_25; ParticleID_26; ParticleID_27; ParticleID_28; ParticleID_29; ParticleID_30; ParticleID_31; ParticleID_32; ParticleID_33; ParticleID_34; ParticleID_35; ParticleID_36; ParticleID_37; ParticleID_38; ParticleID_39; ParticleID_40; ParticleID_41; ParticleID_42; ParticleID_43; ParticleID_44; ParticleID_45; ParticleID_46; ParticleID_47; ParticleID_48; ParticleID_49,104051,26013,0.28062200267176673,0.2806289163110752,0.5,0.2806289163110752,0.2806289163110752,0.0,0.5,0.5935463243336803,0.20187632768894515,0.00146,0.010082,stage05_seed_stability_draft,Разрешен только аудит устойчивости к зернам случайности; строка не является самостоятельным итоговым выводом.
ST05_02_seed_stability_grid,miniboone_hgb_vs_logreg_average_precision_v01,nested_seed_stability_v01,nested_5x2_seed_grid_v01,openml_miniboone_41150,41150,MiniBooNE,signal,False,True,True,20260507,3,1,3,5,2,,,logistic_regression,control,not_applicable_control_model,,,,numeric_particleid_0_49_locked,50,ParticleID_0; ParticleID_1; ParticleID_2; ParticleID_3; ParticleID_4; ParticleID_5; ParticleID_6; ParticleID_7; ParticleID_8; ParticleID_9; ParticleID_10; ParticleID_11; ParticleID_12; ParticleID_13; ParticleID_14; ParticleID_15; ParticleID_16; ParticleID_17; ParticleID_18; ParticleID_19; ParticleID_20; ParticleID_21; ParticleID_22; ParticleID_23; ParticleID_24; ParticleID_25; ParticleID_26; ParticleID_27; ParticleID_28; ParticleID_29; ParticleID_30; ParticleID_31; ParticleID_32; ParticleID_33; ParticleID_34; ParticleID_35; ParticleID_36; ParticleID_37; ParticleID_38; ParticleID_39; ParticleID_40; ParticleID_41; ParticleID_42; ParticleID_43; ParticleID_44; ParticleID_45; ParticleID_46; ParticleID_47; ParticleID_48; ParticleID_49,104051,26013,0.28062200267176673,0.2806289163110752,0.939928216337774,0.8718836878640097,0.8718836878640097,0.7815480150809492,0.8369118457683435,0.28217382223101917,0.08476433611259147,1.789995,0.030432,stage05_seed_stability_draft,Разрешен только аудит устойчивости к зернам случайности; строка не является самостоятельным итоговым выводом.
ST05_02_seed_stability_grid,miniboone_hgb_vs_logreg_average_precision_v01,nested_seed_stability_v01,nested_5x2_seed_grid_v01,openml_miniboone_41150,41150,MiniBooNE,signal,False,True,True,20260507,4,1,4,5,2,3,20260510,hist_gradient_boosting,tuned_candidate,hgb_8316cb7622a5,"{""l2_regularization"": 0.01, ""learning_rate"": 0.1, ""max_iter"": 150, ""max_leaf_nodes"": 63}",0.9582029903633534,16,numeric_particleid_0_49_locked,50,ParticleID_0; ParticleID_1; ParticleID_2; ParticleID_3; ParticleID_4; ParticleID_5; ParticleID_6; ParticleID_7; ParticleID_8; ParticleID_9; ParticleID_10; ParticleID_11; ParticleID_12; ParticleID_13; ParticleID_14; ParticleID_15; ParticleID_16; ParticleID_17; ParticleID_18; ParticleID_19; ParticleID_20; ParticleID_21; ParticleID_22; ParticleID_23; ParticleID_24; ParticleID_25; ParticleID_26; ParticleID_27; ParticleID_28; ParticleID_29; ParticleID_30; ParticleID_31; ParticleID_32; ParticleID_33; ParticleID_34; ParticleID_35; ParticleID_36; ParticleID_37; ParticleID_38; ParticleID_39; ParticleID_40; ParticleID_41; ParticleID_42; ParticleID_43; ParticleID_44; ParticleID_45; ParticleID_46; ParticleID_47; ParticleID_48; ParticleID_49,104051,26013,0.28062200267176673,0.2806289163110752,0.9847674351359285,0.956542612463578,0.956542612463578,0.9026946107784432,0.9339281716834462,0.140061122345669,0.04105673809025265,63.036387,0.135152,stage05_seed_stability_draft,Разрешен только аудит устойчивости к зернам случайности; строка не является самостоятельным итоговым выводом.
ST05_02_seed_stability_grid,miniboone_hgb_vs_logreg_average_precision_v01,nested_seed_stability_v01,nested_5x2_seed_grid_v01,openml_miniboone_41150,41150,MiniBooNE,signal,False,True,True,20260507,4,1,4,5,2,,,dummy_prior,control,not_applicable_control_model,,,,numeric_particleid_0_49_locked,50,ParticleID_0; ParticleID_1; ParticleID_2; ParticleID_3; ParticleID_4; ParticleID_5; ParticleID_6; ParticleID_7; ParticleID_8; ParticleID_9; ParticleID_10; ParticleID_11; ParticleID_12; ParticleID_13; ParticleID_14; ParticleID_15; ParticleID_16; ParticleID_17; ParticleID_18; ParticleID_19; ParticleID_20; ParticleID_21; ParticleID_22; ParticleID_23; ParticleID_24; ParticleID_25; ParticleID_26; ParticleID_27; ParticleID_28; ParticleID_29; ParticleID_30; ParticleID_31; ParticleID_32; ParticleID_33; ParticleID_34; ParticleID_35; ParticleID_36; ParticleID_37; ParticleID_38; ParticleID_39; ParticleID_40; ParticleID_41; ParticleID_42; ParticleID_43; ParticleID_44; ParticleID_45; ParticleID_46; ParticleID_47; ParticleID_48; ParticleID_49,104051,26013,0.28062200267176673,0.2806289163110752,0.5,0.2806289163110752,0.2806289163110752,0.0,0.5,0.5935463243336803,0.20187632768894515,0.001625,0.011399,stage05_seed_stability_draft,Разрешен только аудит устойчивости к зернам случайности; строка не является самостоятельным итоговым выводом.
ST05_02_seed_stability_grid,miniboone_hgb_vs_logreg_average_precision_v01,nested_seed_stability_v01,nested_5x2_seed_grid_v01,openml_miniboone_41150,41150,MiniBooNE,signal,False,True,True,20260507,4,1,4,5,2,,,logistic_regression,control,not_applicable_control_model,,,,numeric_particleid_0_49_locked,50,ParticleID_0; ParticleID_1; ParticleID_2; ParticleID_3; ParticleID_4; ParticleID_5; ParticleID_6; ParticleID_7; ParticleID_8; ParticleID_9; ParticleID_10; ParticleID_11; ParticleID_12; ParticleID_13; ParticleID_14; ParticleID_15; ParticleID_16; ParticleID_17; ParticleID_18; ParticleID_19; ParticleID_20; ParticleID_21; ParticleID_22; ParticleID_23; ParticleID_24; ParticleID_25; ParticleID_26; ParticleID_27; ParticleID_28; ParticleID_29; ParticleID_30; ParticleID_31; ParticleID_32; ParticleID_33; ParticleID_34; ParticleID_35; ParticleID_36; ParticleID_37; ParticleID_38; ParticleID_39; ParticleID_40; ParticleID_41; ParticleID_42; ParticleID_43; ParticleID_44; ParticleID_45; ParticleID_46; ParticleID_47; ParticleID_48; ParticleID_49,104051,26013,0.28062200267176673,0.2806289163110752,0.9377143499244903,0.863266332517246,0.863266332517246,0.7760135883612732,0.8334909728713977,0.28892118443871273,0.08609363147442338,1.387868,0.028412,stage05_seed_stability_draft,Разрешен только аудит устойчивости к зернам случайности; строка не является самостоятельным итоговым выводом.
ST05_02_seed_stability_grid,miniboone_hgb_vs_logreg_average_precision_v01,nested_seed_stability_v01,nested_5x2_seed_grid_v01,openml_miniboone_41150,41150,MiniBooNE,signal,False,True,True,20260507,5,1,5,5,2,3,20260511,hist_gradient_boosting,tuned_candidate,hgb_b5168b128e78,"{""l2_regularization"": 0.0, ""learning_rate"": 0.1, ""max_iter"": 150, ""max_leaf_nodes"": 63}",0.9578368215014046,16,numeric_particleid_0_49_locked,50,ParticleID_0; ParticleID_1; ParticleID_2; ParticleID_3; ParticleID_4; ParticleID_5; ParticleID_6; ParticleID_7; ParticleID_8; ParticleID_9; ParticleID_10; ParticleID_11; ParticleID_12; ParticleID_13; ParticleID_14; ParticleID_15; ParticleID_16; ParticleID_17; ParticleID_18; ParticleID_19; ParticleID_20; ParticleID_21; ParticleID_22; ParticleID_23; ParticleID_24; ParticleID_25; ParticleID_26; ParticleID_27; ParticleID_28; ParticleID_29; ParticleID_30; ParticleID_31; ParticleID_32; ParticleID_33; ParticleID_34; ParticleID_35; ParticleID_36; ParticleID_37; ParticleID_38; ParticleID_39; ParticleID_40; ParticleID_41; ParticleID_42; ParticleID_43; ParticleID_44; ParticleID_45; ParticleID_46; ParticleID_47; ParticleID_48; ParticleID_49,104052,26012,0.2806289163110752,0.28060126095648164,0.9855476088515451,0.9613344844208966,0.9613344844208966,0.9033750680457268,0.9344398053955485,0.13701541144631177,0.0403792838154631,62.27353,0.15637,stage05_seed_stability_draft,Разрешен только аудит устойчивости к зернам случайности; строка не является самостоятельным итоговым выводом.
ST05_02_seed_stability_grid,miniboone_hgb_vs_logreg_average_precision_v01,nested_seed_stability_v01,nested_5x2_seed_grid_v01,openml_miniboone_41150,41150,MiniBooNE,signal,False,True,True,20260507,5,1,5,5,2,,,dummy_prior,control,not_applicable_control_model,,,,numeric_particleid_0_49_locked,50,ParticleID_0; ParticleID_1; ParticleID_2; ParticleID_3; ParticleID_4; ParticleID_5; ParticleID_6; ParticleID_7; ParticleID_8; ParticleID_9; ParticleID_10; ParticleID_11; ParticleID_12; ParticleID_13; ParticleID_14; ParticleID_15; ParticleID_16; ParticleID_17; ParticleID_18; ParticleID_19; ParticleID_20; ParticleID_21; ParticleID_22; ParticleID_23; ParticleID_24; ParticleID_25; ParticleID_26; ParticleID_27; ParticleID_28; ParticleID_29; ParticleID_30; ParticleID_31; ParticleID_32; ParticleID_33; ParticleID_34; ParticleID_35; ParticleID_36; ParticleID_37; ParticleID_38; ParticleID_39; ParticleID_40; ParticleID_41; ParticleID_42; ParticleID_43; ParticleID_44; ParticleID_45; ParticleID_46; ParticleID_47; ParticleID_48; ParticleID_49,104052,26012,0.2806289163110752,0.28060126095648164,0.5,0.28060126095648164,0.28060126095648164,0.0,0.5,0.5935202910098233,0.2018641940709328,0.002393,0.020698,stage05_seed_stability_draft,Разрешен только аудит устойчивости к зернам случайности; строка не является самостоятельным итоговым выводом.
ST05_02_seed_stability_grid,miniboone_hgb_vs_logreg_average_precision_v01,nested_seed_stability_v01,nested_5x2_seed_grid_v01,openml_miniboone_41150,41150,MiniBooNE,signal,False,True,True,20260507,5,1,5,5,2,,,logistic_regression,control,not_applicable_control_model,,,,numeric_particleid_0_49_locked,50,ParticleID_0; ParticleID_1; ParticleID_2; ParticleID_3; ParticleID_4; ParticleID_5; ParticleID_6; ParticleID_7; ParticleID_8; ParticleID_9; ParticleID_10; ParticleID_11; ParticleID_12; ParticleID_13; ParticleID_14; ParticleID_15; ParticleID_16; ParticleID_17; ParticleID_18; ParticleID_19; ParticleID_20; ParticleID_21; ParticleID_22; ParticleID_23; ParticleID_24; ParticleID_25; ParticleID_26; ParticleID_27; ParticleID_28; ParticleID_29; ParticleID_30; ParticleID_31; ParticleID_32; ParticleID_33; ParticleID_34; ParticleID_35; ParticleID_36; ParticleID_37; ParticleID_38; ParticleID_39; ParticleID_40; ParticleID_41; ParticleID_42; ParticleID_43; ParticleID_44; ParticleID_45; ParticleID_46; ParticleID_47; ParticleID_48; ParticleID_49,104052,26012,0.2806289163110752,0.28060126095648164,0.9415634759611525,0.8709140153348538,0.8709140153348538,0.7789364691960654,0.83519060752461,0.280914788973793,0.08414471194193719,1.331619,0.028659,stage05_seed_stability_draft,Разрешен только аудит устойчивости к зернам случайности; строка не является самостоятельным итоговым выводом.
ST05_02_seed_stability_grid,miniboone_hgb_vs_logreg_average_precision_v01,nested_seed_stability_v01,nested_5x2_seed_grid_v01,openml_miniboone_41150,41150,MiniBooNE,signal,False,True,True,20260507,6,2,1,5,2,3,20260512,hist_gradient_boosting,tuned_candidate,hgb_b5168b128e78,"{""l2_regularization"": 0.0, ""learning_rate"": 0.1, ""max_iter"": 150, ""max_leaf_nodes"": 63}",0.9585991325869728,16,numeric_particleid_0_49_locked,50,ParticleID_0; ParticleID_1; ParticleID_2; ParticleID_3; ParticleID_4; ParticleID_5; ParticleID_6; ParticleID_7; ParticleID_8; ParticleID_9; ParticleID_10; ParticleID_11; ParticleID_12; ParticleID_13; ParticleID_14; ParticleID_15; ParticleID_16; ParticleID_17; ParticleID_18; ParticleID_19; ParticleID_20; ParticleID_21; ParticleID_22; ParticleID_23; ParticleID_24; ParticleID_25; ParticleID_26; ParticleID_27; ParticleID_28; ParticleID_29; ParticleID_30; ParticleID_31; ParticleID_32; ParticleID_33; ParticleID_34; ParticleID_35; ParticleID_36; ParticleID_37; ParticleID_38; ParticleID_39; ParticleID_40; ParticleID_41; ParticleID_42; ParticleID_43; ParticleID_44; ParticleID_45; ParticleID_46; ParticleID_47; ParticleID_48; ParticleID_49,104051,26013,0.28062200267176673,0.2806289163110752,0.9844830566107072,0.9562867440776319,0.9562867440776319,0.9002571389903912,0.9335462197915302,0.1423424500422028,0.04212588104993698,55.721782,0.138198,stage05_seed_stability_draft,Разрешен только аудит устойчивости к зернам случайности; строка не является самостоятельным итоговым выводом.
ST05_02_seed_stability_grid,miniboone_hgb_vs_logreg_average_precision_v01,nested_seed_stability_v01,nested_5x2_seed_grid_v01,openml_miniboone_41150,41150,MiniBooNE,signal,False,True,True,20260507,6,2,1,5,2,,,dummy_prior,control,not_applicable_control_model,,,,numeric_particleid_0_49_locked,50,ParticleID_0; ParticleID_1; ParticleID_2; ParticleID_3; ParticleID_4; ParticleID_5; ParticleID_6; ParticleID_7; ParticleID_8; ParticleID_9; ParticleID_10; ParticleID_11; ParticleID_12; ParticleID_13; ParticleID_14; ParticleID_15; ParticleID_16; ParticleID_17; ParticleID_18; ParticleID_19; ParticleID_20; ParticleID_21; ParticleID_22; ParticleID_23; ParticleID_24; ParticleID_25; ParticleID_26; ParticleID_27; ParticleID_28; ParticleID_29; ParticleID_30; ParticleID_31; ParticleID_32; ParticleID_33; ParticleID_34; ParticleID_35; ParticleID_36; ParticleID_37; ParticleID_38; ParticleID_39; ParticleID_40; ParticleID_41; ParticleID_42; ParticleID_43; ParticleID_44; ParticleID_45; ParticleID_46; ParticleID_47; ParticleID_48; ParticleID_49,104051,26013,0.28062200267176673,0.2806289163110752,0.5,0.2806289163110752,0.2806289163110752,0.0,0.5,0.5935463243336803,0.20187632768894515,0.00206,0.010019,stage05_seed_stability_draft,Разрешен только аудит устойчивости к зернам случайности; строка не является самостоятельным итоговым выводом.
ST05_02_seed_stability_grid,miniboone_hgb_vs_logreg_average_precision_v01,nested_seed_stability_v01,nested_5x2_seed_grid_v01,openml_miniboone_41150,41150,MiniBooNE,signal,False,True,True,20260507,6,2,1,5,2,,,logistic_regression,control,not_applicable_control_model,,,,numeric_particleid_0_49_locked,50,ParticleID_0; ParticleID_1; ParticleID_2; ParticleID_3; ParticleID_4; ParticleID_5; ParticleID_6; ParticleID_7; ParticleID_8; ParticleID_9; ParticleID_10; ParticleID_11; ParticleID_12; ParticleID_13; ParticleID_14; ParticleID_15; ParticleID_16; ParticleID_17; ParticleID_18; ParticleID_19; ParticleID_20; ParticleID_21; ParticleID_22; ParticleID_23; ParticleID_24; ParticleID_25; ParticleID_26; ParticleID_27; ParticleID_28; ParticleID_29; ParticleID_30; ParticleID_31; ParticleID_32; ParticleID_33; ParticleID_34; ParticleID_35; ParticleID_36; ParticleID_37; ParticleID_38; ParticleID_39; ParticleID_40; ParticleID_41; ParticleID_42; ParticleID_43; ParticleID_44; ParticleID_45; ParticleID_46; ParticleID_47; ParticleID_48; ParticleID_49,104051,26013,0.28062200267176673,0.2806289163110752,0.9399181251917023,0.8663320707122552,0.8663320707122552,0.7773339251368545,0.8341055189089117,0.28580397316931855,0.0854388121664445,1.849449,0.029632,stage05_seed_stability_draft,Разрешен только аудит устойчивости к зернам случайности; строка не является самостоятельным итоговым выводом.
ST05_02_seed_stability_grid,miniboone_hgb_vs_logreg_average_precision_v01,nested_seed_stability_v01,nested_5x2_seed_grid_v01,openml_miniboone_41150,41150,MiniBooNE,signal,False,True,True,20260507,7,2,2,5,2,3,20260513,hist_gradient_boosting,tuned_candidate,hgb_b5168b128e78,"{""l2_regularization"": 0.0, ""learning_rate"": 0.1, ""max_iter"": 150, ""max_leaf_nodes"": 63}",0.9571744178919541,16,numeric_particleid_0_49_locked,50,ParticleID_0; ParticleID_1; ParticleID_2; ParticleID_3; ParticleID_4; ParticleID_5; ParticleID_6; ParticleID_7; ParticleID_8; ParticleID_9; ParticleID_10; ParticleID_11; ParticleID_12; ParticleID_13; ParticleID_14; ParticleID_15; ParticleID_16; ParticleID_17; ParticleID_18; ParticleID_19; ParticleID_20; ParticleID_21; ParticleID_22; ParticleID_23; ParticleID_24; ParticleID_25; ParticleID_26; ParticleID_27; ParticleID_28; ParticleID_29; ParticleID_30; ParticleID_31; ParticleID_32; ParticleID_33; ParticleID_34; ParticleID_35; ParticleID_36; ParticleID_37; ParticleID_38; ParticleID_39; ParticleID_40; ParticleID_41; ParticleID_42; ParticleID_43; ParticleID_44; ParticleID_45; ParticleID_46; ParticleID_47; ParticleID_48; ParticleID_49,104051,26013,0.28062200267176673,0.2806289163110752,0.986156528792159,0.9622275549317987,0.9622275549317987,0.9059128772361055,0.9353593538738362,0.13448348968818796,0.03941867526881666,56.893405,0.123295,stage05_seed_stability_draft,Разрешен только аудит устойчивости к зернам случайности; строка не является самостоятельным итоговым выводом.
ST05_02_seed_stability_grid,miniboone_hgb_vs_logreg_average_precision_v01,nested_seed_stability_v01,nested_5x2_seed_grid_v01,openml_miniboone_41150,41150,MiniBooNE,signal,False,True,True,20260507,7,2,2,5,2,,,dummy_prior,control,not_applicable_control_model,,,,numeric_particleid_0_49_locked,50,ParticleID_0; ParticleID_1; ParticleID_2; ParticleID_3; ParticleID_4; ParticleID_5; ParticleID_6; ParticleID_7; ParticleID_8; ParticleID_9; ParticleID_10; ParticleID_11; ParticleID_12; ParticleID_13; ParticleID_14; ParticleID_15; ParticleID_16; ParticleID_17; ParticleID_18; ParticleID_19; ParticleID_20; ParticleID_21; ParticleID_22; ParticleID_23; ParticleID_24; ParticleID_25; ParticleID_26; ParticleID_27; ParticleID_28; ParticleID_29; ParticleID_30; ParticleID_31; ParticleID_32; ParticleID_33; ParticleID_34; ParticleID_35; ParticleID_36; ParticleID_37; ParticleID_38; ParticleID_39; ParticleID_40; ParticleID_41; ParticleID_42; ParticleID_43; ParticleID_44; ParticleID_45; ParticleID_46; ParticleID_47; ParticleID_48; ParticleID_49,104051,26013,0.28062200267176673,0.2806289163110752,0.5,0.2806289163110752,0.2806289163110752,0.0,0.5,0.5935463243336803,0.20187632768894515,0.001709,0.012439,stage05_seed_stability_draft,Разрешен только аудит устойчивости к зернам случайности; строка не является самостоятельным итоговым выводом.
ST05_02_seed_stability_grid,miniboone_hgb_vs_logreg_average_precision_v01,nested_seed_stability_v01,nested_5x2_seed_grid_v01,openml_miniboone_41150,41150,MiniBooNE,signal,False,True,True,20260507,7,2,2,5,2,,,logistic_regression,control,not_applicable_control_model,,,,numeric_particleid_0_49_locked,50,ParticleID_0; ParticleID_1; ParticleID_2; ParticleID_3; ParticleID_4; ParticleID_5; ParticleID_6; ParticleID_7; ParticleID_8; ParticleID_9; ParticleID_10; ParticleID_11; ParticleID_12; ParticleID_13; ParticleID_14; ParticleID_15; ParticleID_16; ParticleID_17; ParticleID_18; ParticleID_19; ParticleID_20; ParticleID_21; ParticleID_22; ParticleID_23; ParticleID_24; ParticleID_25; ParticleID_26; ParticleID_27; ParticleID_28; ParticleID_29; ParticleID_30; ParticleID_31; ParticleID_32; ParticleID_33; ParticleID_34; ParticleID_35; ParticleID_36; ParticleID_37; ParticleID_38; ParticleID_39; ParticleID_40; ParticleID_41; ParticleID_42; ParticleID_43; ParticleID_44; ParticleID_45; ParticleID_46; ParticleID_47; ParticleID_48; ParticleID_49,104051,26013,0.28062200267176673,0.2806289163110752,0.940735332334345,0.8726026549597137,0.8726026549597137,0.7765176784523016,0.8333035418202421,0.2813573494195045,0.08466123757994572,1.419819,0.029062,stage05_seed_stability_draft,Разрешен только аудит устойчивости к зернам случайности; строка не является самостоятельным итоговым выводом.
ST05_02_seed_stability_grid,miniboone_hgb_vs_logreg_average_precision_v01,nested_seed_stability_v01,nested_5x2_seed_grid_v01,openml_miniboone_41150,41150,MiniBooNE,signal,False,True,True,20260507,8,2,3,5,2,3,20260514,hist_gradient_boosting,tuned_candidate,hgb_8316cb7622a5,"{""l2_regularization"": 0.01, ""learning_rate"": 0.1, ""max_iter"": 150, ""max_leaf_nodes"": 63}",0.9579796726203931,16,numeric_particleid_0_49_locked,50,ParticleID_0; ParticleID_1; ParticleID_2; ParticleID_3; ParticleID_4; ParticleID_5; ParticleID_6; ParticleID_7; ParticleID_8; ParticleID_9; ParticleID_10; ParticleID_11; ParticleID_12; ParticleID_13; ParticleID_14; ParticleID_15; ParticleID_16; ParticleID_17; ParticleID_18; ParticleID_19; ParticleID_20; ParticleID_21; ParticleID_22; ParticleID_23; ParticleID_24; ParticleID_25; ParticleID_26; ParticleID_27; ParticleID_28; ParticleID_29; ParticleID_30; ParticleID_31; ParticleID_32; ParticleID_33; ParticleID_34; ParticleID_35; ParticleID_36; ParticleID_37; ParticleID_38; ParticleID_39; ParticleID_40; ParticleID_41; ParticleID_42; ParticleID_43; ParticleID_44; ParticleID_45; ParticleID_46; ParticleID_47; ParticleID_48; ParticleID_49,104051,26013,0.28062200267176673,0.2806289163110752,0.9843252914060915,0.9582885569073729,0.9582885569073729,0.9009988448732758,0.933081426800942,0.14228213347278792,0.041852541629018414,58.79995,0.125845,stage05_seed_stability_draft,Разрешен только аудит устойчивости к зернам случайности; строка не является самостоятельным итоговым выводом.
ST05_02_seed_stability_grid,miniboone_hgb_vs_logreg_average_precision_v01,nested_seed_stability_v01,nested_5x2_seed_grid_v01,openml_miniboone_41150,41150,MiniBooNE,signal,False,True,True,20260507,8,2,3,5,2,,,dummy_prior,control,not_applicable_control_model,,,,numeric_particleid_0_49_locked,50,ParticleID_0; ParticleID_1; ParticleID_2; ParticleID_3; ParticleID_4; ParticleID_5; ParticleID_6; ParticleID_7; ParticleID_8; ParticleID_9; ParticleID_10; ParticleID_11; ParticleID_12; ParticleID_13; ParticleID_14; ParticleID_15; ParticleID_16; ParticleID_17; ParticleID_18; ParticleID_19; ParticleID_20; ParticleID_21; ParticleID_22; ParticleID_23; ParticleID_24; ParticleID_25; ParticleID_26; ParticleID_27; ParticleID_28; ParticleID_29; ParticleID_30; ParticleID_31; ParticleID_32; ParticleID_33; ParticleID_34; ParticleID_35; ParticleID_36; ParticleID_37; ParticleID_38; ParticleID_39; ParticleID_40; ParticleID_41; ParticleID_42; ParticleID_43; ParticleID_44; ParticleID_45; ParticleID_46; ParticleID_47; ParticleID_48; ParticleID_49,104051,26013,0.28062200267176673,0.2806289163110752,0.5,0.2806289163110752,0.2806289163110752,0.0,0.5,0.5935463243336803,0.20187632768894515,0.001457,0.009909,stage05_seed_stability_draft,Разрешен только аудит устойчивости к зернам случайности; строка не является самостоятельным итоговым выводом.
ST05_02_seed_stability_grid,miniboone_hgb_vs_logreg_average_precision_v01,nested_seed_stability_v01,nested_5x2_seed_grid_v01,openml_miniboone_41150,41150,MiniBooNE,signal,False,True,True,20260507,8,2,3,5,2,,,logistic_regression,control,not_applicable_control_model,,,,numeric_particleid_0_49_locked,50,ParticleID_0; ParticleID_1; ParticleID_2; ParticleID_3; ParticleID_4; ParticleID_5; ParticleID_6; ParticleID_7; ParticleID_8; ParticleID_9; ParticleID_10; ParticleID_11; ParticleID_12; ParticleID_13; ParticleID_14; ParticleID_15; ParticleID_16; ParticleID_17; ParticleID_18; ParticleID_19; ParticleID_20; ParticleID_21; ParticleID_22; ParticleID_23; ParticleID_24; ParticleID_25; ParticleID_26; ParticleID_27; ParticleID_28; ParticleID_29; ParticleID_30; ParticleID_31; ParticleID_32; ParticleID_33; ParticleID_34; ParticleID_35; ParticleID_36; ParticleID_37; ParticleID_38; ParticleID_39; ParticleID_40; ParticleID_41; ParticleID_42; ParticleID_43; ParticleID_44; ParticleID_45; ParticleID_46; ParticleID_47; ParticleID_48; ParticleID_49,104051,26013,0.28062200267176673,0.2806289163110752,0.940313480702376,0.8668285583874658,0.8668285583874658,0.7785688073394496,0.836007171045841,0.28405348669145186,0.08532043974312026,1.655993,0.02813,stage05_seed_stability_draft,Разрешен только аудит устойчивости к зернам случайности; строка не является самостоятельным итоговым выводом.
ST05_02_seed_stability_grid,miniboone_hgb_vs_logreg_average_precision_v01,nested_seed_stability_v01,nested_5x2_seed_grid_v01,openml_miniboone_41150,41150,MiniBooNE,signal,False,True,True,20260507,9,2,4,5,2,3,20260515,hist_gradient_boosting,tuned_candidate,hgb_b5168b128e78,"{""l2_regularization"": 0.0, ""learning_rate"": 0.1, ""max_iter"": 150, ""max_leaf_nodes"": 63}",0.9581022083180626,16,numeric_particleid_0_49_locked,50,ParticleID_0; ParticleID_1; ParticleID_2; ParticleID_3; ParticleID_4; ParticleID_5; ParticleID_6; ParticleID_7; ParticleID_8; ParticleID_9; ParticleID_10; ParticleID_11; ParticleID_12; ParticleID_13; ParticleID_14; ParticleID_15; ParticleID_16; ParticleID_17; ParticleID_18; ParticleID_19; ParticleID_20; ParticleID_21; ParticleID_22; ParticleID_23; ParticleID_24; ParticleID_25; ParticleID_26; ParticleID_27; ParticleID_28; ParticleID_29; ParticleID_30; ParticleID_31; ParticleID_32; ParticleID_33; ParticleID_34; ParticleID_35; ParticleID_36; ParticleID_37; ParticleID_38; ParticleID_39; ParticleID_40; ParticleID_41; ParticleID_42; ParticleID_43; ParticleID_44; ParticleID_45; ParticleID_46; ParticleID_47; ParticleID_48; ParticleID_49,104051,26013,0.28062200267176673,0.2806289163110752,0.9849066687944577,0.9592208295698623,0.9592208295698623,0.89936167323102,0.9320792519155608,0.1407860288683658,0.041695429918924956,57.245821,0.127436,stage05_seed_stability_draft,Разрешен только аудит устойчивости к зернам случайности; строка не является самостоятельным итоговым выводом.
ST05_02_seed_stability_grid,miniboone_hgb_vs_logreg_average_precision_v01,nested_seed_stability_v01,nested_5x2_seed_grid_v01,openml_miniboone_41150,41150,MiniBooNE,signal,False,True,True,20260507,9,2,4,5,2,,,dummy_prior,control,not_applicable_control_model,,,,numeric_particleid_0_49_locked,50,ParticleID_0; ParticleID_1; ParticleID_2; ParticleID_3; ParticleID_4; ParticleID_5; ParticleID_6; ParticleID_7; ParticleID_8; ParticleID_9; ParticleID_10; ParticleID_11; ParticleID_12; ParticleID_13; ParticleID_14; ParticleID_15; ParticleID_16; ParticleID_17; ParticleID_18; ParticleID_19; ParticleID_20; ParticleID_21; ParticleID_22; ParticleID_23; ParticleID_24; ParticleID_25; ParticleID_26; ParticleID_27; ParticleID_28; ParticleID_29; ParticleID_30; ParticleID_31; ParticleID_32; ParticleID_33; ParticleID_34; ParticleID_35; ParticleID_36; ParticleID_37; ParticleID_38; ParticleID_39; ParticleID_40; ParticleID_41; ParticleID_42; ParticleID_43; ParticleID_44; ParticleID_45; ParticleID_46; ParticleID_47; ParticleID_48; ParticleID_49,104051,26013,0.28062200267176673,0.2806289163110752,0.5,0.2806289163110752,0.2806289163110752,0.0,0.5,0.5935463243336803,0.20187632768894515,0.001909,0.010012,stage05_seed_stability_draft,Разрешен только аудит устойчивости к зернам случайности; строка не является самостоятельным итоговым выводом.
ST05_02_seed_stability_grid,miniboone_hgb_vs_logreg_average_precision_v01,nested_seed_stability_v01,nested_5x2_seed_grid_v01,openml_miniboone_41150,41150,MiniBooNE,signal,False,True,True,20260507,9,2,4,5,2,,,logistic_regression,control,not_applicable_control_model,,,,numeric_particleid_0_49_locked,50,ParticleID_0; ParticleID_1; ParticleID_2; ParticleID_3; ParticleID_4; ParticleID_5; ParticleID_6; ParticleID_7; ParticleID_8; ParticleID_9; ParticleID_10; ParticleID_11; ParticleID_12; ParticleID_13; ParticleID_14; ParticleID_15; ParticleID_16; ParticleID_17; ParticleID_18; ParticleID_19; ParticleID_20; ParticleID_21; ParticleID_22; ParticleID_23; ParticleID_24; ParticleID_25; ParticleID_26; ParticleID_27; ParticleID_28; ParticleID_29; ParticleID_30; ParticleID_31; ParticleID_32; ParticleID_33; ParticleID_34; ParticleID_35; ParticleID_36; ParticleID_37; ParticleID_38; ParticleID_39; ParticleID_40; ParticleID_41; ParticleID_42; ParticleID_43; ParticleID_44; ParticleID_45; ParticleID_46; ParticleID_47; ParticleID_48; ParticleID_49,104051,26013,0.28062200267176673,0.2806289163110752,0.9378433862914142,0.8669314430817366,0.8669314430817366,0.7759917416310279,0.8336915659687171,0.2873608932339703,0.08578759636507131,1.553502,0.028472,stage05_seed_stability_draft,Разрешен только аудит устойчивости к зернам случайности; строка не является самостоятельным итоговым выводом.
ST05_02_seed_stability_grid,miniboone_hgb_vs_logreg_average_precision_v01,nested_seed_stability_v01,nested_5x2_seed_grid_v01,openml_miniboone_41150,41150,MiniBooNE,signal,False,True,True,20260507,10,2,5,5,2,3,20260516,hist_gradient_boosting,tuned_candidate,hgb_8316cb7622a5,"{""l2_regularization"": 0.01, ""learning_rate"": 0.1, ""max_iter"": 150, ""max_leaf_nodes"": 63}",0.9573738645324076,16,numeric_particleid_0_49_locked,50,ParticleID_0; ParticleID_1; ParticleID_2; ParticleID_3; ParticleID_4; ParticleID_5; ParticleID_6; ParticleID_7; ParticleID_8; ParticleID_9; ParticleID_10; ParticleID_11; ParticleID_12; ParticleID_13; ParticleID_14; ParticleID_15; ParticleID_16; ParticleID_17; ParticleID_18; ParticleID_19; ParticleID_20; ParticleID_21; ParticleID_22; ParticleID_23; ParticleID_24; ParticleID_25; ParticleID_26; ParticleID_27; ParticleID_28; ParticleID_29; ParticleID_30; ParticleID_31; ParticleID_32; ParticleID_33; ParticleID_34; ParticleID_35; ParticleID_36; ParticleID_37; ParticleID_38; ParticleID_39; ParticleID_40; ParticleID_41; ParticleID_42; ParticleID_43; ParticleID_44; ParticleID_45; ParticleID_46; ParticleID_47; ParticleID_48; ParticleID_49,104052,26012,0.2806289163110752,0.28060126095648164,0.9852772081557559,0.9606830455778904,0.9606830455778904,0.9038618438944792,0.9349761700280863,0.1386268666012782,0.040743879563388256,56.345335,0.134405,stage05_seed_stability_draft,Разрешен только аудит устойчивости к зернам случайности; строка не является самостоятельным итоговым выводом.
ST05_02_seed_stability_grid,miniboone_hgb_vs_logreg_average_precision_v01,nested_seed_stability_v01,nested_5x2_seed_grid_v01,openml_miniboone_41150,41150,MiniBooNE,signal,False,True,True,20260507,10,2,5,5,2,,,dummy_prior,control,not_applicable_control_model,,,,numeric_particleid_0_49_locked,50,ParticleID_0; ParticleID_1; ParticleID_2; ParticleID_3; ParticleID_4; ParticleID_5; ParticleID_6; ParticleID_7; ParticleID_8; ParticleID_9; ParticleID_10; ParticleID_11; ParticleID_12; ParticleID_13; ParticleID_14; ParticleID_15; ParticleID_16; ParticleID_17; ParticleID_18; ParticleID_19; ParticleID_20; ParticleID_21; ParticleID_22; ParticleID_23; ParticleID_24; ParticleID_25; ParticleID_26; ParticleID_27; ParticleID_28; ParticleID_29; ParticleID_30; ParticleID_31; ParticleID_32; ParticleID_33; ParticleID_34; ParticleID_35; ParticleID_36; ParticleID_37; ParticleID_38; ParticleID_39; ParticleID_40; ParticleID_41; ParticleID_42; ParticleID_43; ParticleID_44; ParticleID_45; ParticleID_46; ParticleID_47; ParticleID_48; ParticleID_49,104052,26012,0.2806289163110752,0.28060126095648164,0.5,0.28060126095648164,0.28060126095648164,0.0,0.5,0.5935202910098233,0.2018641940709328,0.001631,0.009809,stage05_seed_stability_draft,Разрешен только аудит устойчивости к зернам случайности; строка не является самостоятельным итоговым выводом.
ST05_02_seed_stability_grid,miniboone_hgb_vs_logreg_average_precision_v01,nested_seed_stability_v01,nested_5x2_seed_grid_v01,openml_miniboone_41150,41150,MiniBooNE,signal,False,True,True,20260507,10,2,5,5,2,,,logistic_regression,control,not_applicable_control_model,,,,numeric_particleid_0_49_locked,50,ParticleID_0; ParticleID_1; ParticleID_2; ParticleID_3; ParticleID_4; ParticleID_5; ParticleID_6; ParticleID_7; ParticleID_8; ParticleID_9; ParticleID_10; ParticleID_11; ParticleID_12; ParticleID_13; ParticleID_14; ParticleID_15; ParticleID_16; ParticleID_17; ParticleID_18; ParticleID_19; ParticleID_20; ParticleID_21; ParticleID_22; ParticleID_23; ParticleID_24; ParticleID_25; ParticleID_26; ParticleID_27; ParticleID_28; ParticleID_29; ParticleID_30; ParticleID_31; ParticleID_32; ParticleID_33; ParticleID_34; ParticleID_35; ParticleID_36; ParticleID_37; ParticleID_38; ParticleID_39; ParticleID_40; ParticleID_41; ParticleID_42; ParticleID_43; ParticleID_44; ParticleID_45; ParticleID_46; ParticleID_47; ParticleID_48; ParticleID_49,104052,26012,0.2806289163110752,0.28060126095648164,0.9387434543435932,0.8663538799182959,0.8663538799182959,0.7792111506524317,0.8350249062886571,0.2859225787458027,0.08549699083980597,1.264426,0.028917,stage05_seed_stability_draft,Разрешен только аудит устойчивости к зернам случайности; строка не является самостоятельным итоговым выводом.
ST05_02_seed_stability_grid,miniboone_hgb_vs_logreg_average_precision_v01,nested_seed_stability_v01,nested_5x2_seed_grid_v01,openml_miniboone_41150,41150,MiniBooNE,signal,False,True,True,20260517,1,1,1,5,2,3,20260517,hist_gradient_boosting,tuned_candidate,hgb_8316cb7622a5,"{""l2_regularization"": 0.01, ""learning_rate"": 0.1, ""max_iter"": 150, ""max_leaf_nodes"": 63}",0.9576978673949701,16,numeric_particleid_0_49_locked,50,ParticleID_0; ParticleID_1; ParticleID_2; ParticleID_3; ParticleID_4; ParticleID_5; ParticleID_6; ParticleID_7; ParticleID_8; ParticleID_9; ParticleID_10; ParticleID_11; ParticleID_12; ParticleID_13; ParticleID_14; ParticleID_15; ParticleID_16; ParticleID_17; ParticleID_18; ParticleID_19; ParticleID_20; ParticleID_21; ParticleID_22; ParticleID_23; ParticleID_24; ParticleID_25; ParticleID_26; ParticleID_27; ParticleID_28; ParticleID_29; ParticleID_30; ParticleID_31; ParticleID_32; ParticleID_33; ParticleID_34; ParticleID_35; ParticleID_36; ParticleID_37; ParticleID_38; ParticleID_39; ParticleID_40; ParticleID_41; ParticleID_42; ParticleID_43; ParticleID_44; ParticleID_45; ParticleID_46; ParticleID_47; ParticleID_48; ParticleID_49,104051,26013,0.28062200267176673,0.2806289163110752,0.9854357054541968,0.9600514665383513,0.9600514665383513,0.9036504274664133,0.9352814833142882,0.13771975075579249,0.04071312587584187,63.80001,0.154742,stage05_seed_stability_draft,Разрешен только аудит устойчивости к зернам случайности; строка не является самостоятельным итоговым выводом.
ST05_02_seed_stability_grid,miniboone_hgb_vs_logreg_average_precision_v01,nested_seed_stability_v01,nested_5x2_seed_grid_v01,openml_miniboone_41150,41150,MiniBooNE,signal,False,True,True,20260517,1,1,1,5,2,,,dummy_prior,control,not_applicable_control_model,,,,numeric_particleid_0_49_locked,50,ParticleID_0; ParticleID_1; ParticleID_2; ParticleID_3; ParticleID_4; ParticleID_5; ParticleID_6; ParticleID_7; ParticleID_8; ParticleID_9; ParticleID_10; ParticleID_11; ParticleID_12; ParticleID_13; ParticleID_14; ParticleID_15; ParticleID_16; ParticleID_17; ParticleID_18; ParticleID_19; ParticleID_20; ParticleID_21; ParticleID_22; ParticleID_23; ParticleID_24; ParticleID_25; ParticleID_26; ParticleID_27; ParticleID_28; ParticleID_29; ParticleID_30; ParticleID_31; ParticleID_32; ParticleID_33; ParticleID_34; ParticleID_35; ParticleID_36; ParticleID_37; ParticleID_38; ParticleID_39; ParticleID_40; ParticleID_41; ParticleID_42; ParticleID_43; ParticleID_44; ParticleID_45; ParticleID_46; ParticleID_47; ParticleID_48; ParticleID_49,104051,26013,0.28062200267176673,0.2806289163110752,0.5,0.2806289163110752,0.2806289163110752,0.0,0.5,0.5935463243336803,0.20187632768894515,0.001526,0.011424,stage05_seed_stability_draft,Разрешен только аудит устойчивости к зернам случайности; строка не является самостоятельным итоговым выводом.
ST05_02_seed_stability_grid,miniboone_hgb_vs_logreg_average_precision_v01,nested_seed_stability_v01,nested_5x2_seed_grid_v01,openml_miniboone_41150,41150,MiniBooNE,signal,False,True,True,20260517,1,1,1,5,2,,,logistic_regression,control,not_applicable_control_model,,,,numeric_particleid_0_49_locked,50,ParticleID_0; ParticleID_1; ParticleID_2; ParticleID_3; ParticleID_4; ParticleID_5; ParticleID_6; ParticleID_7; ParticleID_8; ParticleID_9; ParticleID_10; ParticleID_11; ParticleID_12; ParticleID_13; ParticleID_14; ParticleID_15; ParticleID_16; ParticleID_17; ParticleID_18; ParticleID_19; ParticleID_20; ParticleID_21; ParticleID_22; ParticleID_23; ParticleID_24; ParticleID_25; ParticleID_26; ParticleID_27; ParticleID_28; ParticleID_29; ParticleID_30; ParticleID_31; ParticleID_32; ParticleID_33; ParticleID_34; ParticleID_35; ParticleID_36; ParticleID_37; ParticleID_38; ParticleID_39; ParticleID_40; ParticleID_41; ParticleID_42; ParticleID_43; ParticleID_44; ParticleID_45; ParticleID_46; ParticleID_47; ParticleID_48; ParticleID_49,104051,26013,0.28062200267176673,0.2806289163110752,0.9423384300270342,0.8701535229852082,0.8701535229852082,0.7816210635002582,0.8372945882614753,0.2804827080331527,0.08385562366036207,1.407472,0.032217,stage05_seed_stability_draft,Разрешен только аудит устойчивости к зернам случайности; строка не является самостоятельным итоговым выводом.
ST05_02_seed_stability_grid,miniboone_hgb_vs_logreg_average_precision_v01,nested_seed_stability_v01,nested_5x2_seed_grid_v01,openml_miniboone_41150,41150,MiniBooNE,signal,False,True,True,20260517,2,1,2,5,2,3,20260518,hist_gradient_boosting,tuned_candidate,hgb_8316cb7622a5,"{""l2_regularization"": 0.01, ""learning_rate"": 0.1, ""max_iter"": 150, ""max_leaf_nodes"": 63}",0.9583875095331881,16,numeric_particleid_0_49_locked,50,ParticleID_0; ParticleID_1; ParticleID_2; ParticleID_3; ParticleID_4; ParticleID_5; ParticleID_6; ParticleID_7; ParticleID_8; ParticleID_9; ParticleID_10; ParticleID_11; ParticleID_12; ParticleID_13; ParticleID_14; ParticleID_15; ParticleID_16; ParticleID_17; ParticleID_18; ParticleID_19; ParticleID_20; ParticleID_21; ParticleID_22; ParticleID_23; ParticleID_24; ParticleID_25; ParticleID_26; ParticleID_27; ParticleID_28; ParticleID_29; ParticleID_30; ParticleID_31; ParticleID_32; ParticleID_33; ParticleID_34; ParticleID_35; ParticleID_36; ParticleID_37; ParticleID_38; ParticleID_39; ParticleID_40; ParticleID_41; ParticleID_42; ParticleID_43; ParticleID_44; ParticleID_45; ParticleID_46; ParticleID_47; ParticleID_48; ParticleID_49,104051,26013,0.28062200267176673,0.2806289163110752,0.9850649574063597,0.95929127329811,0.95929127329811,0.9005633611620173,0.9330347666884571,0.13980048703085224,0.0412594369299833,63.68454,0.238383,stage05_seed_stability_draft,Разрешен только аудит устойчивости к зернам случайности; строка не является самостоятельным итоговым выводом.
ST05_02_seed_stability_grid,miniboone_hgb_vs_logreg_average_precision_v01,nested_seed_stability_v01,nested_5x2_seed_grid_v01,openml_miniboone_41150,41150,MiniBooNE,signal,False,True,True,20260517,2,1,2,5,2,,,dummy_prior,control,not_applicable_control_model,,,,numeric_particleid_0_49_locked,50,ParticleID_0; ParticleID_1; ParticleID_2; ParticleID_3; ParticleID_4; ParticleID_5; ParticleID_6; ParticleID_7; ParticleID_8; ParticleID_9; ParticleID_10; ParticleID_11; ParticleID_12; ParticleID_13; ParticleID_14; ParticleID_15; ParticleID_16; ParticleID_17; ParticleID_18; ParticleID_19; ParticleID_20; ParticleID_21; ParticleID_22; ParticleID_23; ParticleID_24; ParticleID_25; ParticleID_26; ParticleID_27; ParticleID_28; ParticleID_29; ParticleID_30; ParticleID_31; ParticleID_32; ParticleID_33; ParticleID_34; ParticleID_35; ParticleID_36; ParticleID_37; ParticleID_38; ParticleID_39; ParticleID_40; ParticleID_41; ParticleID_42; ParticleID_43; ParticleID_44; ParticleID_45; ParticleID_46; ParticleID_47; ParticleID_48; ParticleID_49,104051,26013,0.28062200267176673,0.2806289163110752,0.5,0.2806289163110752,0.2806289163110752,0.0,0.5,0.5935463243336803,0.20187632768894515,0.001499,0.010531,stage05_seed_stability_draft,Разрешен только аудит устойчивости к зернам случайности; строка не является самостоятельным итоговым выводом.
ST05_02_seed_stability_grid,miniboone_hgb_vs_logreg_average_precision_v01,nested_seed_stability_v01,nested_5x2_seed_grid_v01,openml_miniboone_41150,41150,MiniBooNE,signal,False,True,True,20260517,2,1,2,5,2,,,logistic_regression,control,not_applicable_control_model,,,,numeric_particleid_0_49_locked,50,ParticleID_0; ParticleID_1; ParticleID_2; ParticleID_3; ParticleID_4; ParticleID_5; ParticleID_6; ParticleID_7; ParticleID_8; ParticleID_9; ParticleID_10; ParticleID_11; ParticleID_12; ParticleID_13; ParticleID_14; ParticleID_15; ParticleID_16; ParticleID_17; ParticleID_18; ParticleID_19; ParticleID_20; ParticleID_21; ParticleID_22; ParticleID_23; ParticleID_24; ParticleID_25; ParticleID_26; ParticleID_27; ParticleID_28; ParticleID_29; ParticleID_30; ParticleID_31; ParticleID_32; ParticleID_33; ParticleID_34; ParticleID_35; ParticleID_36; ParticleID_37; ParticleID_38; ParticleID_39; ParticleID_40; ParticleID_41; ParticleID_42; ParticleID_43; ParticleID_44; ParticleID_45; ParticleID_46; ParticleID_47; ParticleID_48; ParticleID_49,104051,26013,0.28062200267176673,0.2806289163110752,0.9385304699904616,0.866919601426861,0.866919601426861,0.779406348972527,0.8360519388396757,0.286022272550826,0.08574821310222068,1.339217,0.028796,stage05_seed_stability_draft,Разрешен только аудит устойчивости к зернам случайности; строка не является самостоятельным итоговым выводом.
ST05_02_seed_stability_grid,miniboone_hgb_vs_logreg_average_precision_v01,nested_seed_stability_v01,nested_5x2_seed_grid_v01,openml_miniboone_41150,41150,MiniBooNE,signal,False,True,True,20260517,3,1,3,5,2,3,20260519,hist_gradient_boosting,tuned_candidate,hgb_b5168b128e78,"{""l2_regularization"": 0.0, ""learning_rate"": 0.1, ""max_iter"": 150, ""max_leaf_nodes"": 63}",0.9574447748755807,16,numeric_particleid_0_49_locked,50,ParticleID_0; ParticleID_1; ParticleID_2; ParticleID_3; ParticleID_4; ParticleID_5; ParticleID_6; ParticleID_7; ParticleID_8; ParticleID_9; ParticleID_10; ParticleID_11; ParticleID_12; ParticleID_13; ParticleID_14; ParticleID_15; ParticleID_16; ParticleID_17; ParticleID_18; ParticleID_19; ParticleID_20; ParticleID_21; ParticleID_22; ParticleID_23; ParticleID_24; ParticleID_25; ParticleID_26; ParticleID_27; ParticleID_28; ParticleID_29; ParticleID_30; ParticleID_31; ParticleID_32; ParticleID_33; ParticleID_34; ParticleID_35; ParticleID_36; ParticleID_37; ParticleID_38; ParticleID_39; ParticleID_40; ParticleID_41; ParticleID_42; ParticleID_43; ParticleID_44; ParticleID_45; ParticleID_46; ParticleID_47; ParticleID_48; ParticleID_49,104051,26013,0.28062200267176673,0.2806289163110752,0.9844660696651437,0.9561526754272965,0.9561526754272965,0.9007300266084465,0.9319234266120762,0.14183340145041026,0.04159724689986879,62.000931,0.151498,stage05_seed_stability_draft,Разрешен только аудит устойчивости к зернам случайности; строка не является самостоятельным итоговым выводом.
ST05_02_seed_stability_grid,miniboone_hgb_vs_logreg_average_precision_v01,nested_seed_stability_v01,nested_5x2_seed_grid_v01,openml_miniboone_41150,41150,MiniBooNE,signal,False,True,True,20260517,3,1,3,5,2,,,dummy_prior,control,not_applicable_control_model,,,,numeric_particleid_0_49_locked,50,ParticleID_0; ParticleID_1; ParticleID_2; ParticleID_3; ParticleID_4; ParticleID_5; ParticleID_6; ParticleID_7; ParticleID_8; ParticleID_9; ParticleID_10; ParticleID_11; ParticleID_12; ParticleID_13; ParticleID_14; ParticleID_15; ParticleID_16; ParticleID_17; ParticleID_18; ParticleID_19; ParticleID_20; ParticleID_21; ParticleID_22; ParticleID_23; ParticleID_24; ParticleID_25; ParticleID_26; ParticleID_27; ParticleID_28; ParticleID_29; ParticleID_30; ParticleID_31; ParticleID_32; ParticleID_33; ParticleID_34; ParticleID_35; ParticleID_36; ParticleID_37; ParticleID_38; ParticleID_39; ParticleID_40; ParticleID_41; ParticleID_42; ParticleID_43; ParticleID_44; ParticleID_45; ParticleID_46; ParticleID_47; ParticleID_48; ParticleID_49,104051,26013,0.28062200267176673,0.2806289163110752,0.5,0.2806289163110752,0.2806289163110752,0.0,0.5,0.5935463243336803,0.20187632768894515,0.001649,0.01152,stage05_seed_stability_draft,Разрешен только аудит устойчивости к зернам случайности; строка не является самостоятельным итоговым выводом.
ST05_02_seed_stability_grid,miniboone_hgb_vs_logreg_average_precision_v01,nested_seed_stability_v01,nested_5x2_seed_grid_v01,openml_miniboone_41150,41150,MiniBooNE,signal,False,True,True,20260517,3,1,3,5,2,,,logistic_regression,control,not_applicable_control_model,,,,numeric_particleid_0_49_locked,50,ParticleID_0; ParticleID_1; ParticleID_2; ParticleID_3; ParticleID_4; ParticleID_5; ParticleID_6; ParticleID_7; ParticleID_8; ParticleID_9; ParticleID_10; ParticleID_11; ParticleID_12; ParticleID_13; ParticleID_14; ParticleID_15; ParticleID_16; ParticleID_17; ParticleID_18; ParticleID_19; ParticleID_20; ParticleID_21; ParticleID_22; ParticleID_23; ParticleID_24; ParticleID_25; ParticleID_26; ParticleID_27; ParticleID_28; ParticleID_29; ParticleID_30; ParticleID_31; ParticleID_32; ParticleID_33; ParticleID_34; ParticleID_35; ParticleID_36; ParticleID_37; ParticleID_38; ParticleID_39; ParticleID_40; ParticleID_41; ParticleID_42; ParticleID_43; ParticleID_44; ParticleID_45; ParticleID_46; ParticleID_47; ParticleID_48; ParticleID_49,104051,26013,0.28062200267176673,0.2806289163110752,0.93429125163153,0.8589999714031484,0.8589999714031484,0.7696078431372549,0.8285978504431393,0.2951841896976069,0.08796754128556673,1.503921,0.027501,stage05_seed_stability_draft,Разрешен только аудит устойчивости к зернам случайности; строка не является самостоятельным итоговым выводом.
ST05_02_seed_stability_grid,miniboone_hgb_vs_logreg_average_precision_v01,nested_seed_stability_v01,nested_5x2_seed_grid_v01,openml_miniboone_41150,41150,MiniBooNE,signal,False,True,True,20260517,4,1,4,5,2,3,20260520,hist_gradient_boosting,tuned_candidate,hgb_8316cb7622a5,"{""l2_regularization"": 0.01, ""learning_rate"": 0.1, ""max_iter"": 150, ""max_leaf_nodes"": 63}",0.9575954497430276,16,numeric_particleid_0_49_locked,50,ParticleID_0; ParticleID_1; ParticleID_2; ParticleID_3; ParticleID_4; ParticleID_5; ParticleID_6; ParticleID_7; ParticleID_8; ParticleID_9; ParticleID_10; ParticleID_11; ParticleID_12; ParticleID_13; ParticleID_14; ParticleID_15; ParticleID_16; ParticleID_17; ParticleID_18; ParticleID_19; ParticleID_20; ParticleID_21; ParticleID_22; ParticleID_23; ParticleID_24; ParticleID_25; ParticleID_26; ParticleID_27; ParticleID_28; ParticleID_29; ParticleID_30; ParticleID_31; ParticleID_32; ParticleID_33; ParticleID_34; ParticleID_35; ParticleID_36; ParticleID_37; ParticleID_38; ParticleID_39; ParticleID_40; ParticleID_41; ParticleID_42; ParticleID_43; ParticleID_44; ParticleID_45; ParticleID_46; ParticleID_47; ParticleID_48; ParticleID_49,104051,26013,0.28062200267176673,0.2806289163110752,0.9848499138757102,0.9586140391562998,0.9586140391562998,0.903164471003667,0.9347452031369299,0.14008385473628585,0.04119810877417197,57.545034,0.137543,stage05_seed_stability_draft,Разрешен только аудит устойчивости к зернам случайности; строка не является самостоятельным итоговым выводом.
ST05_02_seed_stability_grid,miniboone_hgb_vs_logreg_average_precision_v01,nested_seed_stability_v01,nested_5x2_seed_grid_v01,openml_miniboone_41150,41150,MiniBooNE,signal,False,True,True,20260517,4,1,4,5,2,,,dummy_prior,control,not_applicable_control_model,,,,numeric_particleid_0_49_locked,50,ParticleID_0; ParticleID_1; ParticleID_2; ParticleID_3; ParticleID_4; ParticleID_5; ParticleID_6; ParticleID_7; ParticleID_8; ParticleID_9; ParticleID_10; ParticleID_11; ParticleID_12; ParticleID_13; ParticleID_14; ParticleID_15; ParticleID_16; ParticleID_17; ParticleID_18; ParticleID_19; ParticleID_20; ParticleID_21; ParticleID_22; ParticleID_23; ParticleID_24; ParticleID_25; ParticleID_26; ParticleID_27; ParticleID_28; ParticleID_29; ParticleID_30; ParticleID_31; ParticleID_32; ParticleID_33; ParticleID_34; ParticleID_35; ParticleID_36; ParticleID_37; ParticleID_38; ParticleID_39; ParticleID_40; ParticleID_41; ParticleID_42; ParticleID_43; ParticleID_44; ParticleID_45; ParticleID_46; ParticleID_47; ParticleID_48; ParticleID_49,104051,26013,0.28062200267176673,0.2806289163110752,0.5,0.2806289163110752,0.2806289163110752,0.0,0.5,0.5935463243336803,0.20187632768894515,0.001675,0.009785,stage05_seed_stability_draft,Разрешен только аудит устойчивости к зернам случайности; строка не является самостоятельным итоговым выводом.
ST05_02_seed_stability_grid,miniboone_hgb_vs_logreg_average_precision_v01,nested_seed_stability_v01,nested_5x2_seed_grid_v01,openml_miniboone_41150,41150,MiniBooNE,signal,False,True,True,20260517,4,1,4,5,2,,,logistic_regression,control,not_applicable_control_model,,,,numeric_particleid_0_49_locked,50,ParticleID_0; ParticleID_1; ParticleID_2; ParticleID_3; ParticleID_4; ParticleID_5; ParticleID_6; ParticleID_7; ParticleID_8; ParticleID_9; ParticleID_10; ParticleID_11; ParticleID_12; ParticleID_13; ParticleID_14; ParticleID_15; ParticleID_16; ParticleID_17; ParticleID_18; ParticleID_19; ParticleID_20; ParticleID_21; ParticleID_22; ParticleID_23; ParticleID_24; ParticleID_25; ParticleID_26; ParticleID_27; ParticleID_28; ParticleID_29; ParticleID_30; ParticleID_31; ParticleID_32; ParticleID_33; ParticleID_34; ParticleID_35; ParticleID_36; ParticleID_37; ParticleID_38; ParticleID_39; ParticleID_40; ParticleID_41; ParticleID_42; ParticleID_43; ParticleID_44; ParticleID_45; ParticleID_46; ParticleID_47; ParticleID_48; ParticleID_49,104051,26013,0.28062200267176673,0.2806289163110752,0.9414886288852009,0.8722487129050166,0.8722487129050166,0.7768180140273163,0.8340505831049985,0.28096844962401724,0.08455897835321378,1.273432,0.032509,stage05_seed_stability_draft,Разрешен только аудит устойчивости к зернам случайности; строка не является самостоятельным итоговым выводом.
ST05_02_seed_stability_grid,miniboone_hgb_vs_logreg_average_precision_v01,nested_seed_stability_v01,nested_5x2_seed_grid_v01,openml_miniboone_41150,41150,MiniBooNE,signal,False,True,True,20260517,5,1,5,5,2,3,20260521,hist_gradient_boosting,tuned_candidate,hgb_b5168b128e78,"{""l2_regularization"": 0.0, ""learning_rate"": 0.1, ""max_iter"": 150, ""max_leaf_nodes"": 63}",0.9578561316926629,16,numeric_particleid_0_49_locked,50,ParticleID_0; ParticleID_1; ParticleID_2; ParticleID_3; ParticleID_4; ParticleID_5; ParticleID_6; ParticleID_7; ParticleID_8; ParticleID_9; ParticleID_10; ParticleID_11; ParticleID_12; ParticleID_13; ParticleID_14; ParticleID_15; ParticleID_16; ParticleID_17; ParticleID_18; ParticleID_19; ParticleID_20; ParticleID_21; ParticleID_22; ParticleID_23; ParticleID_24; ParticleID_25; ParticleID_26; ParticleID_27; ParticleID_28; ParticleID_29; ParticleID_30; ParticleID_31; ParticleID_32; ParticleID_33; ParticleID_34; ParticleID_35; ParticleID_36; ParticleID_37; ParticleID_38; ParticleID_39; ParticleID_40; ParticleID_41; ParticleID_42; ParticleID_43; ParticleID_44; ParticleID_45; ParticleID_46; ParticleID_47; ParticleID_48; ParticleID_49,104052,26012,0.2806289163110752,0.28060126095648164,0.9853691501030042,0.9621183910453814,0.9621183910453814,0.9017687074829932,0.9333807085485153,0.13846659446413118,0.04085238790783522,60.859654,0.146269,stage05_seed_stability_draft,Разрешен только аудит устойчивости к зернам случайности; строка не является самостоятельным итоговым выводом.
ST05_02_seed_stability_grid,miniboone_hgb_vs_logreg_average_precision_v01,nested_seed_stability_v01,nested_5x2_seed_grid_v01,openml_miniboone_41150,41150,MiniBooNE,signal,False,True,True,20260517,5,1,5,5,2,,,dummy_prior,control,not_applicable_control_model,,,,numeric_particleid_0_49_locked,50,ParticleID_0; ParticleID_1; ParticleID_2; ParticleID_3; ParticleID_4; ParticleID_5; ParticleID_6; ParticleID_7; ParticleID_8; ParticleID_9; ParticleID_10; ParticleID_11; ParticleID_12; ParticleID_13; ParticleID_14; ParticleID_15; ParticleID_16; ParticleID_17; ParticleID_18; ParticleID_19; ParticleID_20; ParticleID_21; ParticleID_22; ParticleID_23; ParticleID_24; ParticleID_25; ParticleID_26; ParticleID_27; ParticleID_28; ParticleID_29; ParticleID_30; ParticleID_31; ParticleID_32; ParticleID_33; ParticleID_34; ParticleID_35; ParticleID_36; ParticleID_37; ParticleID_38; ParticleID_39; ParticleID_40; ParticleID_41; ParticleID_42; ParticleID_43; ParticleID_44; ParticleID_45; ParticleID_46; ParticleID_47; ParticleID_48; ParticleID_49,104052,26012,0.2806289163110752,0.28060126095648164,0.5,0.28060126095648164,0.28060126095648164,0.0,0.5,0.5935202910098233,0.2018641940709328,0.001738,0.010449,stage05_seed_stability_draft,Разрешен только аудит устойчивости к зернам случайности; строка не является самостоятельным итоговым выводом.
ST05_02_seed_stability_grid,miniboone_hgb_vs_logreg_average_precision_v01,nested_seed_stability_v01,nested_5x2_seed_grid_v01,openml_miniboone_41150,41150,MiniBooNE,signal,False,True,True,20260517,5,1,5,5,2,,,logistic_regression,control,not_applicable_control_model,,,,numeric_particleid_0_49_locked,50,ParticleID_0; ParticleID_1; ParticleID_2; ParticleID_3; ParticleID_4; ParticleID_5; ParticleID_6; ParticleID_7; ParticleID_8; ParticleID_9; ParticleID_10; ParticleID_11; ParticleID_12; ParticleID_13; ParticleID_14; ParticleID_15; ParticleID_16; ParticleID_17; ParticleID_18; ParticleID_19; ParticleID_20; ParticleID_21; ParticleID_22; ParticleID_23; ParticleID_24; ParticleID_25; ParticleID_26; ParticleID_27; ParticleID_28; ParticleID_29; ParticleID_30; ParticleID_31; ParticleID_32; ParticleID_33; ParticleID_34; ParticleID_35; ParticleID_36; ParticleID_37; ParticleID_38; ParticleID_39; ParticleID_40; ParticleID_41; ParticleID_42; ParticleID_43; ParticleID_44; ParticleID_45; ParticleID_46; ParticleID_47; ParticleID_48; ParticleID_49,104052,26012,0.2806289163110752,0.28060126095648164,0.9405096944393067,0.869731645909666,0.869731645909666,0.7789085545722714,0.8355768801130674,0.2822244798470076,0.0847307998184507,1.316357,0.028762,stage05_seed_stability_draft,Разрешен только аудит устойчивости к зернам случайности; строка не является самостоятельным итоговым выводом.
ST05_02_seed_stability_grid,miniboone_hgb_vs_logreg_average_precision_v01,nested_seed_stability_v01,nested_5x2_seed_grid_v01,openml_miniboone_41150,41150,MiniBooNE,signal,False,True,True,20260517,6,2,1,5,2,3,20260522,hist_gradient_boosting,tuned_candidate,hgb_8316cb7622a5,"{""l2_regularization"": 0.01, ""learning_rate"": 0.1, ""max_iter"": 150, ""max_leaf_nodes"": 63}",0.9571938294115442,16,numeric_particleid_0_49_locked,50,ParticleID_0; ParticleID_1; ParticleID_2; ParticleID_3; ParticleID_4; ParticleID_5; ParticleID_6; ParticleID_7; ParticleID_8; ParticleID_9; ParticleID_10; ParticleID_11; ParticleID_12; ParticleID_13; ParticleID_14; ParticleID_15; ParticleID_16; ParticleID_17; ParticleID_18; ParticleID_19; ParticleID_20; ParticleID_21; ParticleID_22; ParticleID_23; ParticleID_24; ParticleID_25; ParticleID_26; ParticleID_27; ParticleID_28; ParticleID_29; ParticleID_30; ParticleID_31; ParticleID_32; ParticleID_33; ParticleID_34; ParticleID_35; ParticleID_36; ParticleID_37; ParticleID_38; ParticleID_39; ParticleID_40; ParticleID_41; ParticleID_42; ParticleID_43; ParticleID_44; ParticleID_45; ParticleID_46; ParticleID_47; ParticleID_48; ParticleID_49,104051,26013,0.28062200267176673,0.2806289163110752,0.9859447501517149,0.9613953696081929,0.9613953696081929,0.9017009358562743,0.9323091631412929,0.13605767636547883,0.040323520574721314,58.069087,0.147646,stage05_seed_stability_draft,Разрешен только аудит устойчивости к зернам случайности; строка не является самостоятельным итоговым выводом.
ST05_02_seed_stability_grid,miniboone_hgb_vs_logreg_average_precision_v01,nested_seed_stability_v01,nested_5x2_seed_grid_v01,openml_miniboone_41150,41150,MiniBooNE,signal,False,True,True,20260517,6,2,1,5,2,,,dummy_prior,control,not_applicable_control_model,,,,numeric_particleid_0_49_locked,50,ParticleID_0; ParticleID_1; ParticleID_2; ParticleID_3; ParticleID_4; ParticleID_5; ParticleID_6; ParticleID_7; ParticleID_8; ParticleID_9; ParticleID_10; ParticleID_11; ParticleID_12; ParticleID_13; ParticleID_14; ParticleID_15; ParticleID_16; ParticleID_17; ParticleID_18; ParticleID_19; ParticleID_20; ParticleID_21; ParticleID_22; ParticleID_23; ParticleID_24; ParticleID_25; ParticleID_26; ParticleID_27; ParticleID_28; ParticleID_29; ParticleID_30; ParticleID_31; ParticleID_32; ParticleID_33; ParticleID_34; ParticleID_35; ParticleID_36; ParticleID_37; ParticleID_38; ParticleID_39; ParticleID_40; ParticleID_41; ParticleID_42; ParticleID_43; ParticleID_44; ParticleID_45; ParticleID_46; ParticleID_47; ParticleID_48; ParticleID_49,104051,26013,0.28062200267176673,0.2806289163110752,0.5,0.2806289163110752,0.2806289163110752,0.0,0.5,0.5935463243336803,0.20187632768894515,0.002315,0.009965,stage05_seed_stability_draft,Разрешен только аудит устойчивости к зернам случайности; строка не является самостоятельным итоговым выводом.
ST05_02_seed_stability_grid,miniboone_hgb_vs_logreg_average_precision_v01,nested_seed_stability_v01,nested_5x2_seed_grid_v01,openml_miniboone_41150,41150,MiniBooNE,signal,False,True,True,20260517,6,2,1,5,2,,,logistic_regression,control,not_applicable_control_model,,,,numeric_particleid_0_49_locked,50,ParticleID_0; ParticleID_1; ParticleID_2; ParticleID_3; ParticleID_4; ParticleID_5; ParticleID_6; ParticleID_7; ParticleID_8; ParticleID_9; ParticleID_10; ParticleID_11; ParticleID_12; ParticleID_13; ParticleID_14; ParticleID_15; ParticleID_16; ParticleID_17; ParticleID_18; ParticleID_19; ParticleID_20; ParticleID_21; ParticleID_22; ParticleID_23; ParticleID_24; ParticleID_25; ParticleID_26; ParticleID_27; ParticleID_28; ParticleID_29; ParticleID_30; ParticleID_31; ParticleID_32; ParticleID_33; ParticleID_34; ParticleID_35; ParticleID_36; ParticleID_37; ParticleID_38; ParticleID_39; ParticleID_40; ParticleID_41; ParticleID_42; ParticleID_43; ParticleID_44; ParticleID_45; ParticleID_46; ParticleID_47; ParticleID_48; ParticleID_49,104051,26013,0.28062200267176673,0.2806289163110752,0.9425766059636221,0.8737429374086013,0.8737429374086013,0.7786293623037428,0.8341216749911606,0.27911733718352105,0.08388970970814807,1.25831,0.027564,stage05_seed_stability_draft,Разрешен только аудит устойчивости к зернам случайности; строка не является самостоятельным итоговым выводом.
ST05_02_seed_stability_grid,miniboone_hgb_vs_logreg_average_precision_v01,nested_seed_stability_v01,nested_5x2_seed_grid_v01,openml_miniboone_41150,41150,MiniBooNE,signal,False,True,True,20260517,7,2,2,5,2,3,20260523,hist_gradient_boosting,tuned_candidate,hgb_b5168b128e78,"{""l2_regularization"": 0.0, ""learning_rate"": 0.1, ""max_iter"": 150, ""max_leaf_nodes"": 63}",0.9578278240127295,16,numeric_particleid_0_49_locked,50,ParticleID_0; ParticleID_1; ParticleID_2; ParticleID_3; ParticleID_4; ParticleID_5; ParticleID_6; ParticleID_7; ParticleID_8; ParticleID_9; ParticleID_10; ParticleID_11; ParticleID_12; ParticleID_13; ParticleID_14; ParticleID_15; ParticleID_16; ParticleID_17; ParticleID_18; ParticleID_19; ParticleID_20; ParticleID_21; ParticleID_22; ParticleID_23; ParticleID_24; ParticleID_25; ParticleID_26; ParticleID_27; ParticleID_28; ParticleID_29; ParticleID_30; ParticleID_31; ParticleID_32; ParticleID_33; ParticleID_34; ParticleID_35; ParticleID_36; ParticleID_37; ParticleID_38; ParticleID_39; ParticleID_40; ParticleID_41; ParticleID_42; ParticleID_43; ParticleID_44; ParticleID_45; ParticleID_46; ParticleID_47; ParticleID_48; ParticleID_49,104051,26013,0.28062200267176673,0.2806289163110752,0.9849588301737344,0.9597281072914962,0.9597281072914962,0.9011857707509882,0.932516534911998,0.14051411665922947,0.041553202167272145,56.111535,0.125434,stage05_seed_stability_draft,Разрешен только аудит устойчивости к зернам случайности; строка не является самостоятельным итоговым выводом.
ST05_02_seed_stability_grid,miniboone_hgb_vs_logreg_average_precision_v01,nested_seed_stability_v01,nested_5x2_seed_grid_v01,openml_miniboone_41150,41150,MiniBooNE,signal,False,True,True,20260517,7,2,2,5,2,,,dummy_prior,control,not_applicable_control_model,,,,numeric_particleid_0_49_locked,50,ParticleID_0; ParticleID_1; ParticleID_2; ParticleID_3; ParticleID_4; ParticleID_5; ParticleID_6; ParticleID_7; ParticleID_8; ParticleID_9; ParticleID_10; ParticleID_11; ParticleID_12; ParticleID_13; ParticleID_14; ParticleID_15; ParticleID_16; ParticleID_17; ParticleID_18; ParticleID_19; ParticleID_20; ParticleID_21; ParticleID_22; ParticleID_23; ParticleID_24; ParticleID_25; ParticleID_26; ParticleID_27; ParticleID_28; ParticleID_29; ParticleID_30; ParticleID_31; ParticleID_32; ParticleID_33; ParticleID_34; ParticleID_35; ParticleID_36; ParticleID_37; ParticleID_38; ParticleID_39; ParticleID_40; ParticleID_41; ParticleID_42; ParticleID_43; ParticleID_44; ParticleID_45; ParticleID_46; ParticleID_47; ParticleID_48; ParticleID_49,104051,26013,0.28062200267176673,0.2806289163110752,0.5,0.2806289163110752,0.2806289163110752,0.0,0.5,0.5935463243336803,0.20187632768894515,0.00153,0.010647,stage05_seed_stability_draft,Разрешен только аудит устойчивости к зернам случайности; строка не является самостоятельным итоговым выводом.
ST05_02_seed_stability_grid,miniboone_hgb_vs_logreg_average_precision_v01,nested_seed_stability_v01,nested_5x2_seed_grid_v01,openml_miniboone_41150,41150,MiniBooNE,signal,False,True,True,20260517,7,2,2,5,2,,,logistic_regression,control,not_applicable_control_model,,,,numeric_particleid_0_49_locked,50,ParticleID_0; ParticleID_1; ParticleID_2; ParticleID_3; ParticleID_4; ParticleID_5; ParticleID_6; ParticleID_7; ParticleID_8; ParticleID_9; ParticleID_10; ParticleID_11; ParticleID_12; ParticleID_13; ParticleID_14; ParticleID_15; ParticleID_16; ParticleID_17; ParticleID_18; ParticleID_19; ParticleID_20; ParticleID_21; ParticleID_22; ParticleID_23; ParticleID_24; ParticleID_25; ParticleID_26; ParticleID_27; ParticleID_28; ParticleID_29; ParticleID_30; ParticleID_31; ParticleID_32; ParticleID_33; ParticleID_34; ParticleID_35; ParticleID_36; ParticleID_37; ParticleID_38; ParticleID_39; ParticleID_40; ParticleID_41; ParticleID_42; ParticleID_43; ParticleID_44; ParticleID_45; ParticleID_46; ParticleID_47; ParticleID_48; ParticleID_49,104051,26013,0.28062200267176673,0.2806289163110752,0.939617813855872,0.8707907204561424,0.8707907204561424,0.7743078626799557,0.8324319698634529,0.28259051794373635,0.08520251949188298,1.830608,0.029138,stage05_seed_stability_draft,Разрешен только аудит устойчивости к зернам случайности; строка не является самостоятельным итоговым выводом.
ST05_02_seed_stability_grid,miniboone_hgb_vs_logreg_average_precision_v01,nested_seed_stability_v01,nested_5x2_seed_grid_v01,openml_miniboone_41150,41150,MiniBooNE,signal,False,True,True,20260517,8,2,3,5,2,3,20260524,hist_gradient_boosting,tuned_candidate,hgb_8316cb7622a5,"{""l2_regularization"": 0.01, ""learning_rate"": 0.1, ""max_iter"": 150, ""max_leaf_nodes"": 63}",0.9587454524177533,16,numeric_particleid_0_49_locked,50,ParticleID_0; ParticleID_1; ParticleID_2; ParticleID_3; ParticleID_4; ParticleID_5; ParticleID_6; ParticleID_7; ParticleID_8; ParticleID_9; ParticleID_10; ParticleID_11; ParticleID_12; ParticleID_13; ParticleID_14; ParticleID_15; ParticleID_16; ParticleID_17; ParticleID_18; ParticleID_19; ParticleID_20; ParticleID_21; ParticleID_22; ParticleID_23; ParticleID_24; ParticleID_25; ParticleID_26; ParticleID_27; ParticleID_28; ParticleID_29; ParticleID_30; ParticleID_31; ParticleID_32; ParticleID_33; ParticleID_34; ParticleID_35; ParticleID_36; ParticleID_37; ParticleID_38; ParticleID_39; ParticleID_40; ParticleID_41; ParticleID_42; ParticleID_43; ParticleID_44; ParticleID_45; ParticleID_46; ParticleID_47; ParticleID_48; ParticleID_49,104051,26013,0.28062200267176673,0.2806289163110752,0.9845278024433969,0.9579376676514308,0.9579376676514308,0.9016415683082349,0.9339368426754824,0.14149624167131922,0.041547807643973075,54.717692,0.131174,stage05_seed_stability_draft,Разрешен только аудит устойчивости к зернам случайности; строка не является самостоятельным итоговым выводом.
ST05_02_seed_stability_grid,miniboone_hgb_vs_logreg_average_precision_v01,nested_seed_stability_v01,nested_5x2_seed_grid_v01,openml_miniboone_41150,41150,MiniBooNE,signal,False,True,True,20260517,8,2,3,5,2,,,dummy_prior,control,not_applicable_control_model,,,,numeric_particleid_0_49_locked,50,ParticleID_0; ParticleID_1; ParticleID_2; ParticleID_3; ParticleID_4; ParticleID_5; ParticleID_6; ParticleID_7; ParticleID_8; ParticleID_9; ParticleID_10; ParticleID_11; ParticleID_12; ParticleID_13; ParticleID_14; ParticleID_15; ParticleID_16; ParticleID_17; ParticleID_18; ParticleID_19; ParticleID_20; ParticleID_21; ParticleID_22; ParticleID_23; ParticleID_24; ParticleID_25; ParticleID_26; ParticleID_27; ParticleID_28; ParticleID_29; ParticleID_30; ParticleID_31; ParticleID_32; ParticleID_33; ParticleID_34; ParticleID_35; ParticleID_36; ParticleID_37; ParticleID_38; ParticleID_39; ParticleID_40; ParticleID_41; ParticleID_42; ParticleID_43; ParticleID_44; ParticleID_45; ParticleID_46; ParticleID_47; ParticleID_48; ParticleID_49,104051,26013,0.28062200267176673,0.2806289163110752,0.5,0.2806289163110752,0.2806289163110752,0.0,0.5,0.5935463243336803,0.20187632768894515,0.00165,0.009942,stage05_seed_stability_draft,Разрешен только аудит устойчивости к зернам случайности; строка не является самостоятельным итоговым выводом.
ST05_02_seed_stability_grid,miniboone_hgb_vs_logreg_average_precision_v01,nested_seed_stability_v01,nested_5x2_seed_grid_v01,openml_miniboone_41150,41150,MiniBooNE,signal,False,True,True,20260517,8,2,3,5,2,,,logistic_regression,control,not_applicable_control_model,,,,numeric_particleid_0_49_locked,50,ParticleID_0; ParticleID_1; ParticleID_2; ParticleID_3; ParticleID_4; ParticleID_5; ParticleID_6; ParticleID_7; ParticleID_8; ParticleID_9; ParticleID_10; ParticleID_11; ParticleID_12; ParticleID_13; ParticleID_14; ParticleID_15; ParticleID_16; ParticleID_17; ParticleID_18; ParticleID_19; ParticleID_20; ParticleID_21; ParticleID_22; ParticleID_23; ParticleID_24; ParticleID_25; ParticleID_26; ParticleID_27; ParticleID_28; ParticleID_29; ParticleID_30; ParticleID_31; ParticleID_32; ParticleID_33; ParticleID_34; ParticleID_35; ParticleID_36; ParticleID_37; ParticleID_38; ParticleID_39; ParticleID_40; ParticleID_41; ParticleID_42; ParticleID_43; ParticleID_44; ParticleID_45; ParticleID_46; ParticleID_47; ParticleID_48; ParticleID_49,104051,26013,0.28062200267176673,0.2806289163110752,0.9381203016875677,0.8644753242974569,0.8644753242974569,0.7744881425835911,0.8328832055072695,0.28747209609459834,0.08615377561564685,1.297408,0.028087,stage05_seed_stability_draft,Разрешен только аудит устойчивости к зернам случайности; строка не является самостоятельным итоговым выводом.
ST05_02_seed_stability_grid,miniboone_hgb_vs_logreg_average_precision_v01,nested_seed_stability_v01,nested_5x2_seed_grid_v01,openml_miniboone_41150,41150,MiniBooNE,signal,False,True,True,20260517,9,2,4,5,2,3,20260525,hist_gradient_boosting,tuned_candidate,hgb_8316cb7622a5,"{""l2_regularization"": 0.01, ""learning_rate"": 0.1, ""max_iter"": 150, ""max_leaf_nodes"": 63}",0.9576057793579403,16,numeric_particleid_0_49_locked,50,ParticleID_0; ParticleID_1; ParticleID_2; ParticleID_3; ParticleID_4; ParticleID_5; ParticleID_6; ParticleID_7; ParticleID_8; ParticleID_9; ParticleID_10; ParticleID_11; ParticleID_12; ParticleID_13; ParticleID_14; ParticleID_15; ParticleID_16; ParticleID_17; ParticleID_18; ParticleID_19; ParticleID_20; ParticleID_21; ParticleID_22; ParticleID_23; ParticleID_24; ParticleID_25; ParticleID_26; ParticleID_27; ParticleID_28; ParticleID_29; ParticleID_30; ParticleID_31; ParticleID_32; ParticleID_33; ParticleID_34; ParticleID_35; ParticleID_36; ParticleID_37; ParticleID_38; ParticleID_39; ParticleID_40; ParticleID_41; ParticleID_42; ParticleID_43; ParticleID_44; ParticleID_45; ParticleID_46; ParticleID_47; ParticleID_48; ParticleID_49,104051,26013,0.28062200267176673,0.2806289163110752,0.9853844847439588,0.9600571847141381,0.9600571847141381,0.9013090958420945,0.9337196981953063,0.1378156106030455,0.04063585383529722,56.002972,0.170164,stage05_seed_stability_draft,Разрешен только аудит устойчивости к зернам случайности; строка не является самостоятельным итоговым выводом.
ST05_02_seed_stability_grid,miniboone_hgb_vs_logreg_average_precision_v01,nested_seed_stability_v01,nested_5x2_seed_grid_v01,openml_miniboone_41150,41150,MiniBooNE,signal,False,True,True,20260517,9,2,4,5,2,,,dummy_prior,control,not_applicable_control_model,,,,numeric_particleid_0_49_locked,50,ParticleID_0; ParticleID_1; ParticleID_2; ParticleID_3; ParticleID_4; ParticleID_5; ParticleID_6; ParticleID_7; ParticleID_8; ParticleID_9; ParticleID_10; ParticleID_11; ParticleID_12; ParticleID_13; ParticleID_14; ParticleID_15; ParticleID_16; ParticleID_17; ParticleID_18; ParticleID_19; ParticleID_20; ParticleID_21; ParticleID_22; ParticleID_23; ParticleID_24; ParticleID_25; ParticleID_26; ParticleID_27; ParticleID_28; ParticleID_29; ParticleID_30; ParticleID_31; ParticleID_32; ParticleID_33; ParticleID_34; ParticleID_35; ParticleID_36; ParticleID_37; ParticleID_38; ParticleID_39; ParticleID_40; ParticleID_41; ParticleID_42; ParticleID_43; ParticleID_44; ParticleID_45; ParticleID_46; ParticleID_47; ParticleID_48; ParticleID_49,104051,26013,0.28062200267176673,0.2806289163110752,0.5,0.2806289163110752,0.2806289163110752,0.0,0.5,0.5935463243336803,0.20187632768894515,0.00151,0.010154,stage05_seed_stability_draft,Разрешен только аудит устойчивости к зернам случайности; строка не является самостоятельным итоговым выводом.
ST05_02_seed_stability_grid,miniboone_hgb_vs_logreg_average_precision_v01,nested_seed_stability_v01,nested_5x2_seed_grid_v01,openml_miniboone_41150,41150,MiniBooNE,signal,False,True,True,20260517,9,2,4,5,2,,,logistic_regression,control,not_applicable_control_model,,,,numeric_particleid_0_49_locked,50,ParticleID_0; ParticleID_1; ParticleID_2; ParticleID_3; ParticleID_4; ParticleID_5; ParticleID_6; ParticleID_7; ParticleID_8; ParticleID_9; ParticleID_10; ParticleID_11; ParticleID_12; ParticleID_13; ParticleID_14; ParticleID_15; ParticleID_16; ParticleID_17; ParticleID_18; ParticleID_19; ParticleID_20; ParticleID_21; ParticleID_22; ParticleID_23; ParticleID_24; ParticleID_25; ParticleID_26; ParticleID_27; ParticleID_28; ParticleID_29; ParticleID_30; ParticleID_31; ParticleID_32; ParticleID_33; ParticleID_34; ParticleID_35; ParticleID_36; ParticleID_37; ParticleID_38; ParticleID_39; ParticleID_40; ParticleID_41; ParticleID_42; ParticleID_43; ParticleID_44; ParticleID_45; ParticleID_46; ParticleID_47; ParticleID_48; ParticleID_49,104051,26013,0.28062200267176673,0.2806289163110752,0.9368306334545832,0.863558689830609,0.863558689830609,0.7780154924382147,0.8349259396990885,0.29020499831097235,0.08661039143631366,1.150701,0.029684,stage05_seed_stability_draft,Разрешен только аудит устойчивости к зернам случайности; строка не является самостоятельным итоговым выводом.
ST05_02_seed_stability_grid,miniboone_hgb_vs_logreg_average_precision_v01,nested_seed_stability_v01,nested_5x2_seed_grid_v01,openml_miniboone_41150,41150,MiniBooNE,signal,False,True,True,20260517,10,2,5,5,2,3,20260526,hist_gradient_boosting,tuned_candidate,hgb_8316cb7622a5,"{""l2_regularization"": 0.01, ""learning_rate"": 0.1, ""max_iter"": 150, ""max_leaf_nodes"": 63}",0.9575890636576888,16,numeric_particleid_0_49_locked,50,ParticleID_0; ParticleID_1; ParticleID_2; ParticleID_3; ParticleID_4; ParticleID_5; ParticleID_6; ParticleID_7; ParticleID_8; ParticleID_9; ParticleID_10; ParticleID_11; ParticleID_12; ParticleID_13; ParticleID_14; ParticleID_15; ParticleID_16; ParticleID_17; ParticleID_18; ParticleID_19; ParticleID_20; ParticleID_21; ParticleID_22; ParticleID_23; ParticleID_24; ParticleID_25; ParticleID_26; ParticleID_27; ParticleID_28; ParticleID_29; ParticleID_30; ParticleID_31; ParticleID_32; ParticleID_33; ParticleID_34; ParticleID_35; ParticleID_36; ParticleID_37; ParticleID_38; ParticleID_39; ParticleID_40; ParticleID_41; ParticleID_42; ParticleID_43; ParticleID_44; ParticleID_45; ParticleID_46; ParticleID_47; ParticleID_48; ParticleID_49,104052,26012,0.2806289163110752,0.28060126095648164,0.9845587094396303,0.9572807216141108,0.9572807216141108,0.9020221965003064,0.9333471729465587,0.1412075986357964,0.041251773250658666,54.719503,0.129765,stage05_seed_stability_draft,Разрешен только аудит устойчивости к зернам случайности; строка не является самостоятельным итоговым выводом.
ST05_02_seed_stability_grid,miniboone_hgb_vs_logreg_average_precision_v01,nested_seed_stability_v01,nested_5x2_seed_grid_v01,openml_miniboone_41150,41150,MiniBooNE,signal,False,True,True,20260517,10,2,5,5,2,,,dummy_prior,control,not_applicable_control_model,,,,numeric_particleid_0_49_locked,50,ParticleID_0; ParticleID_1; ParticleID_2; ParticleID_3; ParticleID_4; ParticleID_5; ParticleID_6; ParticleID_7; ParticleID_8; ParticleID_9; ParticleID_10; ParticleID_11; ParticleID_12; ParticleID_13; ParticleID_14; ParticleID_15; ParticleID_16; ParticleID_17; ParticleID_18; ParticleID_19; ParticleID_20; ParticleID_21; ParticleID_22; ParticleID_23; ParticleID_24; ParticleID_25; ParticleID_26; ParticleID_27; ParticleID_28; ParticleID_29; ParticleID_30; ParticleID_31; ParticleID_32; ParticleID_33; ParticleID_34; ParticleID_35; ParticleID_36; ParticleID_37; ParticleID_38; ParticleID_39; ParticleID_40; ParticleID_41; ParticleID_42; ParticleID_43; ParticleID_44; ParticleID_45; ParticleID_46; ParticleID_47; ParticleID_48; ParticleID_49,104052,26012,0.2806289163110752,0.28060126095648164,0.5,0.28060126095648164,0.28060126095648164,0.0,0.5,0.5935202910098233,0.2018641940709328,0.0016,0.010973,stage05_seed_stability_draft,Разрешен только аудит устойчивости к зернам случайности; строка не является самостоятельным итоговым выводом.
ST05_02_seed_stability_grid,miniboone_hgb_vs_logreg_average_precision_v01,nested_seed_stability_v01,nested_5x2_seed_grid_v01,openml_miniboone_41150,41150,MiniBooNE,signal,False,True,True,20260517,10,2,5,5,2,,,logistic_regression,control,not_applicable_control_model,,,,numeric_particleid_0_49_locked,50,ParticleID_0; ParticleID_1; ParticleID_2; ParticleID_3; ParticleID_4; ParticleID_5; ParticleID_6; ParticleID_7; ParticleID_8; ParticleID_9; ParticleID_10; ParticleID_11; ParticleID_12; ParticleID_13; ParticleID_14; ParticleID_15; ParticleID_16; ParticleID_17; ParticleID_18; ParticleID_19; ParticleID_20; ParticleID_21; ParticleID_22; ParticleID_23; ParticleID_24; ParticleID_25; ParticleID_26; ParticleID_27; ParticleID_28; ParticleID_29; ParticleID_30; ParticleID_31; ParticleID_32; ParticleID_33; ParticleID_34; ParticleID_35; ParticleID_36; ParticleID_37; ParticleID_38; ParticleID_39; ParticleID_40; ParticleID_41; ParticleID_42; ParticleID_43; ParticleID_44; ParticleID_45; ParticleID_46; ParticleID_47; ParticleID_48; ParticleID_49,104052,26012,0.2806289163110752,0.28060126095648164,0.9390044397388442,0.8637988292699652,0.8637988292699652,0.7795611839198939,0.8362269385263679,0.2874530827819876,0.08563901915493155,1.521915,0.030246,stage05_seed_stability_draft,Разрешен только аудит устойчивости к зернам случайности; строка не является самостоятельным итоговым выводом.
ST05_02_seed_stability_grid,miniboone_hgb_vs_logreg_average_precision_v01,nested_seed_stability_v01,nested_5x2_seed_grid_v01,openml_miniboone_41150,41150,MiniBooNE,signal,False,True,True,20260527,1,1,1,5,2,3,20260527,hist_gradient_boosting,tuned_candidate,hgb_b5168b128e78,"{""l2_regularization"": 0.0, ""learning_rate"": 0.1, ""max_iter"": 150, ""max_leaf_nodes"": 63}",0.95745749126288,16,numeric_particleid_0_49_locked,50,ParticleID_0; ParticleID_1; ParticleID_2; ParticleID_3; ParticleID_4; ParticleID_5; ParticleID_6; ParticleID_7; ParticleID_8; ParticleID_9; ParticleID_10; ParticleID_11; ParticleID_12; ParticleID_13; ParticleID_14; ParticleID_15; ParticleID_16; ParticleID_17; ParticleID_18; ParticleID_19; ParticleID_20; ParticleID_21; ParticleID_22; ParticleID_23; ParticleID_24; ParticleID_25; ParticleID_26; ParticleID_27; ParticleID_28; ParticleID_29; ParticleID_30; ParticleID_31; ParticleID_32; ParticleID_33; ParticleID_34; ParticleID_35; ParticleID_36; ParticleID_37; ParticleID_38; ParticleID_39; ParticleID_40; ParticleID_41; ParticleID_42; ParticleID_43; ParticleID_44; ParticleID_45; ParticleID_46; ParticleID_47; ParticleID_48; ParticleID_49,104051,26013,0.28062200267176673,0.2806289163110752,0.9849098604808467,0.9586685201257042,0.9586685201257042,0.9006991108396117,0.9331299792320773,0.14032668178509086,0.04139021474450351,58.710827,0.118518,stage05_seed_stability_draft,Разрешен только аудит устойчивости к зернам случайности; строка не является самостоятельным итоговым выводом.
ST05_02_seed_stability_grid,miniboone_hgb_vs_logreg_average_precision_v01,nested_seed_stability_v01,nested_5x2_seed_grid_v01,openml_miniboone_41150,41150,MiniBooNE,signal,False,True,True,20260527,1,1,1,5,2,,,dummy_prior,control,not_applicable_control_model,,,,numeric_particleid_0_49_locked,50,ParticleID_0; ParticleID_1; ParticleID_2; ParticleID_3; ParticleID_4; ParticleID_5; ParticleID_6; ParticleID_7; ParticleID_8; ParticleID_9; ParticleID_10; ParticleID_11; ParticleID_12; ParticleID_13; ParticleID_14; ParticleID_15; ParticleID_16; ParticleID_17; ParticleID_18; ParticleID_19; ParticleID_20; ParticleID_21; ParticleID_22; ParticleID_23; ParticleID_24; ParticleID_25; ParticleID_26; ParticleID_27; ParticleID_28; ParticleID_29; ParticleID_30; ParticleID_31; ParticleID_32; ParticleID_33; ParticleID_34; ParticleID_35; ParticleID_36; ParticleID_37; ParticleID_38; ParticleID_39; ParticleID_40; ParticleID_41; ParticleID_42; ParticleID_43; ParticleID_44; ParticleID_45; ParticleID_46; ParticleID_47; ParticleID_48; ParticleID_49,104051,26013,0.28062200267176673,0.2806289163110752,0.5,0.2806289163110752,0.2806289163110752,0.0,0.5,0.5935463243336803,0.20187632768894515,0.001476,0.009843,stage05_seed_stability_draft,Разрешен только аудит устойчивости к зернам случайности; строка не является самостоятельным итоговым выводом.
ST05_02_seed_stability_grid,miniboone_hgb_vs_logreg_average_precision_v01,nested_seed_stability_v01,nested_5x2_seed_grid_v01,openml_miniboone_41150,41150,MiniBooNE,signal,False,True,True,20260527,1,1,1,5,2,,,logistic_regression,control,not_applicable_control_model,,,,numeric_particleid_0_49_locked,50,ParticleID_0; ParticleID_1; ParticleID_2; ParticleID_3; ParticleID_4; ParticleID_5; ParticleID_6; ParticleID_7; ParticleID_8; ParticleID_9; ParticleID_10; ParticleID_11; ParticleID_12; ParticleID_13; ParticleID_14; ParticleID_15; ParticleID_16; ParticleID_17; ParticleID_18; ParticleID_19; ParticleID_20; ParticleID_21; ParticleID_22; ParticleID_23; ParticleID_24; ParticleID_25; ParticleID_26; ParticleID_27; ParticleID_28; ParticleID_29; ParticleID_30; ParticleID_31; ParticleID_32; ParticleID_33; ParticleID_34; ParticleID_35; ParticleID_36; ParticleID_37; ParticleID_38; ParticleID_39; ParticleID_40; ParticleID_41; ParticleID_42; ParticleID_43; ParticleID_44; ParticleID_45; ParticleID_46; ParticleID_47; ParticleID_48; ParticleID_49,104051,26013,0.28062200267176673,0.2806289163110752,0.9363506360313577,0.8625532247522705,0.8625532247522705,0.7722110888443554,0.8303568393227476,0.2900402389830407,0.08731677729809184,1.219646,0.029848,stage05_seed_stability_draft,Разрешен только аудит устойчивости к зернам случайности; строка не является самостоятельным итоговым выводом.
ST05_02_seed_stability_grid,miniboone_hgb_vs_logreg_average_precision_v01,nested_seed_stability_v01,nested_5x2_seed_grid_v01,openml_miniboone_41150,41150,MiniBooNE,signal,False,True,True,20260527,2,1,2,5,2,3,20260528,hist_gradient_boosting,tuned_candidate,hgb_b5168b128e78,"{""l2_regularization"": 0.0, ""learning_rate"": 0.1, ""max_iter"": 150, ""max_leaf_nodes"": 63}",0.9581789176606367,16,numeric_particleid_0_49_locked,50,ParticleID_0; ParticleID_1; ParticleID_2; ParticleID_3; ParticleID_4; ParticleID_5; ParticleID_6; ParticleID_7; ParticleID_8; ParticleID_9; ParticleID_10; ParticleID_11; ParticleID_12; ParticleID_13; ParticleID_14; ParticleID_15; ParticleID_16; ParticleID_17; ParticleID_18; ParticleID_19; ParticleID_20; ParticleID_21; ParticleID_22; ParticleID_23; ParticleID_24; ParticleID_25; ParticleID_26; ParticleID_27; ParticleID_28; ParticleID_29; ParticleID_30; ParticleID_31; ParticleID_32; ParticleID_33; ParticleID_34; ParticleID_35; ParticleID_36; ParticleID_37; ParticleID_38; ParticleID_39; ParticleID_40; ParticleID_41; ParticleID_42; ParticleID_43; ParticleID_44; ParticleID_45; ParticleID_46; ParticleID_47; ParticleID_48; ParticleID_49,104051,26013,0.28062200267176673,0.2806289163110752,0.98466120175777,0.9590095077454699,0.9590095077454699,0.9009961374263061,0.9337264768686921,0.14092121102684813,0.041368158801662384,58.30569,0.155647,stage05_seed_stability_draft,Разрешен только аудит устойчивости к зернам случайности; строка не является самостоятельным итоговым выводом.
ST05_02_seed_stability_grid,miniboone_hgb_vs_logreg_average_precision_v01,nested_seed_stability_v01,nested_5x2_seed_grid_v01,openml_miniboone_41150,41150,MiniBooNE,signal,False,True,True,20260527,2,1,2,5,2,,,dummy_prior,control,not_applicable_control_model,,,,numeric_particleid_0_49_locked,50,ParticleID_0; ParticleID_1; ParticleID_2; ParticleID_3; ParticleID_4; ParticleID_5; ParticleID_6; ParticleID_7; ParticleID_8; ParticleID_9; ParticleID_10; ParticleID_11; ParticleID_12; ParticleID_13; ParticleID_14; ParticleID_15; ParticleID_16; ParticleID_17; ParticleID_18; ParticleID_19; ParticleID_20; ParticleID_21; ParticleID_22; ParticleID_23; ParticleID_24; ParticleID_25; ParticleID_26; ParticleID_27; ParticleID_28; ParticleID_29; ParticleID_30; ParticleID_31; ParticleID_32; ParticleID_33; ParticleID_34; ParticleID_35; ParticleID_36; ParticleID_37; ParticleID_38; ParticleID_39; ParticleID_40; ParticleID_41; ParticleID_42; ParticleID_43; ParticleID_44; ParticleID_45; ParticleID_46; ParticleID_47; ParticleID_48; ParticleID_49,104051,26013,0.28062200267176673,0.2806289163110752,0.5,0.2806289163110752,0.2806289163110752,0.0,0.5,0.5935463243336803,0.20187632768894515,0.001563,0.010201,stage05_seed_stability_draft,Разрешен только аудит устойчивости к зернам случайности; строка не является самостоятельным итоговым выводом.
ST05_02_seed_stability_grid,miniboone_hgb_vs_logreg_average_precision_v01,nested_seed_stability_v01,nested_5x2_seed_grid_v01,openml_miniboone_41150,41150,MiniBooNE,signal,False,True,True,20260527,2,1,2,5,2,,,logistic_regression,control,not_applicable_control_model,,,,numeric_particleid_0_49_locked,50,ParticleID_0; ParticleID_1; ParticleID_2; ParticleID_3; ParticleID_4; ParticleID_5; ParticleID_6; ParticleID_7; ParticleID_8; ParticleID_9; ParticleID_10; ParticleID_11; ParticleID_12; ParticleID_13; ParticleID_14; ParticleID_15; ParticleID_16; ParticleID_17; ParticleID_18; ParticleID_19; ParticleID_20; ParticleID_21; ParticleID_22; ParticleID_23; ParticleID_24; ParticleID_25; ParticleID_26; ParticleID_27; ParticleID_28; ParticleID_29; ParticleID_30; ParticleID_31; ParticleID_32; ParticleID_33; ParticleID_34; ParticleID_35; ParticleID_36; ParticleID_37; ParticleID_38; ParticleID_39; ParticleID_40; ParticleID_41; ParticleID_42; ParticleID_43; ParticleID_44; ParticleID_45; ParticleID_46; ParticleID_47; ParticleID_48; ParticleID_49,104051,26013,0.28062200267176673,0.2806289163110752,0.937664329756839,0.8654282667353643,0.8654282667353643,0.7746790615316512,0.8327627705887564,0.2874245600546172,0.08613139517444257,1.307414,0.030344,stage05_seed_stability_draft,Разрешен только аудит устойчивости к зернам случайности; строка не является самостоятельным итоговым выводом.
ST05_02_seed_stability_grid,miniboone_hgb_vs_logreg_average_precision_v01,nested_seed_stability_v01,nested_5x2_seed_grid_v01,openml_miniboone_41150,41150,MiniBooNE,signal,False,True,True,20260527,3,1,3,5,2,3,20260529,hist_gradient_boosting,tuned_candidate,hgb_8316cb7622a5,"{""l2_regularization"": 0.01, ""learning_rate"": 0.1, ""max_iter"": 150, ""max_leaf_nodes"": 63}",0.9575758896035929,16,numeric_particleid_0_49_locked,50,ParticleID_0; ParticleID_1; ParticleID_2; ParticleID_3; ParticleID_4; ParticleID_5; ParticleID_6; ParticleID_7; ParticleID_8; ParticleID_9; ParticleID_10; ParticleID_11; ParticleID_12; ParticleID_13; ParticleID_14; ParticleID_15; ParticleID_16; ParticleID_17; ParticleID_18; ParticleID_19; ParticleID_20; ParticleID_21; ParticleID_22; ParticleID_23; ParticleID_24; ParticleID_25; ParticleID_26; ParticleID_27; ParticleID_28; ParticleID_29; ParticleID_30; ParticleID_31; ParticleID_32; ParticleID_33; ParticleID_34; ParticleID_35; ParticleID_36; ParticleID_37; ParticleID_38; ParticleID_39; ParticleID_40; ParticleID_41; ParticleID_42; ParticleID_43; ParticleID_44; ParticleID_45; ParticleID_46; ParticleID_47; ParticleID_48; ParticleID_49,104051,26013,0.28062200267176673,0.2806289163110752,0.9855911317968828,0.9607777026574006,0.9607777026574006,0.9024024024024024,0.9330091490129564,0.13742288433164238,0.04071920270562589,67.911256,0.129249,stage05_seed_stability_draft,Разрешен только аудит устойчивости к зернам случайности; строка не является самостоятельным итоговым выводом.
ST05_02_seed_stability_grid,miniboone_hgb_vs_logreg_average_precision_v01,nested_seed_stability_v01,nested_5x2_seed_grid_v01,openml_miniboone_41150,41150,MiniBooNE,signal,False,True,True,20260527,3,1,3,5,2,,,dummy_prior,control,not_applicable_control_model,,,,numeric_particleid_0_49_locked,50,ParticleID_0; ParticleID_1; ParticleID_2; ParticleID_3; ParticleID_4; ParticleID_5; ParticleID_6; ParticleID_7; ParticleID_8; ParticleID_9; ParticleID_10; ParticleID_11; ParticleID_12; ParticleID_13; ParticleID_14; ParticleID_15; ParticleID_16; ParticleID_17; ParticleID_18; ParticleID_19; ParticleID_20; ParticleID_21; ParticleID_22; ParticleID_23; ParticleID_24; ParticleID_25; ParticleID_26; ParticleID_27; ParticleID_28; ParticleID_29; ParticleID_30; ParticleID_31; ParticleID_32; ParticleID_33; ParticleID_34; ParticleID_35; ParticleID_36; ParticleID_37; ParticleID_38; ParticleID_39; ParticleID_40; ParticleID_41; ParticleID_42; ParticleID_43; ParticleID_44; ParticleID_45; ParticleID_46; ParticleID_47; ParticleID_48; ParticleID_49,104051,26013,0.28062200267176673,0.2806289163110752,0.5,0.2806289163110752,0.2806289163110752,0.0,0.5,0.5935463243336803,0.20187632768894515,0.002118,0.00982,stage05_seed_stability_draft,Разрешен только аудит устойчивости к зернам случайности; строка не является самостоятельным итоговым выводом.
ST05_02_seed_stability_grid,miniboone_hgb_vs_logreg_average_precision_v01,nested_seed_stability_v01,nested_5x2_seed_grid_v01,openml_miniboone_41150,41150,MiniBooNE,signal,False,True,True,20260527,3,1,3,5,2,,,logistic_regression,control,not_applicable_control_model,,,,numeric_particleid_0_49_locked,50,ParticleID_0; ParticleID_1; ParticleID_2; ParticleID_3; ParticleID_4; ParticleID_5; ParticleID_6; ParticleID_7; ParticleID_8; ParticleID_9; ParticleID_10; ParticleID_11; ParticleID_12; ParticleID_13; ParticleID_14; ParticleID_15; ParticleID_16; ParticleID_17; ParticleID_18; ParticleID_19; ParticleID_20; ParticleID_21; ParticleID_22; ParticleID_23; ParticleID_24; ParticleID_25; ParticleID_26; ParticleID_27; ParticleID_28; ParticleID_29; ParticleID_30; ParticleID_31; ParticleID_32; ParticleID_33; ParticleID_34; ParticleID_35; ParticleID_36; ParticleID_37; ParticleID_38; ParticleID_39; ParticleID_40; ParticleID_41; ParticleID_42; ParticleID_43; ParticleID_44; ParticleID_45; ParticleID_46; ParticleID_47; ParticleID_48; ParticleID_49,104051,26013,0.28062200267176673,0.2806289163110752,0.9411947668055831,0.8712941172149256,0.8712941172149256,0.7777943146301532,0.8335771191223741,0.28206225033201887,0.08462941103773468,1.58929,0.027798,stage05_seed_stability_draft,Разрешен только аудит устойчивости к зернам случайности; строка не является самостоятельным итоговым выводом.
ST05_02_seed_stability_grid,miniboone_hgb_vs_logreg_average_precision_v01,nested_seed_stability_v01,nested_5x2_seed_grid_v01,openml_miniboone_41150,41150,MiniBooNE,signal,False,True,True,20260527,4,1,4,5,2,3,20260530,hist_gradient_boosting,tuned_candidate,hgb_8316cb7622a5,"{""l2_regularization"": 0.01, ""learning_rate"": 0.1, ""max_iter"": 150, ""max_leaf_nodes"": 63}",0.9574981666795558,16,numeric_particleid_0_49_locked,50,ParticleID_0; ParticleID_1; ParticleID_2; ParticleID_3; ParticleID_4; ParticleID_5; ParticleID_6; ParticleID_7; ParticleID_8; ParticleID_9; ParticleID_10; ParticleID_11; ParticleID_12; ParticleID_13; ParticleID_14; ParticleID_15; ParticleID_16; ParticleID_17; ParticleID_18; ParticleID_19; ParticleID_20; ParticleID_21; ParticleID_22; ParticleID_23; ParticleID_24; ParticleID_25; ParticleID_26; ParticleID_27; ParticleID_28; ParticleID_29; ParticleID_30; ParticleID_31; ParticleID_32; ParticleID_33; ParticleID_34; ParticleID_35; ParticleID_36; ParticleID_37; ParticleID_38; ParticleID_39; ParticleID_40; ParticleID_41; ParticleID_42; ParticleID_43; ParticleID_44; ParticleID_45; ParticleID_46; ParticleID_47; ParticleID_48; ParticleID_49,104051,26013,0.28062200267176673,0.2806289163110752,0.9853487978835314,0.9599948260889111,0.9599948260889111,0.9014486839420527,0.9331698606711765,0.13871506505322762,0.0410151139103882,56.929636,0.129199,stage05_seed_stability_draft,Разрешен только аудит устойчивости к зернам случайности; строка не является самостоятельным итоговым выводом.
ST05_02_seed_stability_grid,miniboone_hgb_vs_logreg_average_precision_v01,nested_seed_stability_v01,nested_5x2_seed_grid_v01,openml_miniboone_41150,41150,MiniBooNE,signal,False,True,True,20260527,4,1,4,5,2,,,dummy_prior,control,not_applicable_control_model,,,,numeric_particleid_0_49_locked,50,ParticleID_0; ParticleID_1; ParticleID_2; ParticleID_3; ParticleID_4; ParticleID_5; ParticleID_6; ParticleID_7; ParticleID_8; ParticleID_9; ParticleID_10; ParticleID_11; ParticleID_12; ParticleID_13; ParticleID_14; ParticleID_15; ParticleID_16; ParticleID_17; ParticleID_18; ParticleID_19; ParticleID_20; ParticleID_21; ParticleID_22; ParticleID_23; ParticleID_24; ParticleID_25; ParticleID_26; ParticleID_27; ParticleID_28; ParticleID_29; ParticleID_30; ParticleID_31; ParticleID_32; ParticleID_33; ParticleID_34; ParticleID_35; ParticleID_36; ParticleID_37; ParticleID_38; ParticleID_39; ParticleID_40; ParticleID_41; ParticleID_42; ParticleID_43; ParticleID_44; ParticleID_45; ParticleID_46; ParticleID_47; ParticleID_48; ParticleID_49,104051,26013,0.28062200267176673,0.2806289163110752,0.5,0.2806289163110752,0.2806289163110752,0.0,0.5,0.5935463243336803,0.20187632768894515,0.001488,0.009866,stage05_seed_stability_draft,Разрешен только аудит устойчивости к зернам случайности; строка не является самостоятельным итоговым выводом.
ST05_02_seed_stability_grid,miniboone_hgb_vs_logreg_average_precision_v01,nested_seed_stability_v01,nested_5x2_seed_grid_v01,openml_miniboone_41150,41150,MiniBooNE,signal,False,True,True,20260527,4,1,4,5,2,,,logistic_regression,control,not_applicable_control_model,,,,numeric_particleid_0_49_locked,50,ParticleID_0; ParticleID_1; ParticleID_2; ParticleID_3; ParticleID_4; ParticleID_5; ParticleID_6; ParticleID_7; ParticleID_8; ParticleID_9; ParticleID_10; ParticleID_11; ParticleID_12; ParticleID_13; ParticleID_14; ParticleID_15; ParticleID_16; ParticleID_17; ParticleID_18; ParticleID_19; ParticleID_20; ParticleID_21; ParticleID_22; ParticleID_23; ParticleID_24; ParticleID_25; ParticleID_26; ParticleID_27; ParticleID_28; ParticleID_29; ParticleID_30; ParticleID_31; ParticleID_32; ParticleID_33; ParticleID_34; ParticleID_35; ParticleID_36; ParticleID_37; ParticleID_38; ParticleID_39; ParticleID_40; ParticleID_41; ParticleID_42; ParticleID_43; ParticleID_44; ParticleID_45; ParticleID_46; ParticleID_47; ParticleID_48; ParticleID_49,104051,26013,0.28062200267176673,0.2806289163110752,0.9408136457769817,0.8710490581252844,0.8710490581252844,0.7828316120999048,0.8390675297884629,0.28225538623389923,0.0840409311215142,1.315018,0.027254,stage05_seed_stability_draft,Разрешен только аудит устойчивости к зернам случайности; строка не является самостоятельным итоговым выводом.
ST05_02_seed_stability_grid,miniboone_hgb_vs_logreg_average_precision_v01,nested_seed_stability_v01,nested_5x2_seed_grid_v01,openml_miniboone_41150,41150,MiniBooNE,signal,False,True,True,20260527,5,1,5,5,2,3,20260531,hist_gradient_boosting,tuned_candidate,hgb_b5168b128e78,"{""l2_regularization"": 0.0, ""learning_rate"": 0.1, ""max_iter"": 150, ""max_leaf_nodes"": 63}",0.9587651814293872,16,numeric_particleid_0_49_locked,50,ParticleID_0; ParticleID_1; ParticleID_2; ParticleID_3; ParticleID_4; ParticleID_5; ParticleID_6; ParticleID_7; ParticleID_8; ParticleID_9; ParticleID_10; ParticleID_11; ParticleID_12; ParticleID_13; ParticleID_14; ParticleID_15; ParticleID_16; ParticleID_17; ParticleID_18; ParticleID_19; ParticleID_20; ParticleID_21; ParticleID_22; ParticleID_23; ParticleID_24; ParticleID_25; ParticleID_26; ParticleID_27; ParticleID_28; ParticleID_29; ParticleID_30; ParticleID_31; ParticleID_32; ParticleID_33; ParticleID_34; ParticleID_35; ParticleID_36; ParticleID_37; ParticleID_38; ParticleID_39; ParticleID_40; ParticleID_41; ParticleID_42; ParticleID_43; ParticleID_44; ParticleID_45; ParticleID_46; ParticleID_47; ParticleID_48; ParticleID_49,104052,26012,0.2806289163110752,0.28060126095648164,0.9845379679571845,0.9572907009611265,0.9572907009611265,0.90210976188861,0.9342848739162768,0.14117110726883594,0.0412158757909397,55.926073,0.127883,stage05_seed_stability_draft,Разрешен только аудит устойчивости к зернам случайности; строка не является самостоятельным итоговым выводом.
ST05_02_seed_stability_grid,miniboone_hgb_vs_logreg_average_precision_v01,nested_seed_stability_v01,nested_5x2_seed_grid_v01,openml_miniboone_41150,41150,MiniBooNE,signal,False,True,True,20260527,5,1,5,5,2,,,dummy_prior,control,not_applicable_control_model,,,,numeric_particleid_0_49_locked,50,ParticleID_0; ParticleID_1; ParticleID_2; ParticleID_3; ParticleID_4; ParticleID_5; ParticleID_6; ParticleID_7; ParticleID_8; ParticleID_9; ParticleID_10; ParticleID_11; ParticleID_12; ParticleID_13; ParticleID_14; ParticleID_15; ParticleID_16; ParticleID_17; ParticleID_18; ParticleID_19; ParticleID_20; ParticleID_21; ParticleID_22; ParticleID_23; ParticleID_24; ParticleID_25; ParticleID_26; ParticleID_27; ParticleID_28; ParticleID_29; ParticleID_30; ParticleID_31; ParticleID_32; ParticleID_33; ParticleID_34; ParticleID_35; ParticleID_36; ParticleID_37; ParticleID_38; ParticleID_39; ParticleID_40; ParticleID_41; ParticleID_42; ParticleID_43; ParticleID_44; ParticleID_45; ParticleID_46; ParticleID_47; ParticleID_48; ParticleID_49,104052,26012,0.2806289163110752,0.28060126095648164,0.5,0.28060126095648164,0.28060126095648164,0.0,0.5,0.5935202910098233,0.2018641940709328,0.001498,0.009904,stage05_seed_stability_draft,Разрешен только аудит устойчивости к зернам случайности; строка не является самостоятельным итоговым выводом.
ST05_02_seed_stability_grid,miniboone_hgb_vs_logreg_average_precision_v01,nested_seed_stability_v01,nested_5x2_seed_grid_v01,openml_miniboone_41150,41150,MiniBooNE,signal,False,True,True,20260527,5,1,5,5,2,,,logistic_regression,control,not_applicable_control_model,,,,numeric_particleid_0_49_locked,50,ParticleID_0; ParticleID_1; ParticleID_2; ParticleID_3; ParticleID_4; ParticleID_5; ParticleID_6; ParticleID_7; ParticleID_8; ParticleID_9; ParticleID_10; ParticleID_11; ParticleID_12; ParticleID_13; ParticleID_14; ParticleID_15; ParticleID_16; ParticleID_17; ParticleID_18; ParticleID_19; ParticleID_20; ParticleID_21; ParticleID_22; ParticleID_23; ParticleID_24; ParticleID_25; ParticleID_26; ParticleID_27; ParticleID_28; ParticleID_29; ParticleID_30; ParticleID_31; ParticleID_32; ParticleID_33; ParticleID_34; ParticleID_35; ParticleID_36; ParticleID_37; ParticleID_38; ParticleID_39; ParticleID_40; ParticleID_41; ParticleID_42; ParticleID_43; ParticleID_44; ParticleID_45; ParticleID_46; ParticleID_47; ParticleID_48; ParticleID_49,104052,26012,0.2806289163110752,0.28060126095648164,0.9400812836220399,0.8660620098978368,0.8660620098978368,0.7770728828562998,0.8343506506994005,0.2856364024111201,0.0856972487675451,1.395071,0.032228,stage05_seed_stability_draft,Разрешен только аудит устойчивости к зернам случайности; строка не является самостоятельным итоговым выводом.
ST05_02_seed_stability_grid,miniboone_hgb_vs_logreg_average_precision_v01,nested_seed_stability_v01,nested_5x2_seed_grid_v01,openml_miniboone_41150,41150,MiniBooNE,signal,False,True,True,20260527,6,2,1,5,2,3,20260532,hist_gradient_boosting,tuned_candidate,hgb_8316cb7622a5,"{""l2_regularization"": 0.01, ""learning_rate"": 0.1, ""max_iter"": 150, ""max_leaf_nodes"": 63}",0.9588382083800281,16,numeric_particleid_0_49_locked,50,ParticleID_0; ParticleID_1; ParticleID_2; ParticleID_3; ParticleID_4; ParticleID_5; ParticleID_6; ParticleID_7; ParticleID_8; ParticleID_9; ParticleID_10; ParticleID_11; ParticleID_12; ParticleID_13; ParticleID_14; ParticleID_15; ParticleID_16; ParticleID_17; ParticleID_18; ParticleID_19; ParticleID_20; ParticleID_21; ParticleID_22; ParticleID_23; ParticleID_24; ParticleID_25; ParticleID_26; ParticleID_27; ParticleID_28; ParticleID_29; ParticleID_30; ParticleID_31; ParticleID_32; ParticleID_33; ParticleID_34; ParticleID_35; ParticleID_36; ParticleID_37; ParticleID_38; ParticleID_39; ParticleID_40; ParticleID_41; ParticleID_42; ParticleID_43; ParticleID_44; ParticleID_45; ParticleID_46; ParticleID_47; ParticleID_48; ParticleID_49,104051,26013,0.28062200267176673,0.2806289163110752,0.9846962078227064,0.9577045855204943,0.9577045855204943,0.8993188010899182,0.9313088805745622,0.1410017099299137,0.04157956094559217,56.464987,0.142432,stage05_seed_stability_draft,Разрешен только аудит устойчивости к зернам случайности; строка не является самостоятельным итоговым выводом.
ST05_02_seed_stability_grid,miniboone_hgb_vs_logreg_average_precision_v01,nested_seed_stability_v01,nested_5x2_seed_grid_v01,openml_miniboone_41150,41150,MiniBooNE,signal,False,True,True,20260527,6,2,1,5,2,,,dummy_prior,control,not_applicable_control_model,,,,numeric_particleid_0_49_locked,50,ParticleID_0; ParticleID_1; ParticleID_2; ParticleID_3; ParticleID_4; ParticleID_5; ParticleID_6; ParticleID_7; ParticleID_8; ParticleID_9; ParticleID_10; ParticleID_11; ParticleID_12; ParticleID_13; ParticleID_14; ParticleID_15; ParticleID_16; ParticleID_17; ParticleID_18; ParticleID_19; ParticleID_20; ParticleID_21; ParticleID_22; ParticleID_23; ParticleID_24; ParticleID_25; ParticleID_26; ParticleID_27; ParticleID_28; ParticleID_29; ParticleID_30; ParticleID_31; ParticleID_32; ParticleID_33; ParticleID_34; ParticleID_35; ParticleID_36; ParticleID_37; ParticleID_38; ParticleID_39; ParticleID_40; ParticleID_41; ParticleID_42; ParticleID_43; ParticleID_44; ParticleID_45; ParticleID_46; ParticleID_47; ParticleID_48; ParticleID_49,104051,26013,0.28062200267176673,0.2806289163110752,0.5,0.2806289163110752,0.2806289163110752,0.0,0.5,0.5935463243336803,0.20187632768894515,0.001513,0.010235,stage05_seed_stability_draft,Разрешен только аудит устойчивости к зернам случайности; строка не является самостоятельным итоговым выводом.
ST05_02_seed_stability_grid,miniboone_hgb_vs_logreg_average_precision_v01,nested_seed_stability_v01,nested_5x2_seed_grid_v01,openml_miniboone_41150,41150,MiniBooNE,signal,False,True,True,20260527,6,2,1,5,2,,,logistic_regression,control,not_applicable_control_model,,,,numeric_particleid_0_49_locked,50,ParticleID_0; ParticleID_1; ParticleID_2; ParticleID_3; ParticleID_4; ParticleID_5; ParticleID_6; ParticleID_7; ParticleID_8; ParticleID_9; ParticleID_10; ParticleID_11; ParticleID_12; ParticleID_13; ParticleID_14; ParticleID_15; ParticleID_16; ParticleID_17; ParticleID_18; ParticleID_19; ParticleID_20; ParticleID_21; ParticleID_22; ParticleID_23; ParticleID_24; ParticleID_25; ParticleID_26; ParticleID_27; ParticleID_28; ParticleID_29; ParticleID_30; ParticleID_31; ParticleID_32; ParticleID_33; ParticleID_34; ParticleID_35; ParticleID_36; ParticleID_37; ParticleID_38; ParticleID_39; ParticleID_40; ParticleID_41; ParticleID_42; ParticleID_43; ParticleID_44; ParticleID_45; ParticleID_46; ParticleID_47; ParticleID_48; ParticleID_49,104051,26013,0.28062200267176673,0.2806289163110752,0.9386962400323853,0.8673714639379331,0.8673714639379331,0.7767949284977149,0.8342511762023178,0.28554394602786476,0.08552301399190931,1.199351,0.039001,stage05_seed_stability_draft,Разрешен только аудит устойчивости к зернам случайности; строка не является самостоятельным итоговым выводом.
ST05_02_seed_stability_grid,miniboone_hgb_vs_logreg_average_precision_v01,nested_seed_stability_v01,nested_5x2_seed_grid_v01,openml_miniboone_41150,41150,MiniBooNE,signal,False,True,True,20260527,7,2,2,5,2,3,20260533,hist_gradient_boosting,tuned_candidate,hgb_8316cb7622a5,"{""l2_regularization"": 0.01, ""learning_rate"": 0.1, ""max_iter"": 150, ""max_leaf_nodes"": 63}",0.9586872237330887,16,numeric_particleid_0_49_locked,50,ParticleID_0; ParticleID_1; ParticleID_2; ParticleID_3; ParticleID_4; ParticleID_5; ParticleID_6; ParticleID_7; ParticleID_8; ParticleID_9; ParticleID_10; ParticleID_11; ParticleID_12; ParticleID_13; ParticleID_14; ParticleID_15; ParticleID_16; ParticleID_17; ParticleID_18; ParticleID_19; ParticleID_20; ParticleID_21; ParticleID_22; ParticleID_23; ParticleID_24; ParticleID_25; ParticleID_26; ParticleID_27; ParticleID_28; ParticleID_29; ParticleID_30; ParticleID_31; ParticleID_32; ParticleID_33; ParticleID_34; ParticleID_35; ParticleID_36; ParticleID_37; ParticleID_38; ParticleID_39; ParticleID_40; ParticleID_41; ParticleID_42; ParticleID_43; ParticleID_44; ParticleID_45; ParticleID_46; ParticleID_47; ParticleID_48; ParticleID_49,104051,26013,0.28062200267176673,0.2806289163110752,0.9846924524669319,0.9573248543041303,0.9573248543041303,0.9005895507216914,0.933440839237831,0.1411219623438793,0.04159977075642585,56.671652,0.118119,stage05_seed_stability_draft,Разрешен только аудит устойчивости к зернам случайности; строка не является самостоятельным итоговым выводом.
ST05_02_seed_stability_grid,miniboone_hgb_vs_logreg_average_precision_v01,nested_seed_stability_v01,nested_5x2_seed_grid_v01,openml_miniboone_41150,41150,MiniBooNE,signal,False,True,True,20260527,7,2,2,5,2,,,dummy_prior,control,not_applicable_control_model,,,,numeric_particleid_0_49_locked,50,ParticleID_0; ParticleID_1; ParticleID_2; ParticleID_3; ParticleID_4; ParticleID_5; ParticleID_6; ParticleID_7; ParticleID_8; ParticleID_9; ParticleID_10; ParticleID_11; ParticleID_12; ParticleID_13; ParticleID_14; ParticleID_15; ParticleID_16; ParticleID_17; ParticleID_18; ParticleID_19; ParticleID_20; ParticleID_21; ParticleID_22; ParticleID_23; ParticleID_24; ParticleID_25; ParticleID_26; ParticleID_27; ParticleID_28; ParticleID_29; ParticleID_30; ParticleID_31; ParticleID_32; ParticleID_33; ParticleID_34; ParticleID_35; ParticleID_36; ParticleID_37; ParticleID_38; ParticleID_39; ParticleID_40; ParticleID_41; ParticleID_42; ParticleID_43; ParticleID_44; ParticleID_45; ParticleID_46; ParticleID_47; ParticleID_48; ParticleID_49,104051,26013,0.28062200267176673,0.2806289163110752,0.5,0.2806289163110752,0.2806289163110752,0.0,0.5,0.5935463243336803,0.20187632768894515,0.001494,0.010282,stage05_seed_stability_draft,Разрешен только аудит устойчивости к зернам случайности; строка не является самостоятельным итоговым выводом.
ST05_02_seed_stability_grid,miniboone_hgb_vs_logreg_average_precision_v01,nested_seed_stability_v01,nested_5x2_seed_grid_v01,openml_miniboone_41150,41150,MiniBooNE,signal,False,True,True,20260527,7,2,2,5,2,,,logistic_regression,control,not_applicable_control_model,,,,numeric_particleid_0_49_locked,50,ParticleID_0; ParticleID_1; ParticleID_2; ParticleID_3; ParticleID_4; ParticleID_5; ParticleID_6; ParticleID_7; ParticleID_8; ParticleID_9; ParticleID_10; ParticleID_11; ParticleID_12; ParticleID_13; ParticleID_14; ParticleID_15; ParticleID_16; ParticleID_17; ParticleID_18; ParticleID_19; ParticleID_20; ParticleID_21; ParticleID_22; ParticleID_23; ParticleID_24; ParticleID_25; ParticleID_26; ParticleID_27; ParticleID_28; ParticleID_29; ParticleID_30; ParticleID_31; ParticleID_32; ParticleID_33; ParticleID_34; ParticleID_35; ParticleID_36; ParticleID_37; ParticleID_38; ParticleID_39; ParticleID_40; ParticleID_41; ParticleID_42; ParticleID_43; ParticleID_44; ParticleID_45; ParticleID_46; ParticleID_47; ParticleID_48; ParticleID_49,104051,26013,0.28062200267176673,0.2806289163110752,0.9393650740200389,0.8679570904298952,0.8679570904298952,0.7771951849937228,0.8342526732203603,0.28492877497002334,0.08553644285911374,1.432083,0.029558,stage05_seed_stability_draft,Разрешен только аудит устойчивости к зернам случайности; строка не является самостоятельным итоговым выводом.
ST05_02_seed_stability_grid,miniboone_hgb_vs_logreg_average_precision_v01,nested_seed_stability_v01,nested_5x2_seed_grid_v01,openml_miniboone_41150,41150,MiniBooNE,signal,False,True,True,20260527,8,2,3,5,2,3,20260534,hist_gradient_boosting,tuned_candidate,hgb_b5168b128e78,"{""l2_regularization"": 0.0, ""learning_rate"": 0.1, ""max_iter"": 150, ""max_leaf_nodes"": 63}",0.9582624775208094,16,numeric_particleid_0_49_locked,50,ParticleID_0; ParticleID_1; ParticleID_2; ParticleID_3; ParticleID_4; ParticleID_5; ParticleID_6; ParticleID_7; ParticleID_8; ParticleID_9; ParticleID_10; ParticleID_11; ParticleID_12; ParticleID_13; ParticleID_14; ParticleID_15; ParticleID_16; ParticleID_17; ParticleID_18; ParticleID_19; ParticleID_20; ParticleID_21; ParticleID_22; ParticleID_23; ParticleID_24; ParticleID_25; ParticleID_26; ParticleID_27; ParticleID_28; ParticleID_29; ParticleID_30; ParticleID_31; ParticleID_32; ParticleID_33; ParticleID_34; ParticleID_35; ParticleID_36; ParticleID_37; ParticleID_38; ParticleID_39; ParticleID_40; ParticleID_41; ParticleID_42; ParticleID_43; ParticleID_44; ParticleID_45; ParticleID_46; ParticleID_47; ParticleID_48; ParticleID_49,104051,26013,0.28062200267176673,0.2806289163110752,0.9849464221268783,0.9599236511622249,0.9599236511622249,0.9004205670872337,0.9330799297828994,0.14069202731422234,0.041760585913430875,57.686702,0.119351,stage05_seed_stability_draft,Разрешен только аудит устойчивости к зернам случайности; строка не является самостоятельным итоговым выводом.
ST05_02_seed_stability_grid,miniboone_hgb_vs_logreg_average_precision_v01,nested_seed_stability_v01,nested_5x2_seed_grid_v01,openml_miniboone_41150,41150,MiniBooNE,signal,False,True,True,20260527,8,2,3,5,2,,,dummy_prior,control,not_applicable_control_model,,,,numeric_particleid_0_49_locked,50,ParticleID_0; ParticleID_1; ParticleID_2; ParticleID_3; ParticleID_4; ParticleID_5; ParticleID_6; ParticleID_7; ParticleID_8; ParticleID_9; ParticleID_10; ParticleID_11; ParticleID_12; ParticleID_13; ParticleID_14; ParticleID_15; ParticleID_16; ParticleID_17; ParticleID_18; ParticleID_19; ParticleID_20; ParticleID_21; ParticleID_22; ParticleID_23; ParticleID_24; ParticleID_25; ParticleID_26; ParticleID_27; ParticleID_28; ParticleID_29; ParticleID_30; ParticleID_31; ParticleID_32; ParticleID_33; ParticleID_34; ParticleID_35; ParticleID_36; ParticleID_37; ParticleID_38; ParticleID_39; ParticleID_40; ParticleID_41; ParticleID_42; ParticleID_43; ParticleID_44; ParticleID_45; ParticleID_46; ParticleID_47; ParticleID_48; ParticleID_49,104051,26013,0.28062200267176673,0.2806289163110752,0.5,0.2806289163110752,0.2806289163110752,0.0,0.5,0.5935463243336803,0.20187632768894515,0.001518,0.01019,stage05_seed_stability_draft,Разрешен только аудит устойчивости к зернам случайности; строка не является самостоятельным итоговым выводом.
ST05_02_seed_stability_grid,miniboone_hgb_vs_logreg_average_precision_v01,nested_seed_stability_v01,nested_5x2_seed_grid_v01,openml_miniboone_41150,41150,MiniBooNE,signal,False,True,True,20260527,8,2,3,5,2,,,logistic_regression,control,not_applicable_control_model,,,,numeric_particleid_0_49_locked,50,ParticleID_0; ParticleID_1; ParticleID_2; ParticleID_3; ParticleID_4; ParticleID_5; ParticleID_6; ParticleID_7; ParticleID_8; ParticleID_9; ParticleID_10; ParticleID_11; ParticleID_12; ParticleID_13; ParticleID_14; ParticleID_15; ParticleID_16; ParticleID_17; ParticleID_18; ParticleID_19; ParticleID_20; ParticleID_21; ParticleID_22; ParticleID_23; ParticleID_24; ParticleID_25; ParticleID_26; ParticleID_27; ParticleID_28; ParticleID_29; ParticleID_30; ParticleID_31; ParticleID_32; ParticleID_33; ParticleID_34; ParticleID_35; ParticleID_36; ParticleID_37; ParticleID_38; ParticleID_39; ParticleID_40; ParticleID_41; ParticleID_42; ParticleID_43; ParticleID_44; ParticleID_45; ParticleID_46; ParticleID_47; ParticleID_48; ParticleID_49,104051,26013,0.28062200267176673,0.2806289163110752,0.9394304926104408,0.8668901428080124,0.8668901428080124,0.7756400769572296,0.8329746334135891,0.2859647266785124,0.0855773515242252,1.540193,0.028053,stage05_seed_stability_draft,Разрешен только аудит устойчивости к зернам случайности; строка не является самостоятельным итоговым выводом.
ST05_02_seed_stability_grid,miniboone_hgb_vs_logreg_average_precision_v01,nested_seed_stability_v01,nested_5x2_seed_grid_v01,openml_miniboone_41150,41150,MiniBooNE,signal,False,True,True,20260527,9,2,4,5,2,3,20260535,hist_gradient_boosting,tuned_candidate,hgb_8316cb7622a5,"{""l2_regularization"": 0.01, ""learning_rate"": 0.1, ""max_iter"": 150, ""max_leaf_nodes"": 63}",0.9577008385806077,16,numeric_particleid_0_49_locked,50,ParticleID_0; ParticleID_1; ParticleID_2; ParticleID_3; ParticleID_4; ParticleID_5; ParticleID_6; ParticleID_7; ParticleID_8; ParticleID_9; ParticleID_10; ParticleID_11; ParticleID_12; ParticleID_13; ParticleID_14; ParticleID_15; ParticleID_16; ParticleID_17; ParticleID_18; ParticleID_19; ParticleID_20; ParticleID_21; ParticleID_22; ParticleID_23; ParticleID_24; ParticleID_25; ParticleID_26; ParticleID_27; ParticleID_28; ParticleID_29; ParticleID_30; ParticleID_31; ParticleID_32; ParticleID_33; ParticleID_34; ParticleID_35; ParticleID_36; ParticleID_37; ParticleID_38; ParticleID_39; ParticleID_40; ParticleID_41; ParticleID_42; ParticleID_43; ParticleID_44; ParticleID_45; ParticleID_46; ParticleID_47; ParticleID_48; ParticleID_49,104051,26013,0.28062200267176673,0.2806289163110752,0.9852673696185129,0.9579581768886031,0.9579581768886031,0.9034623217922607,0.9350191757396698,0.13781358844553793,0.040335095600699325,55.411799,0.133606,stage05_seed_stability_draft,Разрешен только аудит устойчивости к зернам случайности; строка не является самостоятельным итоговым выводом.
ST05_02_seed_stability_grid,miniboone_hgb_vs_logreg_average_precision_v01,nested_seed_stability_v01,nested_5x2_seed_grid_v01,openml_miniboone_41150,41150,MiniBooNE,signal,False,True,True,20260527,9,2,4,5,2,,,dummy_prior,control,not_applicable_control_model,,,,numeric_particleid_0_49_locked,50,ParticleID_0; ParticleID_1; ParticleID_2; ParticleID_3; ParticleID_4; ParticleID_5; ParticleID_6; ParticleID_7; ParticleID_8; ParticleID_9; ParticleID_10; ParticleID_11; ParticleID_12; ParticleID_13; ParticleID_14; ParticleID_15; ParticleID_16; ParticleID_17; ParticleID_18; ParticleID_19; ParticleID_20; ParticleID_21; ParticleID_22; ParticleID_23; ParticleID_24; ParticleID_25; ParticleID_26; ParticleID_27; ParticleID_28; ParticleID_29; ParticleID_30; ParticleID_31; ParticleID_32; ParticleID_33; ParticleID_34; ParticleID_35; ParticleID_36; ParticleID_37; ParticleID_38; ParticleID_39; ParticleID_40; ParticleID_41; ParticleID_42; ParticleID_43; ParticleID_44; ParticleID_45; ParticleID_46; ParticleID_47; ParticleID_48; ParticleID_49,104051,26013,0.28062200267176673,0.2806289163110752,0.5,0.2806289163110752,0.2806289163110752,0.0,0.5,0.5935463243336803,0.20187632768894515,0.00149,0.009855,stage05_seed_stability_draft,Разрешен только аудит устойчивости к зернам случайности; строка не является самостоятельным итоговым выводом.
ST05_02_seed_stability_grid,miniboone_hgb_vs_logreg_average_precision_v01,nested_seed_stability_v01,nested_5x2_seed_grid_v01,openml_miniboone_41150,41150,MiniBooNE,signal,False,True,True,20260527,9,2,4,5,2,,,logistic_regression,control,not_applicable_control_model,,,,numeric_particleid_0_49_locked,50,ParticleID_0; ParticleID_1; ParticleID_2; ParticleID_3; ParticleID_4; ParticleID_5; ParticleID_6; ParticleID_7; ParticleID_8; ParticleID_9; ParticleID_10; ParticleID_11; ParticleID_12; ParticleID_13; ParticleID_14; ParticleID_15; ParticleID_16; ParticleID_17; ParticleID_18; ParticleID_19; ParticleID_20; ParticleID_21; ParticleID_22; ParticleID_23; ParticleID_24; ParticleID_25; ParticleID_26; ParticleID_27; ParticleID_28; ParticleID_29; ParticleID_30; ParticleID_31; ParticleID_32; ParticleID_33; ParticleID_34; ParticleID_35; ParticleID_36; ParticleID_37; ParticleID_38; ParticleID_39; ParticleID_40; ParticleID_41; ParticleID_42; ParticleID_43; ParticleID_44; ParticleID_45; ParticleID_46; ParticleID_47; ParticleID_48; ParticleID_49,104051,26013,0.28062200267176673,0.2806289163110752,0.9407276276326837,0.8651123844337543,0.8651123844337543,0.7795461243737106,0.8360903232607322,0.2852812092279336,0.08502738401706837,1.669225,0.042004,stage05_seed_stability_draft,Разрешен только аудит устойчивости к зернам случайности; строка не является самостоятельным итоговым выводом.
ST05_02_seed_stability_grid,miniboone_hgb_vs_logreg_average_precision_v01,nested_seed_stability_v01,nested_5x2_seed_grid_v01,openml_miniboone_41150,41150,MiniBooNE,signal,False,True,True,20260527,10,2,5,5,2,3,20260536,hist_gradient_boosting,tuned_candidate,hgb_8316cb7622a5,"{""l2_regularization"": 0.01, ""learning_rate"": 0.1, ""max_iter"": 150, ""max_leaf_nodes"": 63}",0.9566329523982727,16,numeric_particleid_0_49_locked,50,ParticleID_0; ParticleID_1; ParticleID_2; ParticleID_3; ParticleID_4; ParticleID_5; ParticleID_6; ParticleID_7; ParticleID_8; ParticleID_9; ParticleID_10; ParticleID_11; ParticleID_12; ParticleID_13; ParticleID_14; ParticleID_15; ParticleID_16; ParticleID_17; ParticleID_18; ParticleID_19; ParticleID_20; ParticleID_21; ParticleID_22; ParticleID_23; ParticleID_24; ParticleID_25; ParticleID_26; ParticleID_27; ParticleID_28; ParticleID_29; ParticleID_30; ParticleID_31; ParticleID_32; ParticleID_33; ParticleID_34; ParticleID_35; ParticleID_36; ParticleID_37; ParticleID_38; ParticleID_39; ParticleID_40; ParticleID_41; ParticleID_42; ParticleID_43; ParticleID_44; ParticleID_45; ParticleID_46; ParticleID_47; ParticleID_48; ParticleID_49,104052,26012,0.2806289163110752,0.28060126095648164,0.9856331702121532,0.9624659240731879,0.9624659240731879,0.9021931616945921,0.9333855479837064,0.13778755473555745,0.040794395922474594,56.198698,0.119959,stage05_seed_stability_draft,Разрешен только аудит устойчивости к зернам случайности; строка не является самостоятельным итоговым выводом.
ST05_02_seed_stability_grid,miniboone_hgb_vs_logreg_average_precision_v01,nested_seed_stability_v01,nested_5x2_seed_grid_v01,openml_miniboone_41150,41150,MiniBooNE,signal,False,True,True,20260527,10,2,5,5,2,,,dummy_prior,control,not_applicable_control_model,,,,numeric_particleid_0_49_locked,50,ParticleID_0; ParticleID_1; ParticleID_2; ParticleID_3; ParticleID_4; ParticleID_5; ParticleID_6; ParticleID_7; ParticleID_8; ParticleID_9; ParticleID_10; ParticleID_11; ParticleID_12; ParticleID_13; ParticleID_14; ParticleID_15; ParticleID_16; ParticleID_17; ParticleID_18; ParticleID_19; ParticleID_20; ParticleID_21; ParticleID_22; ParticleID_23; ParticleID_24; ParticleID_25; ParticleID_26; ParticleID_27; ParticleID_28; ParticleID_29; ParticleID_30; ParticleID_31; ParticleID_32; ParticleID_33; ParticleID_34; ParticleID_35; ParticleID_36; ParticleID_37; ParticleID_38; ParticleID_39; ParticleID_40; ParticleID_41; ParticleID_42; ParticleID_43; ParticleID_44; ParticleID_45; ParticleID_46; ParticleID_47; ParticleID_48; ParticleID_49,104052,26012,0.2806289163110752,0.28060126095648164,0.5,0.28060126095648164,0.28060126095648164,0.0,0.5,0.5935202910098233,0.2018641940709328,0.002108,0.01023,stage05_seed_stability_draft,Разрешен только аудит устойчивости к зернам случайности; строка не является самостоятельным итоговым выводом.
ST05_02_seed_stability_grid,miniboone_hgb_vs_logreg_average_precision_v01,nested_seed_stability_v01,nested_5x2_seed_grid_v01,openml_miniboone_41150,41150,MiniBooNE,signal,False,True,True,20260527,10,2,5,5,2,,,logistic_regression,control,not_applicable_control_model,,,,numeric_particleid_0_49_locked,50,ParticleID_0; ParticleID_1; ParticleID_2; ParticleID_3; ParticleID_4; ParticleID_5; ParticleID_6; ParticleID_7; ParticleID_8; ParticleID_9; ParticleID_10; ParticleID_11; ParticleID_12; ParticleID_13; ParticleID_14; ParticleID_15; ParticleID_16; ParticleID_17; ParticleID_18; ParticleID_19; ParticleID_20; ParticleID_21; ParticleID_22; ParticleID_23; ParticleID_24; ParticleID_25; ParticleID_26; ParticleID_27; ParticleID_28; ParticleID_29; ParticleID_30; ParticleID_31; ParticleID_32; ParticleID_33; ParticleID_34; ParticleID_35; ParticleID_36; ParticleID_37; ParticleID_38; ParticleID_39; ParticleID_40; ParticleID_41; ParticleID_42; ParticleID_43; ParticleID_44; ParticleID_45; ParticleID_46; ParticleID_47; ParticleID_48; ParticleID_49,104052,26012,0.2806289163110752,0.28060126095648164,0.9381024488222955,0.8692274668561222,0.8692274668561222,0.777498521584861,0.8343370182813581,0.28479950464177684,0.0857577965312362,1.321794,0.029298,stage05_seed_stability_draft,Разрешен только аудит устойчивости к зернам случайности; строка не является самостоятельным итоговым выводом.
ST05_02_seed_stability_grid,miniboone_hgb_vs_logreg_average_precision_v01,nested_seed_stability_v01,nested_5x2_seed_grid_v01,openml_miniboone_41150,41150,MiniBooNE,signal,False,True,True,20260606,1,1,1,5,2,3,20260606,hist_gradient_boosting,tuned_candidate,hgb_8316cb7622a5,"{""l2_regularization"": 0.01, ""learning_rate"": 0.1, ""max_iter"": 150, ""max_leaf_nodes"": 63}",0.9575171257441782,16,numeric_particleid_0_49_locked,50,ParticleID_0; ParticleID_1; ParticleID_2; ParticleID_3; ParticleID_4; ParticleID_5; ParticleID_6; ParticleID_7; ParticleID_8; ParticleID_9; ParticleID_10; ParticleID_11; ParticleID_12; ParticleID_13; ParticleID_14; ParticleID_15; ParticleID_16; ParticleID_17; ParticleID_18; ParticleID_19; ParticleID_20; ParticleID_21; ParticleID_22; ParticleID_23; ParticleID_24; ParticleID_25; ParticleID_26; ParticleID_27; ParticleID_28; ParticleID_29; ParticleID_30; ParticleID_31; ParticleID_32; ParticleID_33; ParticleID_34; ParticleID_35; ParticleID_36; ParticleID_37; ParticleID_38; ParticleID_39; ParticleID_40; ParticleID_41; ParticleID_42; ParticleID_43; ParticleID_44; ParticleID_45; ParticleID_46; ParticleID_47; ParticleID_48; ParticleID_49,104051,26013,0.28062200267176673,0.2806289163110752,0.9846419857560016,0.9593436492438617,0.9593436492438617,0.8989267762532265,0.9317100667692008,0.14245238562480983,0.042384660056978635,55.791223,0.133467,stage05_seed_stability_draft,Разрешен только аудит устойчивости к зернам случайности; строка не является самостоятельным итоговым выводом.
ST05_02_seed_stability_grid,miniboone_hgb_vs_logreg_average_precision_v01,nested_seed_stability_v01,nested_5x2_seed_grid_v01,openml_miniboone_41150,41150,MiniBooNE,signal,False,True,True,20260606,1,1,1,5,2,,,dummy_prior,control,not_applicable_control_model,,,,numeric_particleid_0_49_locked,50,ParticleID_0; ParticleID_1; ParticleID_2; ParticleID_3; ParticleID_4; ParticleID_5; ParticleID_6; ParticleID_7; ParticleID_8; ParticleID_9; ParticleID_10; ParticleID_11; ParticleID_12; ParticleID_13; ParticleID_14; ParticleID_15; ParticleID_16; ParticleID_17; ParticleID_18; ParticleID_19; ParticleID_20; ParticleID_21; ParticleID_22; ParticleID_23; ParticleID_24; ParticleID_25; ParticleID_26; ParticleID_27; ParticleID_28; ParticleID_29; ParticleID_30; ParticleID_31; ParticleID_32; ParticleID_33; ParticleID_34; ParticleID_35; ParticleID_36; ParticleID_37; ParticleID_38; ParticleID_39; ParticleID_40; ParticleID_41; ParticleID_42; ParticleID_43; ParticleID_44; ParticleID_45; ParticleID_46; ParticleID_47; ParticleID_48; ParticleID_49,104051,26013,0.28062200267176673,0.2806289163110752,0.5,0.2806289163110752,0.2806289163110752,0.0,0.5,0.5935463243336803,0.20187632768894515,0.001472,0.020287,stage05_seed_stability_draft,Разрешен только аудит устойчивости к зернам случайности; строка не является самостоятельным итоговым выводом.
ST05_02_seed_stability_grid,miniboone_hgb_vs_logreg_average_precision_v01,nested_seed_stability_v01,nested_5x2_seed_grid_v01,openml_miniboone_41150,41150,MiniBooNE,signal,False,True,True,20260606,1,1,1,5,2,,,logistic_regression,control,not_applicable_control_model,,,,numeric_particleid_0_49_locked,50,ParticleID_0; ParticleID_1; ParticleID_2; ParticleID_3; ParticleID_4; ParticleID_5; ParticleID_6; ParticleID_7; ParticleID_8; ParticleID_9; ParticleID_10; ParticleID_11; ParticleID_12; ParticleID_13; ParticleID_14; ParticleID_15; ParticleID_16; ParticleID_17; ParticleID_18; ParticleID_19; ParticleID_20; ParticleID_21; ParticleID_22; ParticleID_23; ParticleID_24; ParticleID_25; ParticleID_26; ParticleID_27; ParticleID_28; ParticleID_29; ParticleID_30; ParticleID_31; ParticleID_32; ParticleID_33; ParticleID_34; ParticleID_35; ParticleID_36; ParticleID_37; ParticleID_38; ParticleID_39; ParticleID_40; ParticleID_41; ParticleID_42; ParticleID_43; ParticleID_44; ParticleID_45; ParticleID_46; ParticleID_47; ParticleID_48; ParticleID_49,104051,26013,0.28062200267176673,0.2806289163110752,0.9373403150253029,0.8644613752190958,0.8644613752190958,0.7733804996683618,0.8320763420638645,0.28778519691825827,0.08657740032716921,1.483653,0.027762,stage05_seed_stability_draft,Разрешен только аудит устойчивости к зернам случайности; строка не является самостоятельным итоговым выводом.
ST05_02_seed_stability_grid,miniboone_hgb_vs_logreg_average_precision_v01,nested_seed_stability_v01,nested_5x2_seed_grid_v01,openml_miniboone_41150,41150,MiniBooNE,signal,False,True,True,20260606,2,1,2,5,2,3,20260607,hist_gradient_boosting,tuned_candidate,hgb_8316cb7622a5,"{""l2_regularization"": 0.01, ""learning_rate"": 0.1, ""max_iter"": 150, ""max_leaf_nodes"": 63}",0.9578310188919308,16,numeric_particleid_0_49_locked,50,ParticleID_0; ParticleID_1; ParticleID_2; ParticleID_3; ParticleID_4; ParticleID_5; ParticleID_6; ParticleID_7; ParticleID_8; ParticleID_9; ParticleID_10; ParticleID_11; ParticleID_12; ParticleID_13; ParticleID_14; ParticleID_15; ParticleID_16; ParticleID_17; ParticleID_18; ParticleID_19; ParticleID_20; ParticleID_21; ParticleID_22; ParticleID_23; ParticleID_24; ParticleID_25; ParticleID_26; ParticleID_27; ParticleID_28; ParticleID_29; ParticleID_30; ParticleID_31; ParticleID_32; ParticleID_33; ParticleID_34; ParticleID_35; ParticleID_36; ParticleID_37; ParticleID_38; ParticleID_39; ParticleID_40; ParticleID_41; ParticleID_42; ParticleID_43; ParticleID_44; ParticleID_45; ParticleID_46; ParticleID_47; ParticleID_48; ParticleID_49,104051,26013,0.28062200267176673,0.2806289163110752,0.9855548190438264,0.9598048452483883,0.9598048452483883,0.9046937802302609,0.9350488891686901,0.13697210308052818,0.04003323845199996,57.234189,0.133411,stage05_seed_stability_draft,Разрешен только аудит устойчивости к зернам случайности; строка не является самостоятельным итоговым выводом.
ST05_02_seed_stability_grid,miniboone_hgb_vs_logreg_average_precision_v01,nested_seed_stability_v01,nested_5x2_seed_grid_v01,openml_miniboone_41150,41150,MiniBooNE,signal,False,True,True,20260606,2,1,2,5,2,,,dummy_prior,control,not_applicable_control_model,,,,numeric_particleid_0_49_locked,50,ParticleID_0; ParticleID_1; ParticleID_2; ParticleID_3; ParticleID_4; ParticleID_5; ParticleID_6; ParticleID_7; ParticleID_8; ParticleID_9; ParticleID_10; ParticleID_11; ParticleID_12; ParticleID_13; ParticleID_14; ParticleID_15; ParticleID_16; ParticleID_17; ParticleID_18; ParticleID_19; ParticleID_20; ParticleID_21; ParticleID_22; ParticleID_23; ParticleID_24; ParticleID_25; ParticleID_26; ParticleID_27; ParticleID_28; ParticleID_29; ParticleID_30; ParticleID_31; ParticleID_32; ParticleID_33; ParticleID_34; ParticleID_35; ParticleID_36; ParticleID_37; ParticleID_38; ParticleID_39; ParticleID_40; ParticleID_41; ParticleID_42; ParticleID_43; ParticleID_44; ParticleID_45; ParticleID_46; ParticleID_47; ParticleID_48; ParticleID_49,104051,26013,0.28062200267176673,0.2806289163110752,0.5,0.2806289163110752,0.2806289163110752,0.0,0.5,0.5935463243336803,0.20187632768894515,0.00147,0.00989,stage05_seed_stability_draft,Разрешен только аудит устойчивости к зернам случайности; строка не является самостоятельным итоговым выводом.
ST05_02_seed_stability_grid,miniboone_hgb_vs_logreg_average_precision_v01,nested_seed_stability_v01,nested_5x2_seed_grid_v01,openml_miniboone_41150,41150,MiniBooNE,signal,False,True,True,20260606,2,1,2,5,2,,,logistic_regression,control,not_applicable_control_model,,,,numeric_particleid_0_49_locked,50,ParticleID_0; ParticleID_1; ParticleID_2; ParticleID_3; ParticleID_4; ParticleID_5; ParticleID_6; ParticleID_7; ParticleID_8; ParticleID_9; ParticleID_10; ParticleID_11; ParticleID_12; ParticleID_13; ParticleID_14; ParticleID_15; ParticleID_16; ParticleID_17; ParticleID_18; ParticleID_19; ParticleID_20; ParticleID_21; ParticleID_22; ParticleID_23; ParticleID_24; ParticleID_25; ParticleID_26; ParticleID_27; ParticleID_28; ParticleID_29; ParticleID_30; ParticleID_31; ParticleID_32; ParticleID_33; ParticleID_34; ParticleID_35; ParticleID_36; ParticleID_37; ParticleID_38; ParticleID_39; ParticleID_40; ParticleID_41; ParticleID_42; ParticleID_43; ParticleID_44; ParticleID_45; ParticleID_46; ParticleID_47; ParticleID_48; ParticleID_49,104051,26013,0.28062200267176673,0.2806289163110752,0.9380833008186383,0.8657336889404326,0.8657336889404326,0.7767349050328874,0.833853379344372,0.28691141275406307,0.08587837758134377,1.456915,0.028403,stage05_seed_stability_draft,Разрешен только аудит устойчивости к зернам случайности; строка не является самостоятельным итоговым выводом.
ST05_02_seed_stability_grid,miniboone_hgb_vs_logreg_average_precision_v01,nested_seed_stability_v01,nested_5x2_seed_grid_v01,openml_miniboone_41150,41150,MiniBooNE,signal,False,True,True,20260606,3,1,3,5,2,3,20260608,hist_gradient_boosting,tuned_candidate,hgb_b5168b128e78,"{""l2_regularization"": 0.0, ""learning_rate"": 0.1, ""max_iter"": 150, ""max_leaf_nodes"": 63}",0.9584596580359214,16,numeric_particleid_0_49_locked,50,ParticleID_0; ParticleID_1; ParticleID_2; ParticleID_3; ParticleID_4; ParticleID_5; ParticleID_6; ParticleID_7; ParticleID_8; ParticleID_9; ParticleID_10; ParticleID_11; ParticleID_12; ParticleID_13; ParticleID_14; ParticleID_15; ParticleID_16; ParticleID_17; ParticleID_18; ParticleID_19; ParticleID_20; ParticleID_21; ParticleID_22; ParticleID_23; ParticleID_24; ParticleID_25; ParticleID_26; ParticleID_27; ParticleID_28; ParticleID_29; ParticleID_30; ParticleID_31; ParticleID_32; ParticleID_33; ParticleID_34; ParticleID_35; ParticleID_36; ParticleID_37; ParticleID_38; ParticleID_39; ParticleID_40; ParticleID_41; ParticleID_42; ParticleID_43; ParticleID_44; ParticleID_45; ParticleID_46; ParticleID_47; ParticleID_48; ParticleID_49,104051,26013,0.28062200267176673,0.2806289163110752,0.9845657732628917,0.9582388444986251,0.9582388444986251,0.8979508475730138,0.9304971307764216,0.1417457039213744,0.042082134849763524,55.976401,0.135879,stage05_seed_stability_draft,Разрешен только аудит устойчивости к зернам случайности; строка не является самостоятельным итоговым выводом.
ST05_02_seed_stability_grid,miniboone_hgb_vs_logreg_average_precision_v01,nested_seed_stability_v01,nested_5x2_seed_grid_v01,openml_miniboone_41150,41150,MiniBooNE,signal,False,True,True,20260606,3,1,3,5,2,,,dummy_prior,control,not_applicable_control_model,,,,numeric_particleid_0_49_locked,50,ParticleID_0; ParticleID_1; ParticleID_2; ParticleID_3; ParticleID_4; ParticleID_5; ParticleID_6; ParticleID_7; ParticleID_8; ParticleID_9; ParticleID_10; ParticleID_11; ParticleID_12; ParticleID_13; ParticleID_14; ParticleID_15; ParticleID_16; ParticleID_17; ParticleID_18; ParticleID_19; ParticleID_20; ParticleID_21; ParticleID_22; ParticleID_23; ParticleID_24; ParticleID_25; ParticleID_26; ParticleID_27; ParticleID_28; ParticleID_29; ParticleID_30; ParticleID_31; ParticleID_32; ParticleID_33; ParticleID_34; ParticleID_35; ParticleID_36; ParticleID_37; ParticleID_38; ParticleID_39; ParticleID_40; ParticleID_41; ParticleID_42; ParticleID_43; ParticleID_44; ParticleID_45; ParticleID_46; ParticleID_47; ParticleID_48; ParticleID_49,104051,26013,0.28062200267176673,0.2806289163110752,0.5,0.2806289163110752,0.2806289163110752,0.0,0.5,0.5935463243336803,0.20187632768894515,0.001526,0.010252,stage05_seed_stability_draft,Разрешен только аудит устойчивости к зернам случайности; строка не является самостоятельным итоговым выводом.
ST05_02_seed_stability_grid,miniboone_hgb_vs_logreg_average_precision_v01,nested_seed_stability_v01,nested_5x2_seed_grid_v01,openml_miniboone_41150,41150,MiniBooNE,signal,False,True,True,20260606,3,1,3,5,2,,,logistic_regression,control,not_applicable_control_model,,,,numeric_particleid_0_49_locked,50,ParticleID_0; ParticleID_1; ParticleID_2; ParticleID_3; ParticleID_4; ParticleID_5; ParticleID_6; ParticleID_7; ParticleID_8; ParticleID_9; ParticleID_10; ParticleID_11; ParticleID_12; ParticleID_13; ParticleID_14; ParticleID_15; ParticleID_16; ParticleID_17; ParticleID_18; ParticleID_19; ParticleID_20; ParticleID_21; ParticleID_22; ParticleID_23; ParticleID_24; ParticleID_25; ParticleID_26; ParticleID_27; ParticleID_28; ParticleID_29; ParticleID_30; ParticleID_31; ParticleID_32; ParticleID_33; ParticleID_34; ParticleID_35; ParticleID_36; ParticleID_37; ParticleID_38; ParticleID_39; ParticleID_40; ParticleID_41; ParticleID_42; ParticleID_43; ParticleID_44; ParticleID_45; ParticleID_46; ParticleID_47; ParticleID_48; ParticleID_49,104051,26013,0.28062200267176673,0.2806289163110752,0.9393818816162524,0.866328280568049,0.866328280568049,0.7767191077627594,0.8339252618317499,0.28521470231320406,0.08564137466539747,1.230045,0.02928,stage05_seed_stability_draft,Разрешен только аудит устойчивости к зернам случайности; строка не является самостоятельным итоговым выводом.
ST05_02_seed_stability_grid,miniboone_hgb_vs_logreg_average_precision_v01,nested_seed_stability_v01,nested_5x2_seed_grid_v01,openml_miniboone_41150,41150,MiniBooNE,signal,False,True,True,20260606,4,1,4,5,2,3,20260609,hist_gradient_boosting,tuned_candidate,hgb_8316cb7622a5,"{""l2_regularization"": 0.01, ""learning_rate"": 0.1, ""max_iter"": 150, ""max_leaf_nodes"": 63}",0.9580213272790584,16,numeric_particleid_0_49_locked,50,ParticleID_0; ParticleID_1; ParticleID_2; ParticleID_3; ParticleID_4; ParticleID_5; ParticleID_6; ParticleID_7; ParticleID_8; ParticleID_9; ParticleID_10; ParticleID_11; ParticleID_12; ParticleID_13; ParticleID_14; ParticleID_15; ParticleID_16; ParticleID_17; ParticleID_18; ParticleID_19; ParticleID_20; ParticleID_21; ParticleID_22; ParticleID_23; ParticleID_24; ParticleID_25; ParticleID_26; ParticleID_27; ParticleID_28; ParticleID_29; ParticleID_30; ParticleID_31; ParticleID_32; ParticleID_33; ParticleID_34; ParticleID_35; ParticleID_36; ParticleID_37; ParticleID_38; ParticleID_39; ParticleID_40; ParticleID_41; ParticleID_42; ParticleID_43; ParticleID_44; ParticleID_45; ParticleID_46; ParticleID_47; ParticleID_48; ParticleID_49,104051,26013,0.28062200267176673,0.2806289163110752,0.9848853664839258,0.9586552566727115,0.9586552566727115,0.9007250796232297,0.9335360517814515,0.14001112973109153,0.04125089561115064,63.914066,0.152267,stage05_seed_stability_draft,Разрешен только аудит устойчивости к зернам случайности; строка не является самостоятельным итоговым выводом.
ST05_02_seed_stability_grid,miniboone_hgb_vs_logreg_average_precision_v01,nested_seed_stability_v01,nested_5x2_seed_grid_v01,openml_miniboone_41150,41150,MiniBooNE,signal,False,True,True,20260606,4,1,4,5,2,,,dummy_prior,control,not_applicable_control_model,,,,numeric_particleid_0_49_locked,50,ParticleID_0; ParticleID_1; ParticleID_2; ParticleID_3; ParticleID_4; ParticleID_5; ParticleID_6; ParticleID_7; ParticleID_8; ParticleID_9; ParticleID_10; ParticleID_11; ParticleID_12; ParticleID_13; ParticleID_14; ParticleID_15; ParticleID_16; ParticleID_17; ParticleID_18; ParticleID_19; ParticleID_20; ParticleID_21; ParticleID_22; ParticleID_23; ParticleID_24; ParticleID_25; ParticleID_26; ParticleID_27; ParticleID_28; ParticleID_29; ParticleID_30; ParticleID_31; ParticleID_32; ParticleID_33; ParticleID_34; ParticleID_35; ParticleID_36; ParticleID_37; ParticleID_38; ParticleID_39; ParticleID_40; ParticleID_41; ParticleID_42; ParticleID_43; ParticleID_44; ParticleID_45; ParticleID_46; ParticleID_47; ParticleID_48; ParticleID_49,104051,26013,0.28062200267176673,0.2806289163110752,0.5,0.2806289163110752,0.2806289163110752,0.0,0.5,0.5935463243336803,0.20187632768894515,0.001548,0.01042,stage05_seed_stability_draft,Разрешен только аудит устойчивости к зернам случайности; строка не является самостоятельным итоговым выводом.
ST05_02_seed_stability_grid,miniboone_hgb_vs_logreg_average_precision_v01,nested_seed_stability_v01,nested_5x2_seed_grid_v01,openml_miniboone_41150,41150,MiniBooNE,signal,False,True,True,20260606,4,1,4,5,2,,,logistic_regression,control,not_applicable_control_model,,,,numeric_particleid_0_49_locked,50,ParticleID_0; ParticleID_1; ParticleID_2; ParticleID_3; ParticleID_4; ParticleID_5; ParticleID_6; ParticleID_7; ParticleID_8; ParticleID_9; ParticleID_10; ParticleID_11; ParticleID_12; ParticleID_13; ParticleID_14; ParticleID_15; ParticleID_16; ParticleID_17; ParticleID_18; ParticleID_19; ParticleID_20; ParticleID_21; ParticleID_22; ParticleID_23; ParticleID_24; ParticleID_25; ParticleID_26; ParticleID_27; ParticleID_28; ParticleID_29; ParticleID_30; ParticleID_31; ParticleID_32; ParticleID_33; ParticleID_34; ParticleID_35; ParticleID_36; ParticleID_37; ParticleID_38; ParticleID_39; ParticleID_40; ParticleID_41; ParticleID_42; ParticleID_43; ParticleID_44; ParticleID_45; ParticleID_46; ParticleID_47; ParticleID_48; ParticleID_49,104051,26013,0.28062200267176673,0.2806289163110752,0.9418813014760085,0.8692509560917504,0.8692509560917504,0.7814413218263627,0.8371576019601055,0.2825751963318958,0.08437261132947999,1.375205,0.028924,stage05_seed_stability_draft,Разрешен только аудит устойчивости к зернам случайности; строка не является самостоятельным итоговым выводом.
ST05_02_seed_stability_grid,miniboone_hgb_vs_logreg_average_precision_v01,nested_seed_stability_v01,nested_5x2_seed_grid_v01,openml_miniboone_41150,41150,MiniBooNE,signal,False,True,True,20260606,5,1,5,5,2,3,20260610,hist_gradient_boosting,tuned_candidate,hgb_b5168b128e78,"{""l2_regularization"": 0.0, ""learning_rate"": 0.1, ""max_iter"": 150, ""max_leaf_nodes"": 63}",0.9561013791860936,16,numeric_particleid_0_49_locked,50,ParticleID_0; ParticleID_1; ParticleID_2; ParticleID_3; ParticleID_4; ParticleID_5; ParticleID_6; ParticleID_7; ParticleID_8; ParticleID_9; ParticleID_10; ParticleID_11; ParticleID_12; ParticleID_13; ParticleID_14; ParticleID_15; ParticleID_16; ParticleID_17; ParticleID_18; ParticleID_19; ParticleID_20; ParticleID_21; ParticleID_22; ParticleID_23; ParticleID_24; ParticleID_25; ParticleID_26; ParticleID_27; ParticleID_28; ParticleID_29; ParticleID_30; ParticleID_31; ParticleID_32; ParticleID_33; ParticleID_34; ParticleID_35; ParticleID_36; ParticleID_37; ParticleID_38; ParticleID_39; ParticleID_40; ParticleID_41; ParticleID_42; ParticleID_43; ParticleID_44; ParticleID_45; ParticleID_46; ParticleID_47; ParticleID_48; ParticleID_49,104052,26012,0.2806289163110752,0.28060126095648164,0.9860199919044521,0.962400431574914,0.962400431574914,0.9050925925925926,0.9355105578867942,0.13486183904351917,0.03953564752153899,60.765479,0.150327,stage05_seed_stability_draft,Разрешен только аудит устойчивости к зернам случайности; строка не является самостоятельным итоговым выводом.
ST05_02_seed_stability_grid,miniboone_hgb_vs_logreg_average_precision_v01,nested_seed_stability_v01,nested_5x2_seed_grid_v01,openml_miniboone_41150,41150,MiniBooNE,signal,False,True,True,20260606,5,1,5,5,2,,,dummy_prior,control,not_applicable_control_model,,,,numeric_particleid_0_49_locked,50,ParticleID_0; ParticleID_1; ParticleID_2; ParticleID_3; ParticleID_4; ParticleID_5; ParticleID_6; ParticleID_7; ParticleID_8; ParticleID_9; ParticleID_10; ParticleID_11; ParticleID_12; ParticleID_13; ParticleID_14; ParticleID_15; ParticleID_16; ParticleID_17; ParticleID_18; ParticleID_19; ParticleID_20; ParticleID_21; ParticleID_22; ParticleID_23; ParticleID_24; ParticleID_25; ParticleID_26; ParticleID_27; ParticleID_28; ParticleID_29; ParticleID_30; ParticleID_31; ParticleID_32; ParticleID_33; ParticleID_34; ParticleID_35; ParticleID_36; ParticleID_37; ParticleID_38; ParticleID_39; ParticleID_40; ParticleID_41; ParticleID_42; ParticleID_43; ParticleID_44; ParticleID_45; ParticleID_46; ParticleID_47; ParticleID_48; ParticleID_49,104052,26012,0.2806289163110752,0.28060126095648164,0.5,0.28060126095648164,0.28060126095648164,0.0,0.5,0.5935202910098233,0.2018641940709328,0.002453,0.019999,stage05_seed_stability_draft,Разрешен только аудит устойчивости к зернам случайности; строка не является самостоятельным итоговым выводом.
ST05_02_seed_stability_grid,miniboone_hgb_vs_logreg_average_precision_v01,nested_seed_stability_v01,nested_5x2_seed_grid_v01,openml_miniboone_41150,41150,MiniBooNE,signal,False,True,True,20260606,5,1,5,5,2,,,logistic_regression,control,not_applicable_control_model,,,,numeric_particleid_0_49_locked,50,ParticleID_0; ParticleID_1; ParticleID_2; ParticleID_3; ParticleID_4; ParticleID_5; ParticleID_6; ParticleID_7; ParticleID_8; ParticleID_9; ParticleID_10; ParticleID_11; ParticleID_12; ParticleID_13; ParticleID_14; ParticleID_15; ParticleID_16; ParticleID_17; ParticleID_18; ParticleID_19; ParticleID_20; ParticleID_21; ParticleID_22; ParticleID_23; ParticleID_24; ParticleID_25; ParticleID_26; ParticleID_27; ParticleID_28; ParticleID_29; ParticleID_30; ParticleID_31; ParticleID_32; ParticleID_33; ParticleID_34; ParticleID_35; ParticleID_36; ParticleID_37; ParticleID_38; ParticleID_39; ParticleID_40; ParticleID_41; ParticleID_42; ParticleID_43; ParticleID_44; ParticleID_45; ParticleID_46; ParticleID_47; ParticleID_48; ParticleID_49,104052,26012,0.2806289163110752,0.28060126095648164,0.9409407043480904,0.8730713708517737,0.8730713708517737,0.7798890942698706,0.8358455053731019,0.28154708830387004,0.08425187400705475,1.55139,0.031081,stage05_seed_stability_draft,Разрешен только аудит устойчивости к зернам случайности; строка не является самостоятельным итоговым выводом.
ST05_02_seed_stability_grid,miniboone_hgb_vs_logreg_average_precision_v01,nested_seed_stability_v01,nested_5x2_seed_grid_v01,openml_miniboone_41150,41150,MiniBooNE,signal,False,True,True,20260606,6,2,1,5,2,3,20260611,hist_gradient_boosting,tuned_candidate,hgb_b5168b128e78,"{""l2_regularization"": 0.0, ""learning_rate"": 0.1, ""max_iter"": 150, ""max_leaf_nodes"": 63}",0.957747847744805,16,numeric_particleid_0_49_locked,50,ParticleID_0; ParticleID_1; ParticleID_2; ParticleID_3; ParticleID_4; ParticleID_5; ParticleID_6; ParticleID_7; ParticleID_8; ParticleID_9; ParticleID_10; ParticleID_11; ParticleID_12; ParticleID_13; ParticleID_14; ParticleID_15; ParticleID_16; ParticleID_17; ParticleID_18; ParticleID_19; ParticleID_20; ParticleID_21; ParticleID_22; ParticleID_23; ParticleID_24; ParticleID_25; ParticleID_26; ParticleID_27; ParticleID_28; ParticleID_29; ParticleID_30; ParticleID_31; ParticleID_32; ParticleID_33; ParticleID_34; ParticleID_35; ParticleID_36; ParticleID_37; ParticleID_38; ParticleID_39; ParticleID_40; ParticleID_41; ParticleID_42; ParticleID_43; ParticleID_44; ParticleID_45; ParticleID_46; ParticleID_47; ParticleID_48; ParticleID_49,104051,26013,0.28062200267176673,0.2806289163110752,0.9849788257961464,0.9596157218179242,0.9596157218179242,0.9018033344675059,0.9332884032710393,0.13994582979158063,0.04121305648029592,57.133627,0.126413,stage05_seed_stability_draft,Разрешен только аудит устойчивости к зернам случайности; строка не является самостоятельным итоговым выводом.
ST05_02_seed_stability_grid,miniboone_hgb_vs_logreg_average_precision_v01,nested_seed_stability_v01,nested_5x2_seed_grid_v01,openml_miniboone_41150,41150,MiniBooNE,signal,False,True,True,20260606,6,2,1,5,2,,,dummy_prior,control,not_applicable_control_model,,,,numeric_particleid_0_49_locked,50,ParticleID_0; ParticleID_1; ParticleID_2; ParticleID_3; ParticleID_4; ParticleID_5; ParticleID_6; ParticleID_7; ParticleID_8; ParticleID_9; ParticleID_10; ParticleID_11; ParticleID_12; ParticleID_13; ParticleID_14; ParticleID_15; ParticleID_16; ParticleID_17; ParticleID_18; ParticleID_19; ParticleID_20; ParticleID_21; ParticleID_22; ParticleID_23; ParticleID_24; ParticleID_25; ParticleID_26; ParticleID_27; ParticleID_28; ParticleID_29; ParticleID_30; ParticleID_31; ParticleID_32; ParticleID_33; ParticleID_34; ParticleID_35; ParticleID_36; ParticleID_37; ParticleID_38; ParticleID_39; ParticleID_40; ParticleID_41; ParticleID_42; ParticleID_43; ParticleID_44; ParticleID_45; ParticleID_46; ParticleID_47; ParticleID_48; ParticleID_49,104051,26013,0.28062200267176673,0.2806289163110752,0.5,0.2806289163110752,0.2806289163110752,0.0,0.5,0.5935463243336803,0.20187632768894515,0.001488,0.010076,stage05_seed_stability_draft,Разрешен только аудит устойчивости к зернам случайности; строка не является самостоятельным итоговым выводом.
ST05_02_seed_stability_grid,miniboone_hgb_vs_logreg_average_precision_v01,nested_seed_stability_v01,nested_5x2_seed_grid_v01,openml_miniboone_41150,41150,MiniBooNE,signal,False,True,True,20260606,6,2,1,5,2,,,logistic_regression,control,not_applicable_control_model,,,,numeric_particleid_0_49_locked,50,ParticleID_0; ParticleID_1; ParticleID_2; ParticleID_3; ParticleID_4; ParticleID_5; ParticleID_6; ParticleID_7; ParticleID_8; ParticleID_9; ParticleID_10; ParticleID_11; ParticleID_12; ParticleID_13; ParticleID_14; ParticleID_15; ParticleID_16; ParticleID_17; ParticleID_18; ParticleID_19; ParticleID_20; ParticleID_21; ParticleID_22; ParticleID_23; ParticleID_24; ParticleID_25; ParticleID_26; ParticleID_27; ParticleID_28; ParticleID_29; ParticleID_30; ParticleID_31; ParticleID_32; ParticleID_33; ParticleID_34; ParticleID_35; ParticleID_36; ParticleID_37; ParticleID_38; ParticleID_39; ParticleID_40; ParticleID_41; ParticleID_42; ParticleID_43; ParticleID_44; ParticleID_45; ParticleID_46; ParticleID_47; ParticleID_48; ParticleID_49,104051,26013,0.28062200267176673,0.2806289163110752,0.9394864605881633,0.8700042054613849,0.8700042054613849,0.7783287691510621,0.8346734048339408,0.2836430566316853,0.08485965399415292,1.226539,0.02853,stage05_seed_stability_draft,Разрешен только аудит устойчивости к зернам случайности; строка не является самостоятельным итоговым выводом.
ST05_02_seed_stability_grid,miniboone_hgb_vs_logreg_average_precision_v01,nested_seed_stability_v01,nested_5x2_seed_grid_v01,openml_miniboone_41150,41150,MiniBooNE,signal,False,True,True,20260606,7,2,2,5,2,3,20260612,hist_gradient_boosting,tuned_candidate,hgb_8316cb7622a5,"{""l2_regularization"": 0.01, ""learning_rate"": 0.1, ""max_iter"": 150, ""max_leaf_nodes"": 63}",0.9577279258875233,16,numeric_particleid_0_49_locked,50,ParticleID_0; ParticleID_1; ParticleID_2; ParticleID_3; ParticleID_4; ParticleID_5; ParticleID_6; ParticleID_7; ParticleID_8; ParticleID_9; ParticleID_10; ParticleID_11; ParticleID_12; ParticleID_13; ParticleID_14; ParticleID_15; ParticleID_16; ParticleID_17; ParticleID_18; ParticleID_19; ParticleID_20; ParticleID_21; ParticleID_22; ParticleID_23; ParticleID_24; ParticleID_25; ParticleID_26; ParticleID_27; ParticleID_28; ParticleID_29; ParticleID_30; ParticleID_31; ParticleID_32; ParticleID_33; ParticleID_34; ParticleID_35; ParticleID_36; ParticleID_37; ParticleID_38; ParticleID_39; ParticleID_40; ParticleID_41; ParticleID_42; ParticleID_43; ParticleID_44; ParticleID_45; ParticleID_46; ParticleID_47; ParticleID_48; ParticleID_49,104051,26013,0.28062200267176673,0.2806289163110752,0.9848216425618701,0.9598137414891941,0.9598137414891941,0.9013893595391392,0.9339703407418035,0.14048416118262422,0.041372877542814206,59.248186,0.134639,stage05_seed_stability_draft,Разрешен только аудит устойчивости к зернам случайности; строка не является самостоятельным итоговым выводом.
ST05_02_seed_stability_grid,miniboone_hgb_vs_logreg_average_precision_v01,nested_seed_stability_v01,nested_5x2_seed_grid_v01,openml_miniboone_41150,41150,MiniBooNE,signal,False,True,True,20260606,7,2,2,5,2,,,dummy_prior,control,not_applicable_control_model,,,,numeric_particleid_0_49_locked,50,ParticleID_0; ParticleID_1; ParticleID_2; ParticleID_3; ParticleID_4; ParticleID_5; ParticleID_6; ParticleID_7; ParticleID_8; ParticleID_9; ParticleID_10; ParticleID_11; ParticleID_12; ParticleID_13; ParticleID_14; ParticleID_15; ParticleID_16; ParticleID_17; ParticleID_18; ParticleID_19; ParticleID_20; ParticleID_21; ParticleID_22; ParticleID_23; ParticleID_24; ParticleID_25; ParticleID_26; ParticleID_27; ParticleID_28; ParticleID_29; ParticleID_30; ParticleID_31; ParticleID_32; ParticleID_33; ParticleID_34; ParticleID_35; ParticleID_36; ParticleID_37; ParticleID_38; ParticleID_39; ParticleID_40; ParticleID_41; ParticleID_42; ParticleID_43; ParticleID_44; ParticleID_45; ParticleID_46; ParticleID_47; ParticleID_48; ParticleID_49,104051,26013,0.28062200267176673,0.2806289163110752,0.5,0.2806289163110752,0.2806289163110752,0.0,0.5,0.5935463243336803,0.20187632768894515,0.001816,0.020511,stage05_seed_stability_draft,Разрешен только аудит устойчивости к зернам случайности; строка не является самостоятельным итоговым выводом.
ST05_02_seed_stability_grid,miniboone_hgb_vs_logreg_average_precision_v01,nested_seed_stability_v01,nested_5x2_seed_grid_v01,openml_miniboone_41150,41150,MiniBooNE,signal,False,True,True,20260606,7,2,2,5,2,,,logistic_regression,control,not_applicable_control_model,,,,numeric_particleid_0_49_locked,50,ParticleID_0; ParticleID_1; ParticleID_2; ParticleID_3; ParticleID_4; ParticleID_5; ParticleID_6; ParticleID_7; ParticleID_8; ParticleID_9; ParticleID_10; ParticleID_11; ParticleID_12; ParticleID_13; ParticleID_14; ParticleID_15; ParticleID_16; ParticleID_17; ParticleID_18; ParticleID_19; ParticleID_20; ParticleID_21; ParticleID_22; ParticleID_23; ParticleID_24; ParticleID_25; ParticleID_26; ParticleID_27; ParticleID_28; ParticleID_29; ParticleID_30; ParticleID_31; ParticleID_32; ParticleID_33; ParticleID_34; ParticleID_35; ParticleID_36; ParticleID_37; ParticleID_38; ParticleID_39; ParticleID_40; ParticleID_41; ParticleID_42; ParticleID_43; ParticleID_44; ParticleID_45; ParticleID_46; ParticleID_47; ParticleID_48; ParticleID_49,104051,26013,0.28062200267176673,0.2806289163110752,0.9403221187526949,0.8673028077482735,0.8673028077482735,0.7787869909170817,0.8364282979600293,0.28356715995167897,0.08492275912464979,1.334546,0.03681,stage05_seed_stability_draft,Разрешен только аудит устойчивости к зернам случайности; строка не является самостоятельным итоговым выводом.
ST05_02_seed_stability_grid,miniboone_hgb_vs_logreg_average_precision_v01,nested_seed_stability_v01,nested_5x2_seed_grid_v01,openml_miniboone_41150,41150,MiniBooNE,signal,False,True,True,20260606,8,2,3,5,2,3,20260613,hist_gradient_boosting,tuned_candidate,hgb_b5168b128e78,"{""l2_regularization"": 0.0, ""learning_rate"": 0.1, ""max_iter"": 150, ""max_leaf_nodes"": 63}",0.9586598717498425,16,numeric_particleid_0_49_locked,50,ParticleID_0; ParticleID_1; ParticleID_2; ParticleID_3; ParticleID_4; ParticleID_5; ParticleID_6; ParticleID_7; ParticleID_8; ParticleID_9; ParticleID_10; ParticleID_11; ParticleID_12; ParticleID_13; ParticleID_14; ParticleID_15; ParticleID_16; ParticleID_17; ParticleID_18; ParticleID_19; ParticleID_20; ParticleID_21; ParticleID_22; ParticleID_23; ParticleID_24; ParticleID_25; ParticleID_26; ParticleID_27; ParticleID_28; ParticleID_29; ParticleID_30; ParticleID_31; ParticleID_32; ParticleID_33; ParticleID_34; ParticleID_35; ParticleID_36; ParticleID_37; ParticleID_38; ParticleID_39; ParticleID_40; ParticleID_41; ParticleID_42; ParticleID_43; ParticleID_44; ParticleID_45; ParticleID_46; ParticleID_47; ParticleID_48; ParticleID_49,104051,26013,0.28062200267176673,0.2806289163110752,0.9851499726583746,0.9594114428040518,0.9594114428040518,0.9031335149863761,0.9339748317959312,0.1390398095807625,0.040703832572959085,62.975513,0.129148,stage05_seed_stability_draft,Разрешен только аудит устойчивости к зернам случайности; строка не является самостоятельным итоговым выводом.
ST05_02_seed_stability_grid,miniboone_hgb_vs_logreg_average_precision_v01,nested_seed_stability_v01,nested_5x2_seed_grid_v01,openml_miniboone_41150,41150,MiniBooNE,signal,False,True,True,20260606,8,2,3,5,2,,,dummy_prior,control,not_applicable_control_model,,,,numeric_particleid_0_49_locked,50,ParticleID_0; ParticleID_1; ParticleID_2; ParticleID_3; ParticleID_4; ParticleID_5; ParticleID_6; ParticleID_7; ParticleID_8; ParticleID_9; ParticleID_10; ParticleID_11; ParticleID_12; ParticleID_13; ParticleID_14; ParticleID_15; ParticleID_16; ParticleID_17; ParticleID_18; ParticleID_19; ParticleID_20; ParticleID_21; ParticleID_22; ParticleID_23; ParticleID_24; ParticleID_25; ParticleID_26; ParticleID_27; ParticleID_28; ParticleID_29; ParticleID_30; ParticleID_31; ParticleID_32; ParticleID_33; ParticleID_34; ParticleID_35; ParticleID_36; ParticleID_37; ParticleID_38; ParticleID_39; ParticleID_40; ParticleID_41; ParticleID_42; ParticleID_43; ParticleID_44; ParticleID_45; ParticleID_46; ParticleID_47; ParticleID_48; ParticleID_49,104051,26013,0.28062200267176673,0.2806289163110752,0.5,0.2806289163110752,0.2806289163110752,0.0,0.5,0.5935463243336803,0.20187632768894515,0.001537,0.010177,stage05_seed_stability_draft,Разрешен только аудит устойчивости к зернам случайности; строка не является самостоятельным итоговым выводом.
ST05_02_seed_stability_grid,miniboone_hgb_vs_logreg_average_precision_v01,nested_seed_stability_v01,nested_5x2_seed_grid_v01,openml_miniboone_41150,41150,MiniBooNE,signal,False,True,True,20260606,8,2,3,5,2,,,logistic_regression,control,not_applicable_control_model,,,,numeric_particleid_0_49_locked,50,ParticleID_0; ParticleID_1; ParticleID_2; ParticleID_3; ParticleID_4; ParticleID_5; ParticleID_6; ParticleID_7; ParticleID_8; ParticleID_9; ParticleID_10; ParticleID_11; ParticleID_12; ParticleID_13; ParticleID_14; ParticleID_15; ParticleID_16; ParticleID_17; ParticleID_18; ParticleID_19; ParticleID_20; ParticleID_21; ParticleID_22; ParticleID_23; ParticleID_24; ParticleID_25; ParticleID_26; ParticleID_27; ParticleID_28; ParticleID_29; ParticleID_30; ParticleID_31; ParticleID_32; ParticleID_33; ParticleID_34; ParticleID_35; ParticleID_36; ParticleID_37; ParticleID_38; ParticleID_39; ParticleID_40; ParticleID_41; ParticleID_42; ParticleID_43; ParticleID_44; ParticleID_45; ParticleID_46; ParticleID_47; ParticleID_48; ParticleID_49,104051,26013,0.28062200267176673,0.2806289163110752,0.938803743496756,0.8684803307546081,0.8684803307546081,0.7775551102204409,0.8337844908930793,0.285915497059165,0.08576488399402155,1.657842,0.02826,stage05_seed_stability_draft,Разрешен только аудит устойчивости к зернам случайности; строка не является самостоятельным итоговым выводом.
ST05_02_seed_stability_grid,miniboone_hgb_vs_logreg_average_precision_v01,nested_seed_stability_v01,nested_5x2_seed_grid_v01,openml_miniboone_41150,41150,MiniBooNE,signal,False,True,True,20260606,9,2,4,5,2,3,20260614,hist_gradient_boosting,tuned_candidate,hgb_8316cb7622a5,"{""l2_regularization"": 0.01, ""learning_rate"": 0.1, ""max_iter"": 150, ""max_leaf_nodes"": 63}",0.9586332301153685,16,numeric_particleid_0_49_locked,50,ParticleID_0; ParticleID_1; ParticleID_2; ParticleID_3; ParticleID_4; ParticleID_5; ParticleID_6; ParticleID_7; ParticleID_8; ParticleID_9; ParticleID_10; ParticleID_11; ParticleID_12; ParticleID_13; ParticleID_14; ParticleID_15; ParticleID_16; ParticleID_17; ParticleID_18; ParticleID_19; ParticleID_20; ParticleID_21; ParticleID_22; ParticleID_23; ParticleID_24; ParticleID_25; ParticleID_26; ParticleID_27; ParticleID_28; ParticleID_29; ParticleID_30; ParticleID_31; ParticleID_32; ParticleID_33; ParticleID_34; ParticleID_35; ParticleID_36; ParticleID_37; ParticleID_38; ParticleID_39; ParticleID_40; ParticleID_41; ParticleID_42; ParticleID_43; ParticleID_44; ParticleID_45; ParticleID_46; ParticleID_47; ParticleID_48; ParticleID_49,104051,26013,0.28062200267176673,0.2806289163110752,0.9848769553654372,0.9599161884921721,0.9599161884921721,0.9010795030212506,0.9333320693474392,0.14043619805288846,0.041616584211471616,61.954521,0.127152,stage05_seed_stability_draft,Разрешен только аудит устойчивости к зернам случайности; строка не является самостоятельным итоговым выводом.
ST05_02_seed_stability_grid,miniboone_hgb_vs_logreg_average_precision_v01,nested_seed_stability_v01,nested_5x2_seed_grid_v01,openml_miniboone_41150,41150,MiniBooNE,signal,False,True,True,20260606,9,2,4,5,2,,,dummy_prior,control,not_applicable_control_model,,,,numeric_particleid_0_49_locked,50,ParticleID_0; ParticleID_1; ParticleID_2; ParticleID_3; ParticleID_4; ParticleID_5; ParticleID_6; ParticleID_7; ParticleID_8; ParticleID_9; ParticleID_10; ParticleID_11; ParticleID_12; ParticleID_13; ParticleID_14; ParticleID_15; ParticleID_16; ParticleID_17; ParticleID_18; ParticleID_19; ParticleID_20; ParticleID_21; ParticleID_22; ParticleID_23; ParticleID_24; ParticleID_25; ParticleID_26; ParticleID_27; ParticleID_28; ParticleID_29; ParticleID_30; ParticleID_31; ParticleID_32; ParticleID_33; ParticleID_34; ParticleID_35; ParticleID_36; ParticleID_37; ParticleID_38; ParticleID_39; ParticleID_40; ParticleID_41; ParticleID_42; ParticleID_43; ParticleID_44; ParticleID_45; ParticleID_46; ParticleID_47; ParticleID_48; ParticleID_49,104051,26013,0.28062200267176673,0.2806289163110752,0.5,0.2806289163110752,0.2806289163110752,0.0,0.5,0.5935463243336803,0.20187632768894515,0.001449,0.01005,stage05_seed_stability_draft,Разрешен только аудит устойчивости к зернам случайности; строка не является самостоятельным итоговым выводом.
ST05_02_seed_stability_grid,miniboone_hgb_vs_logreg_average_precision_v01,nested_seed_stability_v01,nested_5x2_seed_grid_v01,openml_miniboone_41150,41150,MiniBooNE,signal,False,True,True,20260606,9,2,4,5,2,,,logistic_regression,control,not_applicable_control_model,,,,numeric_particleid_0_49_locked,50,ParticleID_0; ParticleID_1; ParticleID_2; ParticleID_3; ParticleID_4; ParticleID_5; ParticleID_6; ParticleID_7; ParticleID_8; ParticleID_9; ParticleID_10; ParticleID_11; ParticleID_12; ParticleID_13; ParticleID_14; ParticleID_15; ParticleID_16; ParticleID_17; ParticleID_18; ParticleID_19; ParticleID_20; ParticleID_21; ParticleID_22; ParticleID_23; ParticleID_24; ParticleID_25; ParticleID_26; ParticleID_27; ParticleID_28; ParticleID_29; ParticleID_30; ParticleID_31; ParticleID_32; ParticleID_33; ParticleID_34; ParticleID_35; ParticleID_36; ParticleID_37; ParticleID_38; ParticleID_39; ParticleID_40; ParticleID_41; ParticleID_42; ParticleID_43; ParticleID_44; ParticleID_45; ParticleID_46; ParticleID_47; ParticleID_48; ParticleID_49,104051,26013,0.28062200267176673,0.2806289163110752,0.9401214085292693,0.8691533678391837,0.8691533678391837,0.7787532275912947,0.83540200241719,0.28344728158938265,0.0849828397644199,1.574529,0.029123,stage05_seed_stability_draft,Разрешен только аудит устойчивости к зернам случайности; строка не является самостоятельным итоговым выводом.
ST05_02_seed_stability_grid,miniboone_hgb_vs_logreg_average_precision_v01,nested_seed_stability_v01,nested_5x2_seed_grid_v01,openml_miniboone_41150,41150,MiniBooNE,signal,False,True,True,20260606,10,2,5,5,2,3,20260615,hist_gradient_boosting,tuned_candidate,hgb_b5168b128e78,"{""l2_regularization"": 0.0, ""learning_rate"": 0.1, ""max_iter"": 150, ""max_leaf_nodes"": 63}",0.9572947213569724,16,numeric_particleid_0_49_locked,50,ParticleID_0; ParticleID_1; ParticleID_2; ParticleID_3; ParticleID_4; ParticleID_5; ParticleID_6; ParticleID_7; ParticleID_8; ParticleID_9; ParticleID_10; ParticleID_11; ParticleID_12; ParticleID_13; ParticleID_14; ParticleID_15; ParticleID_16; ParticleID_17; ParticleID_18; ParticleID_19; ParticleID_20; ParticleID_21; ParticleID_22; ParticleID_23; ParticleID_24; ParticleID_25; ParticleID_26; ParticleID_27; ParticleID_28; ParticleID_29; ParticleID_30; ParticleID_31; ParticleID_32; ParticleID_33; ParticleID_34; ParticleID_35; ParticleID_36; ParticleID_37; ParticleID_38; ParticleID_39; ParticleID_40; ParticleID_41; ParticleID_42; ParticleID_43; ParticleID_44; ParticleID_45; ParticleID_46; ParticleID_47; ParticleID_48; ParticleID_49,104052,26012,0.2806289163110752,0.28060126095648164,0.9857199542439823,0.9601539019481302,0.9601539019481302,0.9035775127768313,0.9342391372269584,0.13656698787582452,0.04026344231503919,56.031795,0.122125,stage05_seed_stability_draft,Разрешен только аудит устойчивости к зернам случайности; строка не является самостоятельным итоговым выводом.
ST05_02_seed_stability_grid,miniboone_hgb_vs_logreg_average_precision_v01,nested_seed_stability_v01,nested_5x2_seed_grid_v01,openml_miniboone_41150,41150,MiniBooNE,signal,False,True,True,20260606,10,2,5,5,2,,,dummy_prior,control,not_applicable_control_model,,,,numeric_particleid_0_49_locked,50,ParticleID_0; ParticleID_1; ParticleID_2; ParticleID_3; ParticleID_4; ParticleID_5; ParticleID_6; ParticleID_7; ParticleID_8; ParticleID_9; ParticleID_10; ParticleID_11; ParticleID_12; ParticleID_13; ParticleID_14; ParticleID_15; ParticleID_16; ParticleID_17; ParticleID_18; ParticleID_19; ParticleID_20; ParticleID_21; ParticleID_22; ParticleID_23; ParticleID_24; ParticleID_25; ParticleID_26; ParticleID_27; ParticleID_28; ParticleID_29; ParticleID_30; ParticleID_31; ParticleID_32; ParticleID_33; ParticleID_34; ParticleID_35; ParticleID_36; ParticleID_37; ParticleID_38; ParticleID_39; ParticleID_40; ParticleID_41; ParticleID_42; ParticleID_43; ParticleID_44; ParticleID_45; ParticleID_46; ParticleID_47; ParticleID_48; ParticleID_49,104052,26012,0.2806289163110752,0.28060126095648164,0.5,0.28060126095648164,0.28060126095648164,0.0,0.5,0.5935202910098233,0.2018641940709328,0.00151,0.010219,stage05_seed_stability_draft,Разрешен только аудит устойчивости к зернам случайности; строка не является самостоятельным итоговым выводом.
ST05_02_seed_stability_grid,miniboone_hgb_vs_logreg_average_precision_v01,nested_seed_stability_v01,nested_5x2_seed_grid_v01,openml_miniboone_41150,41150,MiniBooNE,signal,False,True,True,20260606,10,2,5,5,2,,,logistic_regression,control,not_applicable_control_model,,,,numeric_particleid_0_49_locked,50,ParticleID_0; ParticleID_1; ParticleID_2; ParticleID_3; ParticleID_4; ParticleID_5; ParticleID_6; ParticleID_7; ParticleID_8; ParticleID_9; ParticleID_10; ParticleID_11; ParticleID_12; ParticleID_13; ParticleID_14; ParticleID_15; ParticleID_16; ParticleID_17; ParticleID_18; ParticleID_19; ParticleID_20; ParticleID_21; ParticleID_22; ParticleID_23; ParticleID_24; ParticleID_25; ParticleID_26; ParticleID_27; ParticleID_28; ParticleID_29; ParticleID_30; ParticleID_31; ParticleID_32; ParticleID_33; ParticleID_34; ParticleID_35; ParticleID_36; ParticleID_37; ParticleID_38; ParticleID_39; ParticleID_40; ParticleID_41; ParticleID_42; ParticleID_43; ParticleID_44; ParticleID_45; ParticleID_46; ParticleID_47; ParticleID_48; ParticleID_49,104052,26012,0.2806289163110752,0.28060126095648164,0.9385307315153326,0.8631844205311682,0.8631844205311682,0.7747000444378611,0.8322702865993323,0.28859211816709107,0.08644508336561002,1.27155,0.029,stage05_seed_stability_draft,Разрешен только аудит устойчивости к зернам случайности; строка не является самостоятельным итоговым выводом.
ST05_02_seed_stability_grid,miniboone_hgb_vs_logreg_average_precision_v01,nested_seed_stability_v01,nested_5x2_seed_grid_v01,openml_miniboone_41150,41150,MiniBooNE,signal,False,True,True,20260616,1,1,1,5,2,3,20260616,hist_gradient_boosting,tuned_candidate,hgb_b5168b128e78,"{""l2_regularization"": 0.0, ""learning_rate"": 0.1, ""max_iter"": 150, ""max_leaf_nodes"": 63}",0.9580651518044339,16,numeric_particleid_0_49_locked,50,ParticleID_0; ParticleID_1; ParticleID_2; ParticleID_3; ParticleID_4; ParticleID_5; ParticleID_6; ParticleID_7; ParticleID_8; ParticleID_9; ParticleID_10; ParticleID_11; ParticleID_12; ParticleID_13; ParticleID_14; ParticleID_15; ParticleID_16; ParticleID_17; ParticleID_18; ParticleID_19; ParticleID_20; ParticleID_21; ParticleID_22; ParticleID_23; ParticleID_24; ParticleID_25; ParticleID_26; ParticleID_27; ParticleID_28; ParticleID_29; ParticleID_30; ParticleID_31; ParticleID_32; ParticleID_33; ParticleID_34; ParticleID_35; ParticleID_36; ParticleID_37; ParticleID_38; ParticleID_39; ParticleID_40; ParticleID_41; ParticleID_42; ParticleID_43; ParticleID_44; ParticleID_45; ParticleID_46; ParticleID_47; ParticleID_48; ParticleID_49,104051,26013,0.28062200267176673,0.2806289163110752,0.9843695284722583,0.9577856899751014,0.9577856899751014,0.9021346245652322,0.933000873321528,0.14198167848797114,0.04154593187073919,61.199635,0.155506,stage05_seed_stability_draft,Разрешен только аудит устойчивости к зернам случайности; строка не является самостоятельным итоговым выводом.
ST05_02_seed_stability_grid,miniboone_hgb_vs_logreg_average_precision_v01,nested_seed_stability_v01,nested_5x2_seed_grid_v01,openml_miniboone_41150,41150,MiniBooNE,signal,False,True,True,20260616,1,1,1,5,2,,,dummy_prior,control,not_applicable_control_model,,,,numeric_particleid_0_49_locked,50,ParticleID_0; ParticleID_1; ParticleID_2; ParticleID_3; ParticleID_4; ParticleID_5; ParticleID_6; ParticleID_7; ParticleID_8; ParticleID_9; ParticleID_10; ParticleID_11; ParticleID_12; ParticleID_13; ParticleID_14; ParticleID_15; ParticleID_16; ParticleID_17; ParticleID_18; ParticleID_19; ParticleID_20; ParticleID_21; ParticleID_22; ParticleID_23; ParticleID_24; ParticleID_25; ParticleID_26; ParticleID_27; ParticleID_28; ParticleID_29; ParticleID_30; ParticleID_31; ParticleID_32; ParticleID_33; ParticleID_34; ParticleID_35; ParticleID_36; ParticleID_37; ParticleID_38; ParticleID_39; ParticleID_40; ParticleID_41; ParticleID_42; ParticleID_43; ParticleID_44; ParticleID_45; ParticleID_46; ParticleID_47; ParticleID_48; ParticleID_49,104051,26013,0.28062200267176673,0.2806289163110752,0.5,0.2806289163110752,0.2806289163110752,0.0,0.5,0.5935463243336803,0.20187632768894515,0.001559,0.010763,stage05_seed_stability_draft,Разрешен только аудит устойчивости к зернам случайности; строка не является самостоятельным итоговым выводом.
ST05_02_seed_stability_grid,miniboone_hgb_vs_logreg_average_precision_v01,nested_seed_stability_v01,nested_5x2_seed_grid_v01,openml_miniboone_41150,41150,MiniBooNE,signal,False,True,True,20260616,1,1,1,5,2,,,logistic_regression,control,not_applicable_control_model,,,,numeric_particleid_0_49_locked,50,ParticleID_0; ParticleID_1; ParticleID_2; ParticleID_3; ParticleID_4; ParticleID_5; ParticleID_6; ParticleID_7; ParticleID_8; ParticleID_9; ParticleID_10; ParticleID_11; ParticleID_12; ParticleID_13; ParticleID_14; ParticleID_15; ParticleID_16; ParticleID_17; ParticleID_18; ParticleID_19; ParticleID_20; ParticleID_21; ParticleID_22; ParticleID_23; ParticleID_24; ParticleID_25; ParticleID_26; ParticleID_27; ParticleID_28; ParticleID_29; ParticleID_30; ParticleID_31; ParticleID_32; ParticleID_33; ParticleID_34; ParticleID_35; ParticleID_36; ParticleID_37; ParticleID_38; ParticleID_39; ParticleID_40; ParticleID_41; ParticleID_42; ParticleID_43; ParticleID_44; ParticleID_45; ParticleID_46; ParticleID_47; ParticleID_48; ParticleID_49,104051,26013,0.28062200267176673,0.2806289163110752,0.9397406974420391,0.869027991339509,0.869027991339509,0.7786485287594263,0.8350343142888725,0.2838983319247653,0.08500427763980571,1.29405,0.027724,stage05_seed_stability_draft,Разрешен только аудит устойчивости к зернам случайности; строка не является самостоятельным итоговым выводом.
ST05_02_seed_stability_grid,miniboone_hgb_vs_logreg_average_precision_v01,nested_seed_stability_v01,nested_5x2_seed_grid_v01,openml_miniboone_41150,41150,MiniBooNE,signal,False,True,True,20260616,2,1,2,5,2,3,20260617,hist_gradient_boosting,tuned_candidate,hgb_b5168b128e78,"{""l2_regularization"": 0.0, ""learning_rate"": 0.1, ""max_iter"": 150, ""max_leaf_nodes"": 63}",0.9575477073920237,16,numeric_particleid_0_49_locked,50,ParticleID_0; ParticleID_1; ParticleID_2; ParticleID_3; ParticleID_4; ParticleID_5; ParticleID_6; ParticleID_7; ParticleID_8; ParticleID_9; ParticleID_10; ParticleID_11; ParticleID_12; ParticleID_13; ParticleID_14; ParticleID_15; ParticleID_16; ParticleID_17; ParticleID_18; ParticleID_19; ParticleID_20; ParticleID_21; ParticleID_22; ParticleID_23; ParticleID_24; ParticleID_25; ParticleID_26; ParticleID_27; ParticleID_28; ParticleID_29; ParticleID_30; ParticleID_31; ParticleID_32; ParticleID_33; ParticleID_34; ParticleID_35; ParticleID_36; ParticleID_37; ParticleID_38; ParticleID_39; ParticleID_40; ParticleID_41; ParticleID_42; ParticleID_43; ParticleID_44; ParticleID_45; ParticleID_46; ParticleID_47; ParticleID_48; ParticleID_49,104051,26013,0.28062200267176673,0.2806289163110752,0.9854476596373922,0.9582263279548956,0.9582263279548956,0.901538880566526,0.932957602545736,0.13762747365526534,0.040627229650651214,78.606718,0.279147,stage05_seed_stability_draft,Разрешен только аудит устойчивости к зернам случайности; строка не является самостоятельным итоговым выводом.
ST05_02_seed_stability_grid,miniboone_hgb_vs_logreg_average_precision_v01,nested_seed_stability_v01,nested_5x2_seed_grid_v01,openml_miniboone_41150,41150,MiniBooNE,signal,False,True,True,20260616,2,1,2,5,2,,,dummy_prior,control,not_applicable_control_model,,,,numeric_particleid_0_49_locked,50,ParticleID_0; ParticleID_1; ParticleID_2; ParticleID_3; ParticleID_4; ParticleID_5; ParticleID_6; ParticleID_7; ParticleID_8; ParticleID_9; ParticleID_10; ParticleID_11; ParticleID_12; ParticleID_13; ParticleID_14; ParticleID_15; ParticleID_16; ParticleID_17; ParticleID_18; ParticleID_19; ParticleID_20; ParticleID_21; ParticleID_22; ParticleID_23; ParticleID_24; ParticleID_25; ParticleID_26; ParticleID_27; ParticleID_28; ParticleID_29; ParticleID_30; ParticleID_31; ParticleID_32; ParticleID_33; ParticleID_34; ParticleID_35; ParticleID_36; ParticleID_37; ParticleID_38; ParticleID_39; ParticleID_40; ParticleID_41; ParticleID_42; ParticleID_43; ParticleID_44; ParticleID_45; ParticleID_46; ParticleID_47; ParticleID_48; ParticleID_49,104051,26013,0.28062200267176673,0.2806289163110752,0.5,0.2806289163110752,0.2806289163110752,0.0,0.5,0.5935463243336803,0.20187632768894515,0.001743,0.011466,stage05_seed_stability_draft,Разрешен только аудит устойчивости к зернам случайности; строка не является самостоятельным итоговым выводом.
ST05_02_seed_stability_grid,miniboone_hgb_vs_logreg_average_precision_v01,nested_seed_stability_v01,nested_5x2_seed_grid_v01,openml_miniboone_41150,41150,MiniBooNE,signal,False,True,True,20260616,2,1,2,5,2,,,logistic_regression,control,not_applicable_control_model,,,,numeric_particleid_0_49_locked,50,ParticleID_0; ParticleID_1; ParticleID_2; ParticleID_3; ParticleID_4; ParticleID_5; ParticleID_6; ParticleID_7; ParticleID_8; ParticleID_9; ParticleID_10; ParticleID_11; ParticleID_12; ParticleID_13; ParticleID_14; ParticleID_15; ParticleID_16; ParticleID_17; ParticleID_18; ParticleID_19; ParticleID_20; ParticleID_21; ParticleID_22; ParticleID_23; ParticleID_24; ParticleID_25; ParticleID_26; ParticleID_27; ParticleID_28; ParticleID_29; ParticleID_30; ParticleID_31; ParticleID_32; ParticleID_33; ParticleID_34; ParticleID_35; ParticleID_36; ParticleID_37; ParticleID_38; ParticleID_39; ParticleID_40; ParticleID_41; ParticleID_42; ParticleID_43; ParticleID_44; ParticleID_45; ParticleID_46; ParticleID_47; ParticleID_48; ParticleID_49,104051,26013,0.28062200267176673,0.2806289163110752,0.9390521643074297,0.865946307090645,0.865946307090645,0.7763837638376384,0.8338217735967012,0.2873179598658573,0.08574298066856191,1.455025,0.029774,stage05_seed_stability_draft,Разрешен только аудит устойчивости к зернам случайности; строка не является самостоятельным итоговым выводом.
ST05_02_seed_stability_grid,miniboone_hgb_vs_logreg_average_precision_v01,nested_seed_stability_v01,nested_5x2_seed_grid_v01,openml_miniboone_41150,41150,MiniBooNE,signal,False,True,True,20260616,3,1,3,5,2,3,20260618,hist_gradient_boosting,tuned_candidate,hgb_b5168b128e78,"{""l2_regularization"": 0.0, ""learning_rate"": 0.1, ""max_iter"": 150, ""max_leaf_nodes"": 63}",0.9584042123607244,16,numeric_particleid_0_49_locked,50,ParticleID_0; ParticleID_1; ParticleID_2; ParticleID_3; ParticleID_4; ParticleID_5; ParticleID_6; ParticleID_7; ParticleID_8; ParticleID_9; ParticleID_10; ParticleID_11; ParticleID_12; ParticleID_13; ParticleID_14; ParticleID_15; ParticleID_16; ParticleID_17; ParticleID_18; ParticleID_19; ParticleID_20; ParticleID_21; ParticleID_22; ParticleID_23; ParticleID_24; ParticleID_25; ParticleID_26; ParticleID_27; ParticleID_28; ParticleID_29; ParticleID_30; ParticleID_31; ParticleID_32; ParticleID_33; ParticleID_34; ParticleID_35; ParticleID_36; ParticleID_37; ParticleID_38; ParticleID_39; ParticleID_40; ParticleID_41; ParticleID_42; ParticleID_43; ParticleID_44; ParticleID_45; ParticleID_46; ParticleID_47; ParticleID_48; ParticleID_49,104051,26013,0.28062200267176673,0.2806289163110752,0.9845531602453499,0.9564836291450429,0.9564836291450429,0.8985961564672209,0.9307074965832118,0.14200209672673686,0.042073250691047004,64.573252,0.125681,stage05_seed_stability_draft,Разрешен только аудит устойчивости к зернам случайности; строка не является самостоятельным итоговым выводом.
ST05_02_seed_stability_grid,miniboone_hgb_vs_logreg_average_precision_v01,nested_seed_stability_v01,nested_5x2_seed_grid_v01,openml_miniboone_41150,41150,MiniBooNE,signal,False,True,True,20260616,3,1,3,5,2,,,dummy_prior,control,not_applicable_control_model,,,,numeric_particleid_0_49_locked,50,ParticleID_0; ParticleID_1; ParticleID_2; ParticleID_3; ParticleID_4; ParticleID_5; ParticleID_6; ParticleID_7; ParticleID_8; ParticleID_9; ParticleID_10; ParticleID_11; ParticleID_12; ParticleID_13; ParticleID_14; ParticleID_15; ParticleID_16; ParticleID_17; ParticleID_18; ParticleID_19; ParticleID_20; ParticleID_21; ParticleID_22; ParticleID_23; ParticleID_24; ParticleID_25; ParticleID_26; ParticleID_27; ParticleID_28; ParticleID_29; ParticleID_30; ParticleID_31; ParticleID_32; ParticleID_33; ParticleID_34; ParticleID_35; ParticleID_36; ParticleID_37; ParticleID_38; ParticleID_39; ParticleID_40; ParticleID_41; ParticleID_42; ParticleID_43; ParticleID_44; ParticleID_45; ParticleID_46; ParticleID_47; ParticleID_48; ParticleID_49,104051,26013,0.28062200267176673,0.2806289163110752,0.5,0.2806289163110752,0.2806289163110752,0.0,0.5,0.5935463243336803,0.20187632768894515,0.001493,0.009732,stage05_seed_stability_draft,Разрешен только аудит устойчивости к зернам случайности; строка не является самостоятельным итоговым выводом.
ST05_02_seed_stability_grid,miniboone_hgb_vs_logreg_average_precision_v01,nested_seed_stability_v01,nested_5x2_seed_grid_v01,openml_miniboone_41150,41150,MiniBooNE,signal,False,True,True,20260616,3,1,3,5,2,,,logistic_regression,control,not_applicable_control_model,,,,numeric_particleid_0_49_locked,50,ParticleID_0; ParticleID_1; ParticleID_2; ParticleID_3; ParticleID_4; ParticleID_5; ParticleID_6; ParticleID_7; ParticleID_8; ParticleID_9; ParticleID_10; ParticleID_11; ParticleID_12; ParticleID_13; ParticleID_14; ParticleID_15; ParticleID_16; ParticleID_17; ParticleID_18; ParticleID_19; ParticleID_20; ParticleID_21; ParticleID_22; ParticleID_23; ParticleID_24; ParticleID_25; ParticleID_26; ParticleID_27; ParticleID_28; ParticleID_29; ParticleID_30; ParticleID_31; ParticleID_32; ParticleID_33; ParticleID_34; ParticleID_35; ParticleID_36; ParticleID_37; ParticleID_38; ParticleID_39; ParticleID_40; ParticleID_41; ParticleID_42; ParticleID_43; ParticleID_44; ParticleID_45; ParticleID_46; ParticleID_47; ParticleID_48; ParticleID_49,104051,26013,0.28062200267176673,0.2806289163110752,0.9384512634612667,0.8672401793193052,0.8672401793193052,0.7739776951672862,0.8312570229911226,0.2861646554572086,0.08576121432439626,1.558949,0.027887,stage05_seed_stability_draft,Разрешен только аудит устойчивости к зернам случайности; строка не является самостоятельным итоговым выводом.
ST05_02_seed_stability_grid,miniboone_hgb_vs_logreg_average_precision_v01,nested_seed_stability_v01,nested_5x2_seed_grid_v01,openml_miniboone_41150,41150,MiniBooNE,signal,False,True,True,20260616,4,1,4,5,2,3,20260619,hist_gradient_boosting,tuned_candidate,hgb_b5168b128e78,"{""l2_regularization"": 0.0, ""learning_rate"": 0.1, ""max_iter"": 150, ""max_leaf_nodes"": 63}",0.9579828641231473,16,numeric_particleid_0_49_locked,50,ParticleID_0; ParticleID_1; ParticleID_2; ParticleID_3; ParticleID_4; ParticleID_5; ParticleID_6; ParticleID_7; ParticleID_8; ParticleID_9; ParticleID_10; ParticleID_11; ParticleID_12; ParticleID_13; ParticleID_14; ParticleID_15; ParticleID_16; ParticleID_17; ParticleID_18; ParticleID_19; ParticleID_20; ParticleID_21; ParticleID_22; ParticleID_23; ParticleID_24; ParticleID_25; ParticleID_26; ParticleID_27; ParticleID_28; ParticleID_29; ParticleID_30; ParticleID_31; ParticleID_32; ParticleID_33; ParticleID_34; ParticleID_35; ParticleID_36; ParticleID_37; ParticleID_38; ParticleID_39; ParticleID_40; ParticleID_41; ParticleID_42; ParticleID_43; ParticleID_44; ParticleID_45; ParticleID_46; ParticleID_47; ParticleID_48; ParticleID_49,104051,26013,0.28062200267176673,0.2806289163110752,0.9853523116667119,0.9609302686898566,0.9609302686898566,0.9017427273343731,0.9340888833416664,0.1384238440622281,0.04092582460765923,56.582585,0.189947,stage05_seed_stability_draft,Разрешен только аудит устойчивости к зернам случайности; строка не является самостоятельным итоговым выводом.
ST05_02_seed_stability_grid,miniboone_hgb_vs_logreg_average_precision_v01,nested_seed_stability_v01,nested_5x2_seed_grid_v01,openml_miniboone_41150,41150,MiniBooNE,signal,False,True,True,20260616,4,1,4,5,2,,,dummy_prior,control,not_applicable_control_model,,,,numeric_particleid_0_49_locked,50,ParticleID_0; ParticleID_1; ParticleID_2; ParticleID_3; ParticleID_4; ParticleID_5; ParticleID_6; ParticleID_7; ParticleID_8; ParticleID_9; ParticleID_10; ParticleID_11; ParticleID_12; ParticleID_13; ParticleID_14; ParticleID_15; ParticleID_16; ParticleID_17; ParticleID_18; ParticleID_19; ParticleID_20; ParticleID_21; ParticleID_22; ParticleID_23; ParticleID_24; ParticleID_25; ParticleID_26; ParticleID_27; ParticleID_28; ParticleID_29; ParticleID_30; ParticleID_31; ParticleID_32; ParticleID_33; ParticleID_34; ParticleID_35; ParticleID_36; ParticleID_37; ParticleID_38; ParticleID_39; ParticleID_40; ParticleID_41; ParticleID_42; ParticleID_43; ParticleID_44; ParticleID_45; ParticleID_46; ParticleID_47; ParticleID_48; ParticleID_49,104051,26013,0.28062200267176673,0.2806289163110752,0.5,0.2806289163110752,0.2806289163110752,0.0,0.5,0.5935463243336803,0.20187632768894515,0.001467,0.010044,stage05_seed_stability_draft,Разрешен только аудит устойчивости к зернам случайности; строка не является самостоятельным итоговым выводом.
ST05_02_seed_stability_grid,miniboone_hgb_vs_logreg_average_precision_v01,nested_seed_stability_v01,nested_5x2_seed_grid_v01,openml_miniboone_41150,41150,MiniBooNE,signal,False,True,True,20260616,4,1,4,5,2,,,logistic_regression,control,not_applicable_control_model,,,,numeric_particleid_0_49_locked,50,ParticleID_0; ParticleID_1; ParticleID_2; ParticleID_3; ParticleID_4; ParticleID_5; ParticleID_6; ParticleID_7; ParticleID_8; ParticleID_9; ParticleID_10; ParticleID_11; ParticleID_12; ParticleID_13; ParticleID_14; ParticleID_15; ParticleID_16; ParticleID_17; ParticleID_18; ParticleID_19; ParticleID_20; ParticleID_21; ParticleID_22; ParticleID_23; ParticleID_24; ParticleID_25; ParticleID_26; ParticleID_27; ParticleID_28; ParticleID_29; ParticleID_30; ParticleID_31; ParticleID_32; ParticleID_33; ParticleID_34; ParticleID_35; ParticleID_36; ParticleID_37; ParticleID_38; ParticleID_39; ParticleID_40; ParticleID_41; ParticleID_42; ParticleID_43; ParticleID_44; ParticleID_45; ParticleID_46; ParticleID_47; ParticleID_48; ParticleID_49,104051,26013,0.28062200267176673,0.2806289163110752,0.942721974101954,0.8733681405548239,0.8733681405548239,0.7841351450605949,0.8395115914582859,0.2786478472273834,0.08336025468379703,1.626318,0.029249,stage05_seed_stability_draft,Разрешен только аудит устойчивости к зернам случайности; строка не является самостоятельным итоговым выводом.
ST05_02_seed_stability_grid,miniboone_hgb_vs_logreg_average_precision_v01,nested_seed_stability_v01,nested_5x2_seed_grid_v01,openml_miniboone_41150,41150,MiniBooNE,signal,False,True,True,20260616,5,1,5,5,2,3,20260620,hist_gradient_boosting,tuned_candidate,hgb_b5168b128e78,"{""l2_regularization"": 0.0, ""learning_rate"": 0.1, ""max_iter"": 150, ""max_leaf_nodes"": 63}",0.9577079239516203,16,numeric_particleid_0_49_locked,50,ParticleID_0; ParticleID_1; ParticleID_2; ParticleID_3; ParticleID_4; ParticleID_5; ParticleID_6; ParticleID_7; ParticleID_8; ParticleID_9; ParticleID_10; ParticleID_11; ParticleID_12; ParticleID_13; ParticleID_14; ParticleID_15; ParticleID_16; ParticleID_17; ParticleID_18; ParticleID_19; ParticleID_20; ParticleID_21; ParticleID_22; ParticleID_23; ParticleID_24; ParticleID_25; ParticleID_26; ParticleID_27; ParticleID_28; ParticleID_29; ParticleID_30; ParticleID_31; ParticleID_32; ParticleID_33; ParticleID_34; ParticleID_35; ParticleID_36; ParticleID_37; ParticleID_38; ParticleID_39; ParticleID_40; ParticleID_41; ParticleID_42; ParticleID_43; ParticleID_44; ParticleID_45; ParticleID_46; ParticleID_47; ParticleID_48; ParticleID_49,104052,26012,0.2806289163110752,0.28060126095648164,0.984857136395498,0.9584312592456313,0.9584312592456313,0.9013318836640392,0.9333340859716657,0.14070508552691569,0.04134260085612969,75.620338,0.137951,stage05_seed_stability_draft,Разрешен только аудит устойчивости к зернам случайности; строка не является самостоятельным итоговым выводом.
ST05_02_seed_stability_grid,miniboone_hgb_vs_logreg_average_precision_v01,nested_seed_stability_v01,nested_5x2_seed_grid_v01,openml_miniboone_41150,41150,MiniBooNE,signal,False,True,True,20260616,5,1,5,5,2,,,dummy_prior,control,not_applicable_control_model,,,,numeric_particleid_0_49_locked,50,ParticleID_0; ParticleID_1; ParticleID_2; ParticleID_3; ParticleID_4; ParticleID_5; ParticleID_6; ParticleID_7; ParticleID_8; ParticleID_9; ParticleID_10; ParticleID_11; ParticleID_12; ParticleID_13; ParticleID_14; ParticleID_15; ParticleID_16; ParticleID_17; ParticleID_18; ParticleID_19; ParticleID_20; ParticleID_21; ParticleID_22; ParticleID_23; ParticleID_24; ParticleID_25; ParticleID_26; ParticleID_27; ParticleID_28; ParticleID_29; ParticleID_30; ParticleID_31; ParticleID_32; ParticleID_33; ParticleID_34; ParticleID_35; ParticleID_36; ParticleID_37; ParticleID_38; ParticleID_39; ParticleID_40; ParticleID_41; ParticleID_42; ParticleID_43; ParticleID_44; ParticleID_45; ParticleID_46; ParticleID_47; ParticleID_48; ParticleID_49,104052,26012,0.2806289163110752,0.28060126095648164,0.5,0.28060126095648164,0.28060126095648164,0.0,0.5,0.5935202910098233,0.2018641940709328,0.001699,0.020388,stage05_seed_stability_draft,Разрешен только аудит устойчивости к зернам случайности; строка не является самостоятельным итоговым выводом.
ST05_02_seed_stability_grid,miniboone_hgb_vs_logreg_average_precision_v01,nested_seed_stability_v01,nested_5x2_seed_grid_v01,openml_miniboone_41150,41150,MiniBooNE,signal,False,True,True,20260616,5,1,5,5,2,,,logistic_regression,control,not_applicable_control_model,,,,numeric_particleid_0_49_locked,50,ParticleID_0; ParticleID_1; ParticleID_2; ParticleID_3; ParticleID_4; ParticleID_5; ParticleID_6; ParticleID_7; ParticleID_8; ParticleID_9; ParticleID_10; ParticleID_11; ParticleID_12; ParticleID_13; ParticleID_14; ParticleID_15; ParticleID_16; ParticleID_17; ParticleID_18; ParticleID_19; ParticleID_20; ParticleID_21; ParticleID_22; ParticleID_23; ParticleID_24; ParticleID_25; ParticleID_26; ParticleID_27; ParticleID_28; ParticleID_29; ParticleID_30; ParticleID_31; ParticleID_32; ParticleID_33; ParticleID_34; ParticleID_35; ParticleID_36; ParticleID_37; ParticleID_38; ParticleID_39; ParticleID_40; ParticleID_41; ParticleID_42; ParticleID_43; ParticleID_44; ParticleID_45; ParticleID_46; ParticleID_47; ParticleID_48; ParticleID_49,104052,26012,0.2806289163110752,0.28060126095648164,0.9367380831855274,0.8615780836245669,0.8615780836245669,0.774298135730602,0.8327119747474904,0.2900922403245853,0.08742175716618301,1.618144,0.028774,stage05_seed_stability_draft,Разрешен только аудит устойчивости к зернам случайности; строка не является самостоятельным итоговым выводом.
ST05_02_seed_stability_grid,miniboone_hgb_vs_logreg_average_precision_v01,nested_seed_stability_v01,nested_5x2_seed_grid_v01,openml_miniboone_41150,41150,MiniBooNE,signal,False,True,True,20260616,6,2,1,5,2,3,20260621,hist_gradient_boosting,tuned_candidate,hgb_8316cb7622a5,"{""l2_regularization"": 0.01, ""learning_rate"": 0.1, ""max_iter"": 150, ""max_leaf_nodes"": 63}",0.9565560494197852,16,numeric_particleid_0_49_locked,50,ParticleID_0; ParticleID_1; ParticleID_2; ParticleID_3; ParticleID_4; ParticleID_5; ParticleID_6; ParticleID_7; ParticleID_8; ParticleID_9; ParticleID_10; ParticleID_11; ParticleID_12; ParticleID_13; ParticleID_14; ParticleID_15; ParticleID_16; ParticleID_17; ParticleID_18; ParticleID_19; ParticleID_20; ParticleID_21; ParticleID_22; ParticleID_23; ParticleID_24; ParticleID_25; ParticleID_26; ParticleID_27; ParticleID_28; ParticleID_29; ParticleID_30; ParticleID_31; ParticleID_32; ParticleID_33; ParticleID_34; ParticleID_35; ParticleID_36; ParticleID_37; ParticleID_38; ParticleID_39; ParticleID_40; ParticleID_41; ParticleID_42; ParticleID_43; ParticleID_44; ParticleID_45; ParticleID_46; ParticleID_47; ParticleID_48; ParticleID_49,104051,26013,0.28062200267176673,0.2806289163110752,0.9861365185289839,0.9634152254118704,0.9634152254118704,0.9054590231221782,0.934584096178102,0.13413047253701593,0.03929151451601532,61.31365,0.135179,stage05_seed_stability_draft,Разрешен только аудит устойчивости к зернам случайности; строка не является самостоятельным итоговым выводом.
ST05_02_seed_stability_grid,miniboone_hgb_vs_logreg_average_precision_v01,nested_seed_stability_v01,nested_5x2_seed_grid_v01,openml_miniboone_41150,41150,MiniBooNE,signal,False,True,True,20260616,6,2,1,5,2,,,dummy_prior,control,not_applicable_control_model,,,,numeric_particleid_0_49_locked,50,ParticleID_0; ParticleID_1; ParticleID_2; ParticleID_3; ParticleID_4; ParticleID_5; ParticleID_6; ParticleID_7; ParticleID_8; ParticleID_9; ParticleID_10; ParticleID_11; ParticleID_12; ParticleID_13; ParticleID_14; ParticleID_15; ParticleID_16; ParticleID_17; ParticleID_18; ParticleID_19; ParticleID_20; ParticleID_21; ParticleID_22; ParticleID_23; ParticleID_24; ParticleID_25; ParticleID_26; ParticleID_27; ParticleID_28; ParticleID_29; ParticleID_30; ParticleID_31; ParticleID_32; ParticleID_33; ParticleID_34; ParticleID_35; ParticleID_36; ParticleID_37; ParticleID_38; ParticleID_39; ParticleID_40; ParticleID_41; ParticleID_42; ParticleID_43; ParticleID_44; ParticleID_45; ParticleID_46; ParticleID_47; ParticleID_48; ParticleID_49,104051,26013,0.28062200267176673,0.2806289163110752,0.5,0.2806289163110752,0.2806289163110752,0.0,0.5,0.5935463243336803,0.20187632768894515,0.00188,0.010026,stage05_seed_stability_draft,Разрешен только аудит устойчивости к зернам случайности; строка не является самостоятельным итоговым выводом.
ST05_02_seed_stability_grid,miniboone_hgb_vs_logreg_average_precision_v01,nested_seed_stability_v01,nested_5x2_seed_grid_v01,openml_miniboone_41150,41150,MiniBooNE,signal,False,True,True,20260616,6,2,1,5,2,,,logistic_regression,control,not_applicable_control_model,,,,numeric_particleid_0_49_locked,50,ParticleID_0; ParticleID_1; ParticleID_2; ParticleID_3; ParticleID_4; ParticleID_5; ParticleID_6; ParticleID_7; ParticleID_8; ParticleID_9; ParticleID_10; ParticleID_11; ParticleID_12; ParticleID_13; ParticleID_14; ParticleID_15; ParticleID_16; ParticleID_17; ParticleID_18; ParticleID_19; ParticleID_20; ParticleID_21; ParticleID_22; ParticleID_23; ParticleID_24; ParticleID_25; ParticleID_26; ParticleID_27; ParticleID_28; ParticleID_29; ParticleID_30; ParticleID_31; ParticleID_32; ParticleID_33; ParticleID_34; ParticleID_35; ParticleID_36; ParticleID_37; ParticleID_38; ParticleID_39; ParticleID_40; ParticleID_41; ParticleID_42; ParticleID_43; ParticleID_44; ParticleID_45; ParticleID_46; ParticleID_47; ParticleID_48; ParticleID_49,104051,26013,0.28062200267176673,0.2806289163110752,0.9399908312220132,0.8688662359399926,0.8688662359399926,0.7805633387405987,0.8366431548209471,0.28431288683423545,0.08482059107136736,1.277267,0.028449,stage05_seed_stability_draft,Разрешен только аудит устойчивости к зернам случайности; строка не является самостоятельным итоговым выводом.
ST05_02_seed_stability_grid,miniboone_hgb_vs_logreg_average_precision_v01,nested_seed_stability_v01,nested_5x2_seed_grid_v01,openml_miniboone_41150,41150,MiniBooNE,signal,False,True,True,20260616,7,2,2,5,2,3,20260622,hist_gradient_boosting,tuned_candidate,hgb_8316cb7622a5,"{""l2_regularization"": 0.01, ""learning_rate"": 0.1, ""max_iter"": 150, ""max_leaf_nodes"": 63}",0.9580927631270578,16,numeric_particleid_0_49_locked,50,ParticleID_0; ParticleID_1; ParticleID_2; ParticleID_3; ParticleID_4; ParticleID_5; ParticleID_6; ParticleID_7; ParticleID_8; ParticleID_9; ParticleID_10; ParticleID_11; ParticleID_12; ParticleID_13; ParticleID_14; ParticleID_15; ParticleID_16; ParticleID_17; ParticleID_18; ParticleID_19; ParticleID_20; ParticleID_21; ParticleID_22; ParticleID_23; ParticleID_24; ParticleID_25; ParticleID_26; ParticleID_27; ParticleID_28; ParticleID_29; ParticleID_30; ParticleID_31; ParticleID_32; ParticleID_33; ParticleID_34; ParticleID_35; ParticleID_36; ParticleID_37; ParticleID_38; ParticleID_39; ParticleID_40; ParticleID_41; ParticleID_42; ParticleID_43; ParticleID_44; ParticleID_45; ParticleID_46; ParticleID_47; ParticleID_48; ParticleID_49,104051,26013,0.28062200267176673,0.2806289163110752,0.98438097022874,0.9563439671278832,0.9563439671278832,0.8981808308444204,0.9313476602962265,0.14238853521736597,0.04202872231217422,55.446564,0.127188,stage05_seed_stability_draft,Разрешен только аудит устойчивости к зернам случайности; строка не является самостоятельным итоговым выводом.
ST05_02_seed_stability_grid,miniboone_hgb_vs_logreg_average_precision_v01,nested_seed_stability_v01,nested_5x2_seed_grid_v01,openml_miniboone_41150,41150,MiniBooNE,signal,False,True,True,20260616,7,2,2,5,2,,,dummy_prior,control,not_applicable_control_model,,,,numeric_particleid_0_49_locked,50,ParticleID_0; ParticleID_1; ParticleID_2; ParticleID_3; ParticleID_4; ParticleID_5; ParticleID_6; ParticleID_7; ParticleID_8; ParticleID_9; ParticleID_10; ParticleID_11; ParticleID_12; ParticleID_13; ParticleID_14; ParticleID_15; ParticleID_16; ParticleID_17; ParticleID_18; ParticleID_19; ParticleID_20; ParticleID_21; ParticleID_22; ParticleID_23; ParticleID_24; ParticleID_25; ParticleID_26; ParticleID_27; ParticleID_28; ParticleID_29; ParticleID_30; ParticleID_31; ParticleID_32; ParticleID_33; ParticleID_34; ParticleID_35; ParticleID_36; ParticleID_37; ParticleID_38; ParticleID_39; ParticleID_40; ParticleID_41; ParticleID_42; ParticleID_43; ParticleID_44; ParticleID_45; ParticleID_46; ParticleID_47; ParticleID_48; ParticleID_49,104051,26013,0.28062200267176673,0.2806289163110752,0.5,0.2806289163110752,0.2806289163110752,0.0,0.5,0.5935463243336803,0.20187632768894515,0.001482,0.010131,stage05_seed_stability_draft,Разрешен только аудит устойчивости к зернам случайности; строка не является самостоятельным итоговым выводом.
ST05_02_seed_stability_grid,miniboone_hgb_vs_logreg_average_precision_v01,nested_seed_stability_v01,nested_5x2_seed_grid_v01,openml_miniboone_41150,41150,MiniBooNE,signal,False,True,True,20260616,7,2,2,5,2,,,logistic_regression,control,not_applicable_control_model,,,,numeric_particleid_0_49_locked,50,ParticleID_0; ParticleID_1; ParticleID_2; ParticleID_3; ParticleID_4; ParticleID_5; ParticleID_6; ParticleID_7; ParticleID_8; ParticleID_9; ParticleID_10; ParticleID_11; ParticleID_12; ParticleID_13; ParticleID_14; ParticleID_15; ParticleID_16; ParticleID_17; ParticleID_18; ParticleID_19; ParticleID_20; ParticleID_21; ParticleID_22; ParticleID_23; ParticleID_24; ParticleID_25; ParticleID_26; ParticleID_27; ParticleID_28; ParticleID_29; ParticleID_30; ParticleID_31; ParticleID_32; ParticleID_33; ParticleID_34; ParticleID_35; ParticleID_36; ParticleID_37; ParticleID_38; ParticleID_39; ParticleID_40; ParticleID_41; ParticleID_42; ParticleID_43; ParticleID_44; ParticleID_45; ParticleID_46; ParticleID_47; ParticleID_48; ParticleID_49,104051,26013,0.28062200267176673,0.2806289163110752,0.9384931872868394,0.8655988624320872,0.8655988624320872,0.769390633118088,0.8285478009939614,0.2864152351572831,0.08628272374958092,1.42372,0.027489,stage05_seed_stability_draft,Разрешен только аудит устойчивости к зернам случайности; строка не является самостоятельным итоговым выводом.
ST05_02_seed_stability_grid,miniboone_hgb_vs_logreg_average_precision_v01,nested_seed_stability_v01,nested_5x2_seed_grid_v01,openml_miniboone_41150,41150,MiniBooNE,signal,False,True,True,20260616,8,2,3,5,2,3,20260623,hist_gradient_boosting,tuned_candidate,hgb_b5168b128e78,"{""l2_regularization"": 0.0, ""learning_rate"": 0.1, ""max_iter"": 150, ""max_leaf_nodes"": 63}",0.9577048398426767,16,numeric_particleid_0_49_locked,50,ParticleID_0; ParticleID_1; ParticleID_2; ParticleID_3; ParticleID_4; ParticleID_5; ParticleID_6; ParticleID_7; ParticleID_8; ParticleID_9; ParticleID_10; ParticleID_11; ParticleID_12; ParticleID_13; ParticleID_14; ParticleID_15; ParticleID_16; ParticleID_17; ParticleID_18; ParticleID_19; ParticleID_20; ParticleID_21; ParticleID_22; ParticleID_23; ParticleID_24; ParticleID_25; ParticleID_26; ParticleID_27; ParticleID_28; ParticleID_29; ParticleID_30; ParticleID_31; ParticleID_32; ParticleID_33; ParticleID_34; ParticleID_35; ParticleID_36; ParticleID_37; ParticleID_38; ParticleID_39; ParticleID_40; ParticleID_41; ParticleID_42; ParticleID_43; ParticleID_44; ParticleID_45; ParticleID_46; ParticleID_47; ParticleID_48; ParticleID_49,104051,26013,0.28062200267176673,0.2806289163110752,0.9852816260617299,0.9605421127466713,0.9605421127466713,0.904311108084179,0.9348467990533282,0.13823901426426724,0.040504516905371206,57.577977,0.133558,stage05_seed_stability_draft,Разрешен только аудит устойчивости к зернам случайности; строка не является самостоятельным итоговым выводом.
ST05_02_seed_stability_grid,miniboone_hgb_vs_logreg_average_precision_v01,nested_seed_stability_v01,nested_5x2_seed_grid_v01,openml_miniboone_41150,41150,MiniBooNE,signal,False,True,True,20260616,8,2,3,5,2,,,dummy_prior,control,not_applicable_control_model,,,,numeric_particleid_0_49_locked,50,ParticleID_0; ParticleID_1; ParticleID_2; ParticleID_3; ParticleID_4; ParticleID_5; ParticleID_6; ParticleID_7; ParticleID_8; ParticleID_9; ParticleID_10; ParticleID_11; ParticleID_12; ParticleID_13; ParticleID_14; ParticleID_15; ParticleID_16; ParticleID_17; ParticleID_18; ParticleID_19; ParticleID_20; ParticleID_21; ParticleID_22; ParticleID_23; ParticleID_24; ParticleID_25; ParticleID_26; ParticleID_27; ParticleID_28; ParticleID_29; ParticleID_30; ParticleID_31; ParticleID_32; ParticleID_33; ParticleID_34; ParticleID_35; ParticleID_36; ParticleID_37; ParticleID_38; ParticleID_39; ParticleID_40; ParticleID_41; ParticleID_42; ParticleID_43; ParticleID_44; ParticleID_45; ParticleID_46; ParticleID_47; ParticleID_48; ParticleID_49,104051,26013,0.28062200267176673,0.2806289163110752,0.5,0.2806289163110752,0.2806289163110752,0.0,0.5,0.5935463243336803,0.20187632768894515,0.00148,0.010107,stage05_seed_stability_draft,Разрешен только аудит устойчивости к зернам случайности; строка не является самостоятельным итоговым выводом.
ST05_02_seed_stability_grid,miniboone_hgb_vs_logreg_average_precision_v01,nested_seed_stability_v01,nested_5x2_seed_grid_v01,openml_miniboone_41150,41150,MiniBooNE,signal,False,True,True,20260616,8,2,3,5,2,,,logistic_regression,control,not_applicable_control_model,,,,numeric_particleid_0_49_locked,50,ParticleID_0; ParticleID_1; ParticleID_2; ParticleID_3; ParticleID_4; ParticleID_5; ParticleID_6; ParticleID_7; ParticleID_8; ParticleID_9; ParticleID_10; ParticleID_11; ParticleID_12; ParticleID_13; ParticleID_14; ParticleID_15; ParticleID_16; ParticleID_17; ParticleID_18; ParticleID_19; ParticleID_20; ParticleID_21; ParticleID_22; ParticleID_23; ParticleID_24; ParticleID_25; ParticleID_26; ParticleID_27; ParticleID_28; ParticleID_29; ParticleID_30; ParticleID_31; ParticleID_32; ParticleID_33; ParticleID_34; ParticleID_35; ParticleID_36; ParticleID_37; ParticleID_38; ParticleID_39; ParticleID_40; ParticleID_41; ParticleID_42; ParticleID_43; ParticleID_44; ParticleID_45; ParticleID_46; ParticleID_47; ParticleID_48; ParticleID_49,104051,26013,0.28062200267176673,0.2806289163110752,0.9399988799816112,0.8717728981392094,0.8717728981392094,0.7808571638609131,0.8372614854957618,0.28182464686817416,0.08482660760598969,1.16835,0.029081,stage05_seed_stability_draft,Разрешен только аудит устойчивости к зернам случайности; строка не является самостоятельным итоговым выводом.
ST05_02_seed_stability_grid,miniboone_hgb_vs_logreg_average_precision_v01,nested_seed_stability_v01,nested_5x2_seed_grid_v01,openml_miniboone_41150,41150,MiniBooNE,signal,False,True,True,20260616,9,2,4,5,2,3,20260624,hist_gradient_boosting,tuned_candidate,hgb_b5168b128e78,"{""l2_regularization"": 0.0, ""learning_rate"": 0.1, ""max_iter"": 150, ""max_leaf_nodes"": 63}",0.9592127266095304,16,numeric_particleid_0_49_locked,50,ParticleID_0; ParticleID_1; ParticleID_2; ParticleID_3; ParticleID_4; ParticleID_5; ParticleID_6; ParticleID_7; ParticleID_8; ParticleID_9; ParticleID_10; ParticleID_11; ParticleID_12; ParticleID_13; ParticleID_14; ParticleID_15; ParticleID_16; ParticleID_17; ParticleID_18; ParticleID_19; ParticleID_20; ParticleID_21; ParticleID_22; ParticleID_23; ParticleID_24; ParticleID_25; ParticleID_26; ParticleID_27; ParticleID_28; ParticleID_29; ParticleID_30; ParticleID_31; ParticleID_32; ParticleID_33; ParticleID_34; ParticleID_35; ParticleID_36; ParticleID_37; ParticleID_38; ParticleID_39; ParticleID_40; ParticleID_41; ParticleID_42; ParticleID_43; ParticleID_44; ParticleID_45; ParticleID_46; ParticleID_47; ParticleID_48; ParticleID_49,104051,26013,0.28062200267176673,0.2806289163110752,0.9837792861017431,0.9541632026614909,0.9541632026614909,0.9010691568547842,0.934117495053252,0.1445014861751763,0.042356833551045525,54.967647,0.315577,stage05_seed_stability_draft,Разрешен только аудит устойчивости к зернам случайности; строка не является самостоятельным итоговым выводом.
ST05_02_seed_stability_grid,miniboone_hgb_vs_logreg_average_precision_v01,nested_seed_stability_v01,nested_5x2_seed_grid_v01,openml_miniboone_41150,41150,MiniBooNE,signal,False,True,True,20260616,9,2,4,5,2,,,dummy_prior,control,not_applicable_control_model,,,,numeric_particleid_0_49_locked,50,ParticleID_0; ParticleID_1; ParticleID_2; ParticleID_3; ParticleID_4; ParticleID_5; ParticleID_6; ParticleID_7; ParticleID_8; ParticleID_9; ParticleID_10; ParticleID_11; ParticleID_12; ParticleID_13; ParticleID_14; ParticleID_15; ParticleID_16; ParticleID_17; ParticleID_18; ParticleID_19; ParticleID_20; ParticleID_21; ParticleID_22; ParticleID_23; ParticleID_24; ParticleID_25; ParticleID_26; ParticleID_27; ParticleID_28; ParticleID_29; ParticleID_30; ParticleID_31; ParticleID_32; ParticleID_33; ParticleID_34; ParticleID_35; ParticleID_36; ParticleID_37; ParticleID_38; ParticleID_39; ParticleID_40; ParticleID_41; ParticleID_42; ParticleID_43; ParticleID_44; ParticleID_45; ParticleID_46; ParticleID_47; ParticleID_48; ParticleID_49,104051,26013,0.28062200267176673,0.2806289163110752,0.5,0.2806289163110752,0.2806289163110752,0.0,0.5,0.5935463243336803,0.20187632768894515,0.002535,0.01125,stage05_seed_stability_draft,Разрешен только аудит устойчивости к зернам случайности; строка не является самостоятельным итоговым выводом.
ST05_02_seed_stability_grid,miniboone_hgb_vs_logreg_average_precision_v01,nested_seed_stability_v01,nested_5x2_seed_grid_v01,openml_miniboone_41150,41150,MiniBooNE,signal,False,True,True,20260616,9,2,4,5,2,,,logistic_regression,control,not_applicable_control_model,,,,numeric_particleid_0_49_locked,50,ParticleID_0; ParticleID_1; ParticleID_2; ParticleID_3; ParticleID_4; ParticleID_5; ParticleID_6; ParticleID_7; ParticleID_8; ParticleID_9; ParticleID_10; ParticleID_11; ParticleID_12; ParticleID_13; ParticleID_14; ParticleID_15; ParticleID_16; ParticleID_17; ParticleID_18; ParticleID_19; ParticleID_20; ParticleID_21; ParticleID_22; ParticleID_23; ParticleID_24; ParticleID_25; ParticleID_26; ParticleID_27; ParticleID_28; ParticleID_29; ParticleID_30; ParticleID_31; ParticleID_32; ParticleID_33; ParticleID_34; ParticleID_35; ParticleID_36; ParticleID_37; ParticleID_38; ParticleID_39; ParticleID_40; ParticleID_41; ParticleID_42; ParticleID_43; ParticleID_44; ParticleID_45; ParticleID_46; ParticleID_47; ParticleID_48; ParticleID_49,104051,26013,0.28062200267176673,0.2806289163110752,0.9365435427279695,0.8590870545401033,0.8590870545401033,0.7744837758112094,0.8326976667747643,0.29280857825688156,0.08707467585819115,1.135946,0.028992,stage05_seed_stability_draft,Разрешен только аудит устойчивости к зернам случайности; строка не является самостоятельным итоговым выводом.
ST05_02_seed_stability_grid,miniboone_hgb_vs_logreg_average_precision_v01,nested_seed_stability_v01,nested_5x2_seed_grid_v01,openml_miniboone_41150,41150,MiniBooNE,signal,False,True,True,20260616,10,2,5,5,2,3,20260625,hist_gradient_boosting,tuned_candidate,hgb_b5168b128e78,"{""l2_regularization"": 0.0, ""learning_rate"": 0.1, ""max_iter"": 150, ""max_leaf_nodes"": 63}",0.9578130348056223,16,numeric_particleid_0_49_locked,50,ParticleID_0; ParticleID_1; ParticleID_2; ParticleID_3; ParticleID_4; ParticleID_5; ParticleID_6; ParticleID_7; ParticleID_8; ParticleID_9; ParticleID_10; ParticleID_11; ParticleID_12; ParticleID_13; ParticleID_14; ParticleID_15; ParticleID_16; ParticleID_17; ParticleID_18; ParticleID_19; ParticleID_20; ParticleID_21; ParticleID_22; ParticleID_23; ParticleID_24; ParticleID_25; ParticleID_26; ParticleID_27; ParticleID_28; ParticleID_29; ParticleID_30; ParticleID_31; ParticleID_32; ParticleID_33; ParticleID_34; ParticleID_35; ParticleID_36; ParticleID_37; ParticleID_38; ParticleID_39; ParticleID_40; ParticleID_41; ParticleID_42; ParticleID_43; ParticleID_44; ParticleID_45; ParticleID_46; ParticleID_47; ParticleID_48; ParticleID_49,104052,26012,0.2806289163110752,0.28060126095648164,0.9854614947264031,0.9611139648530418,0.9611139648530418,0.903247677808665,0.9352137819031436,0.13838638091255223,0.040999821091848916,56.694706,0.153808,stage05_seed_stability_draft,Разрешен только аудит устойчивости к зернам случайности; строка не является самостоятельным итоговым выводом.
ST05_02_seed_stability_grid,miniboone_hgb_vs_logreg_average_precision_v01,nested_seed_stability_v01,nested_5x2_seed_grid_v01,openml_miniboone_41150,41150,MiniBooNE,signal,False,True,True,20260616,10,2,5,5,2,,,dummy_prior,control,not_applicable_control_model,,,,numeric_particleid_0_49_locked,50,ParticleID_0; ParticleID_1; ParticleID_2; ParticleID_3; ParticleID_4; ParticleID_5; ParticleID_6; ParticleID_7; ParticleID_8; ParticleID_9; ParticleID_10; ParticleID_11; ParticleID_12; ParticleID_13; ParticleID_14; ParticleID_15; ParticleID_16; ParticleID_17; ParticleID_18; ParticleID_19; ParticleID_20; ParticleID_21; ParticleID_22; ParticleID_23; ParticleID_24; ParticleID_25; ParticleID_26; ParticleID_27; ParticleID_28; ParticleID_29; ParticleID_30; ParticleID_31; ParticleID_32; ParticleID_33; ParticleID_34; ParticleID_35; ParticleID_36; ParticleID_37; ParticleID_38; ParticleID_39; ParticleID_40; ParticleID_41; ParticleID_42; ParticleID_43; ParticleID_44; ParticleID_45; ParticleID_46; ParticleID_47; ParticleID_48; ParticleID_49,104052,26012,0.2806289163110752,0.28060126095648164,0.5,0.28060126095648164,0.28060126095648164,0.0,0.5,0.5935202910098233,0.2018641940709328,0.00256,0.01302,stage05_seed_stability_draft,Разрешен только аудит устойчивости к зернам случайности; строка не является самостоятельным итоговым выводом.
ST05_02_seed_stability_grid,miniboone_hgb_vs_logreg_average_precision_v01,nested_seed_stability_v01,nested_5x2_seed_grid_v01,openml_miniboone_41150,41150,MiniBooNE,signal,False,True,True,20260616,10,2,5,5,2,,,logistic_regression,control,not_applicable_control_model,,,,numeric_particleid_0_49_locked,50,ParticleID_0; ParticleID_1; ParticleID_2; ParticleID_3; ParticleID_4; ParticleID_5; ParticleID_6; ParticleID_7; ParticleID_8; ParticleID_9; ParticleID_10; ParticleID_11; ParticleID_12; ParticleID_13; ParticleID_14; ParticleID_15; ParticleID_16; ParticleID_17; ParticleID_18; ParticleID_19; ParticleID_20; ParticleID_21; ParticleID_22; ParticleID_23; ParticleID_24; ParticleID_25; ParticleID_26; ParticleID_27; ParticleID_28; ParticleID_29; ParticleID_30; ParticleID_31; ParticleID_32; ParticleID_33; ParticleID_34; ParticleID_35; ParticleID_36; ParticleID_37; ParticleID_38; ParticleID_39; ParticleID_40; ParticleID_41; ParticleID_42; ParticleID_43; ParticleID_44; ParticleID_45; ParticleID_46; ParticleID_47; ParticleID_48; ParticleID_49,104052,26012,0.2806289163110752,0.28060126095648164,0.9410512572548789,0.8708968474294491,0.8708968474294491,0.778821267470236,0.8351371687387393,0.2816371101434936,0.08457395665729808,1.599246,0.041832,stage05_seed_stability_draft,Разрешен только аудит устойчивости к зернам случайности; строка не является самостоятельным итоговым выводом.
